"two penguins, each sitting on rocks, are on display"
two penguins walking up to a couple on a sunny day
"penguins, who are all grouped on the shore line, are looking for food"
a close up of a penguin with a backpack on its back
a penguins face with his eyes closed in the snow
two penguins are walking in the rocks
a close up image of a small stuffed penguin on the seat
penguins and penguins are sitting next to each other
a couple of birds standing next to each other
two penguins standing next to each other on the ground
the penguins are standing on the beach looking at some birds
the face of a brown bear sitting outside
there is a close up view of an upside down penguin
two penguins on gravel near each other
two penguins look out the opposite direction
several large penguins and penguins facing one another in an aquarium
two penguins on the beach with their beaks open
many penguins have yellow heads and one large group
three penguins of various sizes standing together on the water
man in red and black penguin suit amongst the rows
two penguins touching noses near each other
five penguins with black and white faces are standing by a body of water
two penguins are on the pebbled beach near water
a penguin holding its head out and pressing its neck as it lays on some fur
three penguins look on as one penguin stands up
penguins with yellow and black accents are shown in different poses
penguins standing around by a rock formation
this is a trio of penguins with one black penguin in front of it
the penguin is standing on the ground with another
the penguin is standing on the snow while looking up
three penguins standing together and one penguin is on his left side
some very cute penguins in front of some adorable seals
a trio of penguins on the beach near water
penguin with black eyes and yellow beak sitting in the snow
a flock of large penguins standing in the middle of the ocean
two penguins touching with each other with their necks open
an image of a small penguin that is standing up
two penguins are seen in the shadows of their shadow
two penguins standing next to each other in the grass
the penguin is standing near the white surface with bright yellows on it
there is no image here to provide a caption for
a large penguin stands on the shore of the ocean and looks at another bird
a very close up photo of a penguin looking at something
two penguin standing next to each other by a wooden fence
a close - up of the head and shoulder of the penguin
a large group of penguins in a field
an image of a penguin that is on its head
"an elephant stuffed animal with yellow, black and white eyes"
this is three penguins on the ground near some water
a large penguin stands behind a group of soldiers
the back of a penguin with an orange beak
several penguins standing on some ice and one penguin has its eyes open and there is a bright light shining
a group of penguins with some yellow and white feathers
a river filled with lots of brown animals standing in the grass
two birds standing on top of rocks near the ocean
a large group of penguins on the beach
several penguins sitting on a glacier in a cave
an emperor penguin watching three sheep in a field
a penguin stands next to a little boy as other children watch
many penguins standing together by a bench and fence
three stuffed birds stand next to each other
a penguin standing next to the water
four views of penguin characters standing side by side
a penguin with one eye on the other and its head under the edge of the body
black and white penguins standing next to each other
the head of a penguin with a long yellow beak
an artistic bird - shaped object on top of a pole
an area of green in front of the mountain that has snow
group of penguins looking for food at the beach
the penguins are sleeping in their feathers that they are holding
a penguin with a black and yellow hat
several birds stand inside their caged and surrounded by bars
this is an image of two penguins in the same color
large group of penguins are in the snow
birds standing up against a window ledge with the sun behind them
this is some penguins that have been swimming in the water
a group of large and small penguins with a lady sitting on them
"three penguins walk on the beach, close to one another"
a penguin is walking along the water of a pond
a penguin standing on top of a beach next to a body of water
a penguin with its arms spread and several penguins walking toward it
the penguin display at the zoo is being fed
"a bird with several black and white body feathers, one pink eye in the middle"
closeup photograph of yellow and black feathers and the back end of a gray bird with the bottom section of it down
a yellow and white bird looking up at the water
a sheep eating grass as penguins stand in the background
a penguin with some fur on his head
"two penguins, standing next to each other on dirt area with stone walls in background"
a large group of penguins at the edge of water
three penguins shaking hands on the beach
pair of penguins touching each other on snowy beach
a large group of penguins standing in front of some mountains
a group of penguins standing around in the snow
a large penguin bunch is walking in a field
two penguins looking out at the sea with penguins walking
a large penguin with a big penguin head
several penguins that have yellow and black feathers
a group of penguins standing on the shore
these penguin family are standing around and watching another animal climb the rocks
penguins are looking up at something near a camera
the image shows two penguins with orange beaks
penguin with spread wings outside in the snow
a yellow eyed penguin with his nose open looking away
a large animal is under a blue pool
two black and yellow penguins with white background
two penguins on display in a large penguin exhibit
"the neck and back of a yellow, black, and orange bird"
there is a small penguin that has been trapped
a penguin standing on top of the beach
there are many different types of animals standing on the beach
a group of penguins standing next to each other
two penguins in love on a rock
large group of gray seals on beach near seagulls
many penguins sitting in a row lined up
two small birds are standing near a body of water
the bird has big orange beaks on it
this is an illustration of a duck that is sitting on the ground
a stuffed penguin has a plastic toy in its beak
a penguin walking on snow with it's feet crossed
a small black penguin with an orange beak
people standing next to some penguins on a snowy day
the penguin is standing in a field by itself
two black and yellow penguin facing each other
four penguins stand near each other on the beach
two penguins with one jumping up from the snow
two penguins stand on white rock against a blue background
a penguin stands up while holding a fish in its trunk
the two penguins are together on the beach
some bird are drinking water from a container
a group of penguins that are standing on a rock
a group of penguins and seagulls on the beach
"a close up view of a king penguin, with his face turned towards the camera"
two black birds with orange beaks walking out of the water
a couple of penguins that are walking in the snow
three penguins with one penguin sitting down next to it
a penguin looking very pensive while standing in a cloudless sea
a penguin standing on the rocks beside some water
several birds and some water in the background
the penguin looks like its getting ready to poise
a line of penguins walking along the edge of the water
a group of penguins on display with the water in front
many small black and white penguins near some sheep
two penguins standing together next to each other
a small penguin with a yellow beak is standing on the beach
two penguins floating down a river with their necks wrapped around each other
a couple of fur coats sitting on top of a metal bench
the head and neck of a penguin looking down at another penguin on the field with other people in the background
two penguins are standing near each other outside
a close - up of a yellow and black penguin with an open beak
a large group of penguins are seen by the ocean
a flock of penguins gathered and staring at each other
large group of penguins swim in pool with rocks and water
a large flock of penguins with one of them walking in the middle
several large penguins stand next to each other
several penguins wading through the water together
there are several black and white penguins together
a line of penguins that are walking together
there are penguins standing close together in the zoo
the yellow stripes on the fur are really visible
a penguin statue in front of a building
several penguins standing beside one another
three penguins are walking in front of the waves
a row of penguins walk down the street
a large penguin sitting on top of a rock in the sand
there are a group of penguins walking together
different types of penguins in a grassy field
a penguin with a long beak looking toward its left
a group of penguins are sitting and standing together
the penguins eye is reflected in the image of the penguin
many penguins have large necks on them by a pond
a grey and yellow penguin on sand with head turned
group of gray and yellow penguins standing in grassy area
a large group of penguins on the side of a road
three penguins are standing in the grass with their wings extended
three penguins on the beach are having a conversation
an animal standing on top of a rock covered field
two penguins are on display at the zoo
a group of people and penguins walking around
penguins standing in the snow looking to the left
several large black and white penguins surrounded by darkness
several penguins are walking next to each other
penguins that are being observed by one another
a penguin is holding on to another bird
a penguin with a yellow - patched beak and blue - breast
"a penguin with a long black nose, yellow and white feathers"
a group of penguins standing in line at beach
a large black and white bird walking through a field
two penguins standing next to each other on the ground
a group of penguins walking next to each other
there are many penguins with black and yellow feathers in the pack
two penguins are facing the same direction next to each other
two penguins are standing next to each other
a penguin with it's wings wide open while wading in the water
two grey and white penguins facing each other on the beach
a black and white penguin with one yellow thing on its head
"yellow - gray and black, penguin, close - up view"
a couple of penguins on a platform
a group of penguins stand on some rocks
there are penguins standing in front of each other
a single penguin with a bird watching on the beach
"a large, yellow - legged penguin standing next to a puddle"
two different birds in the same image and one looking out from behind
"a large bird standing on the ground, with it's head turned toward its"
a group of penguins and one penguin sitting in snow
a penguin that is touching its head next to a large penguin
a group of penguins are standing in the snow
the back side of two small penguins facing each other
an penguin with its back facing another in the water
a penguin is standing in the sand near an open space
some very pretty penguins by each other in a zoo
a group of penguins moving towards a stone structure
an animal with two black and yellow areas is standing
the black cat is walking away from the bed
two penguins share an embrace in the background
a penguin standing on it's back legs with its eyes open
a young man showing the v sign with penguins in the background
large penguins stand in a line on the beach
a man taking a picture of a two penguins
a penguin standing in the water watching something
"four penguins, one yellow and one black with large feet"
an image of a penguin closeup with another photo of the front feathers
a stuffed penguin with two babies
a bird with a yellow center on its neck
three penguins are standing outside on ice
large bird has its beak extended in front of it
penguins are in a very large penguin museum
a close - up view of a penguin that is on the snow and rocks
a penguin with one eye open and one ear still on its back
the penguin is looking upward at the bird
a tall penguin is looking toward its left
there is a very tall penguin looking toward the camera
the penguin is walking around in the open area
two penguins with their backs turned facing each other
a penguin with a snowing helmet on its head
thousands of penguins walking down a field toward the ocean
three penguins are walking in the snow and water
a large penguin is splashing water with its head sticking out
"penguins are standing on the ground, one is looking at the camera"
three different colored penguins are touching their foreheads
there are three little penguins with yellow beaks
many penguins with big black ears together
a statue of a penguin stands on the concrete
a bird with black beak and white wings on water
a very pretty bird with a big long beak
a couple of penguins with one penguin in front of them
a penguin is putting its beak down on the back
many different penguins have made faces
four penguins side by side on the beach
two black and white penguins making a face
an penguin coming out of the ocean holding another penguin
a bunch of penguins outside near a house
this bird has its head on top of a penguin
three penguins are standing on grass and the people are walking down in a line
a penguin with a sword in the middle of its neck
a large group of penguins sitting on the ground
a group of penguins with a seal on the coast
"yellow and black birds with orange beaks, head to tail"
three penguins standing side by side near a lake
a group of penguins standing in front of mountains
a bunch of penguins that are standing in the water
a stuffed penguin with something hanging from it's arm
a picture of a penguin walking around
an image of a huge group of penguins
yellow black and white penguins lined up together
a penguin near a group of sea lions
a huge group of penguins all standing together
two penguins holding hands as if to form a heart
"some yellow and black skis, with two snowboards in the back"
three penguins standing together one has its beak open
a group of penguins on the beach one walking and several looking up
penguins standing near a group of birds on some rocks
a couple of penguins standing next to each other
a flock of penguins walking across rocks near a cliff
a bird with yellow and black wings on its head sitting on a rock
some penguins are on the pavement near other animals
an adelinding penguin sits on rocks looking out into the distance
several penguins are in the sand near one another
several penguins playing on the grass in the daytime
many penguins all stand in an area of grass
a penguin has it's head up next to its beak
a couple of penguins that are standing together
woman holding up the camera and standing beside group of penguins
the back end of an airplane with a gray bird shaped piece of fur
this is a close shot of a penguin
two penguins with one of them in the air
the penguins are looking at a tree on the ground
a number of penguins walking on a field
a close up of a large bird flying with it's wings spread
"three black and yellow penguins stand together in front of a large, detailed tree stump"
two penguins standing near each other in the grass
three penguins looking at each other in front of grass
an odd looking bird with grey and yellow on its head
two yellow and black penguins with their faces open
this is a penguin with its eyes closed
a group of penguins are near one another
penguins standing on the snow near a rock
a yellow and black penguin is shown next to a palm tree
"three penguins stand near each other on the ground, one is facing the same direction"
the small penguin is wearing black with yellow eyes
penguins walking together along side of the ocean
stuffed penguin with blue scarf sitting in corner
a penguin is standing close to a river and looking at a crowd of penguins
penguins with their heads pressed to each other by a line of penguins
a penguin with blue and yellow wings stands in water
some penguins standing side by side on the ground
a large group of small birds in the snow
an elephant bending down and touching its trunk in front of an elephant
a group of penguins are all lined up
a group of little children on a penguin ride ride
a pair of shoes that are on top of one another
a group of penguins is standing near each other
a penguin is walking next to an elephant at a zoo
the penguin is standing in front of the snow capped building
many penguins standing in the sand by some water
several large black and white penguins stand on grass
a large penguin sitting in the middle of a walkway
a penguin standing on top of a rock next to the ocean
"the side view of a bird, that has orange and black wings"
an adorable black - and - white penguin is posing for a camera
a large penguin with a yellow back and black wings
two large penguins standing close to each other
small bird on grassy ground staring at camera
two penguins with bright beaks looking like they're in a movie
a penguin stands on the ground in an enclosure
several penguins with a large mouth and a long beak
two penguins are seen side by side in the snow
a penguin in its enclosure at the zoo
an animal that is standing up near some dinosaurs
a penguin and a brown bear on the ground
this penguin is looking very grumpy to the left
a penguin walking through the mud with it's wings touching
"an penguin swimming underwater, holding a ball in its mouth"
a group of penguins standing together on the beach
a penguin in the snow near the ocean
a small penguin that is standing on some rocks
a group of penguin standing on top of grass
the back side of a bird with it's head resting on its beak
a close up of a penguin with a black and yellow pattern
"a penguin with it beak open, yawning and holding it's head in the other side of its mouth"
several penguins are lined up near one another
close up of an adult penguin on white fabric background
a little penguin walking across a sandy beach
a close up of a penguin with a yellow spot
penguins are standing in the snow with birds standing on their feet
a large bunch of penguins standing in an area together
this is an image of a penguin with his back turned
several penguins standing in the snow under a roof
several yellow - brown and gray penguin chicks standing on rocks
a large bird sculpture on some grass field
two jet skiers in the blue ocean diving
the penguins are walking around on the ground
the back end of a bird standing in wet ground
the back end of a penguin and its beak
a group of penguines standing in front of a rock wall
a pair of elephants swim in their habitat
penguins standing in a line in front of the sky
this is a statue of a bird
a penguin standing behind another penguin sitting on the ground
a penguin with a long yellow beak stands on rocks
some very cute penguins looking around together
two penguins are walking along side each other
two penguins are with heads made entirely look like they are pointing back at one another
penguins have fur lined up around their necks
several penguins with black and white body suits stand near the ocean
a picture of penguins that are in a group
the two penguins are standing near each other
the penguin is playing with the ball while the birds peck it
two penguins on ice with their feet hanging down
a group of penguins on a rocks shore with another penguin
three penguins are shown with painted wings
penguin's standing in a line on the sand
a penguin stands and stares towards the camera
a close up picture of the back of a penguin
a penguin with orange eyes looks in front
the head and chest of a yellow headed penguin
a penguin with outstretched wings is in water
a brown polar bear is looking into his rear eye
four penguins stand together and look at the beach
a penguin with very long neck swimming under water
a bunch of penguins walking along in different directions
three penguins stand beside each other in the grass
three penguins standing near each other on the gravel
"two penguins looking at each other, talking"
a small yellow and black bird in a big room
three penguins stand next to each other facing opposite directions
some birds stand on a small rocky ground
four penguins standing in the middle of a body of water
penguins walking side by side in an enclosure
several penguins standing next to each other on the ground
a penguin stands on an ice block holding its wings close up
two penguins face each other to form an interesting gesture
a penguin is standing outside in the day
many penguins standing together in the snow
"two penguins, one with a black head and white body, are standing in the snow and another penguin has its wing extended"
two penguins standing next to each other in the snow
two penguins that are standing side by side
a black and white penguin standing on rocks with it's beak open
two penguins are close together and one is feeding
a penguin sleeping in the snow on top of snow
the bird is on top of a mirror outside
a penguin with a colorful beak on water
three penguins are in the middle of a group of penguins
the penguin is sitting on the surface of the desk
children looking at penguins while wearing skis
some penguins with different colored spots in their eyes
three penguins standing on top of a cave next to a cave
a penguin with its legs up is swimming in a body of water
two penguins are looking down at something in the sky
the bird's beak is yellow and gray with a stripe of pink
an image of a penguin with yellow eyes
penguin walking in a row with others behind
a duck that is sticking its tongue in the sky
the black and white penguin is perched at the water's edge
a yellow bird is sitting on the ground
this penguin is looking very confused and confused
four penguins are on one side of the lake with one penguin in its center
an penguins eye with his legs and his head turned
this is an image of a penguin staring into the distance
the penguin is standing up close to its surroundings
"the marching suits, uniforms, and penguins are all in their own positions"
a group of penguins huddled on some water
a penguin stands in front of a wave
a penguin standing on a pile of dry tires
there are two penguins walking together on the beach
there are two birds that are walking on the beach
"a painting of a person holding a bird, that appears to be floating in water"
three penguins standing next to each other with feathers in their eyes
a close - up view of a penguin of some sort
this drawing is a colored picture of several birds and two penguins in different directions
several king penguins gathered together in a large area
a penguin with wings folded out on the beach
a closeup shot of an exotic bird's beak
four penguins with yellow beaks standing together in a line
two penguins looking out from behind a window
a penguin walking on a beach next to the ocean
an action man is standing with his stuffed penguin
four penguins standing on the ground with their heads in their tails
an image of a penguin walking on ice
a black and white photo of a penguin with a yellow breast
three penguins playing in an outdoor pen
a bunch of birds are gathered on the beach
three penguins are facing each other in close ups
penguins in the snow near an evergreen
small yellow and black toy duck is lying on its back
a black penguin with yellow and black accents on its head
a penguin stands in some water and is holding onto the wing
a penguin with its chin resting on top of another penguins back
a close - up of a penguin's head with some hair on it
penguins walk in line on the snow holding each other's hands
six penguins standing next to each other in water
an unusual looking penguin is standing outside of a store
a penguin stands next to another penguins in an enclosed space
a fish in the middle of a big body of water
a black and orange bird with lots of color
some penguins with black and white heads with one is yellow
a flock of penguins that are standing on some grass
the head and neck of a penguin with water in the background
several penguins dressed in different colors standing together
a penguin with yellow trim and black beak
there are many different penguins gathered in a pond
the pair of penguins stand by the seal on the beach
a king penguin in the midst of a wave crashing over its head
a penguin sitting on top of an ice covered ground
a large group of penguins with their chicks
a bird looking over its side standing on a sandy beach
the penguin has its head slightly up to see it
"many penguins all in various positions and colors, walking around"
a large white bird with a yellow patch on its back
two penguins that are walking together on the pavement
penguins stand on the rocks at a zoo
a long legged bird sitting on a rock
several penguins walking near small rocks with one on it
a small penguin is shown with a yellow beak
a penguin standing in the sand with plant life
a sculpture of a penguin with one foot in the air
a couple of penguins are in the snow
an image of penguins that are playing in the snow
a white and yellow bird with an orange beak
a couple of penguins are getting to touch each other
two penguins are facing each other
a penguin is standing outside and wearing a hat
a group of penguins standing next to each other
some penguins that are next to a penguin in the water
some colorful penguins walking along a road near another one
the penguin is looking intently at the photographer
a penguin feeding three chicks on top of one another
a couple of penguins in the middle of a face
a small black and white penguin in its zoo habitat
a penguin standing on top of snow with an orange beak
a man riding a wave on top of a surfboard
an image of penguins on the bow of a boat
an adult penguin standing in the water with a yellow tipped beak
some penguins standing on top of rocks and looking at something
a penguin standing in shallow water looking off to the side
two large birds are touching their necks on top of a hill
a cute bird sitting in the grass with pine cones
there is a cross stitch pattern of three small penguins
penguins of different colors and sizes are standing together
the yellow - headed penguin stands and looks away from the camera
an animal with a yellow head and black ears
a penguin standing up on a black ground
the penguin has an unusual crown on his head
a penguins head is visible as it swims through the water
a penguin with an uniform on walking on concrete
a penguin looking up into the sky with its beak open
"penguin with yellow - tipped hair standing on ice, with a rock"
the penguins are standing next to each other
a bird that is floating in the water
three penguins in an array on the ground
five little penguins stand in the same row
a small group of brown and white penguins standing next to each other
a penguins head next to its habitat at the zoo
two penguins walking towards each other with yellow and black heads
three penguins all walking in the same direction
a penguin standing with its front legs on the ground
a group of penguins with very different colors are walking down the street
a pair of penguins are on the shore next to an ocean seal
a large penguin with yellow tipped beak standing in a group of penguins
a picture of an animal that is for display
two penguins that are walking through the cement
a penguin with a multicolored neck is standing in front of snow
a close up shot of a penguin wearing a collar
an animated penguin is holding onto a stick
a group of penguins is standing together
several penguins standing in water near one another
several penguins are standing on pebbled concrete
a group of penguins climbing into the water
two penguins are standing next to each other
there are penguins and other animals standing in a stone zoo
there is a penguin on the edge of it's head
two black and white penguins sitting in the sand
the penguin is smiling on the beach
a bunch of different types of penguins with their heads turned
a large group of penguins walking across the water
a yellow and black penguin looking off into the distance
a close up of a penguin near the water
a group of penguins walk on the sand near the water
many penguins walk around with one on the ground
a pair of birds standing on the shore next to each other
an image of a penguin making funny faces
several penguins are facing opposite directions in a large group
two penguins standing on the edge of a river
two penguins are touching beaks together on some gravel
two penguins walking along shore near a green hill
a penguin standing in front of a small stream
a penguin with an orange and white top
two penguins standing next to each other with a sky background
there is a bird that is sitting on the floor
a penguin with black feet standing on snow covered ground
penguins and penguins in large numbers sitting side by side
group of adelision penguins standing close together
many different types of birds and penguins on the ground
penguins on the beach standing in the snow
an penguin with a yellow tipped crown walking on pavement
a close up of a penguin head with another bird
two penguin sculptures sit side by side on the grass
a group of penguins standing in an enclosure
this is a sculpture of a black and white penguin with its beak open
a group of penguins that are sitting on a beach
group of penguins walking on beach next to shore
"the penguin has an awkward, pointed beak and is standing up"
close - up of a bicycle seat with yellow and black
a large white and black bird has long brown eyes
there are two dogs sitting in the grass
the penguins are all lined up together to be in a penguin group
some penguins are standing in a group together
"the four penguins have yellow, black and white faces"
there are a bunch of penguins standing together
there are many birds walking in the mud
a penguin with orange eyes looks on
three penguins in a group with one looking towards the camera
the small penguin has orange on it's lips
there is a lot of penguins on the street
an animal is standing on a sidewalk while dressed in military clothes
the penguin is standing alone in the snow
this is a bird with an orange on the back of its head
a bunch of penguins that are in a pool
a penguin on some sort of platform with another penguin standing to its side
a tiny penguin on the rocks is dressed up in a hat
a group of penguins standing in the middle of a field
three black and white penguins standing in the snow
this bird stands with its front feet down
three black and white penguins looking at sign that says please don't touch or drink the pen
two birds are standing in the middle of snow
a penguin with black and yellow on the wings is walking in a courtyard
three penguins with black and yellow on their heads
there are several penguins walking side by side
an ornate looking bird with a long bill
a penguin is standing next to a mirror in a small zoo enclosure
an adorable penguins face with its tongue out
a penguin sitting on the top of a lake filled with water
a large group of penguins standing in front of a small cave
three little penguins are lined up in various poses
penguins walking and sitting near each other in a field
the large penguin is splashing in the water
a penguin is standing next to the large bird
the group of penguins are grouped together on the beach
two penguins standing with one polar bear and other penguins
the penguins are looking in different directions to one another
some big black and yellow penguins together on the ground
a small penguin is standing by the wall
two large penguin and one tiny penguin stand side by side
four penguins are standing next to each other
two yellow dots on the tops of penguins'head
a penguin is walking around in some water
there is a penguin standing beside the little penguin
a woman touches a penguin in a penguins hand
there is a penguin that is standing in the water and looking to his side
three penguins looking at the ground and one penguin with it's head and legs in different directions of its movements
a small group of penguins stand in the grass
the penguins are standing next to each other in front of one another
a group of penguins with some looking out over the water
many penguins stand together on the grass in the snow
a group of penguins in the water at a zoo
many penguins all huddled together and facing different directions
a close up of a penguin on the snow
two penguins that are standing side by side
the penguin is sticking its tongue into a fence
a small penguin standing and looking in to the sky
a penguin that is standing between several penguins
a black and white bird with mohawks on it's head
a pair of black and yellow penguins stand next to each other
two penguins are standing on the beach while they stare at the ocean
a penguin has an antenna to help his ear stretch
a close up view of an adult yellow - grey penguin
the side view of a very colorful blanket
a group of penguins that are standing by the water
the image is displayed of many penguins together
a penguin with black wings and a yellow forehead
a black and white bird is looking into the sky
a penguin in the snow surrounded by several penguins
a plastic penguin is standing next to a fake penguin
a brown bird standing on its hind legs
several penguins sitting together in a bunch
two penguins are holding hands and a woman walking
an animal with an orange head and a tail
the bird is standing on his hind legs
several penguins stand around on the sand
the penguin stands next to it's head with its wings outstretched
an image of a penguin looking back at itself
an image of two penguins near each other
a very large group of penguins standing close to each other
a penguin has it's beak folded out so that the eye can see through the
a penguin with yellow and white head markings standing on grass
the profile view of a penguin with an orange beak
two penguins are standing beside each other on the beach
a penguin with it's head on the top of the penguin
a tufted penguin with yellow and black feathers
a yellow and black penguin has its head turned sideways
some yellow and white penguins on grass and one has his eyes closed
penguins stand and interact with each other in the snow
there is a penguin standing on a beach
a group of birds with yellow eyes amongst the other ones
a penguin on the back of its owner at the zoo
a small bird with yellow and black feathers stands in the snow
a colorful bird that looks like a person
a man standing near a bunch of penguins and a dog
a couple of penguins standing together on the ground
two penguins standing beside one another looking at the other
a penguin is staring at something near it
two penguins standing next to each other under a cloudy sky
two penguins standing side by side in water
three penguins stand in the middle of the water
a large brown bird sitting on the rocks
the penguin is holding onto a bottle lid
some little penguins sitting on some rocks and water
"penguins standing next to each other, with water behind them"
a penguin is shown with its face slightly closed and head up
penguins walking up and down the sides of their enclosures
this is a image of a penguin standing on the snow
this is a photo of a penguin in front of a penguin - like area
some black and white penguins with yellow beaks
two penguins standing by one another in the grass with mountains in the background
a lone penguin on a field covered in snow
a penguin looking at the ground while standing on ice
lots of little penguins standing next to each other in the beach
a photo of the back end of two penguins
two birds dive into the water in the middle of an ocean
two penguins sit in the middle of a row
a penguin with it's eyes closed and yellow on its breast
a pair of penguins cuddle at the waters edge
several penguins of different sizes are standing near each other
a penguin standing in the snow near a beach
two penguins are swimming on sand and one is standing
a bunch of penguins that are together standing in the sand
two penguins on the road stand side by side
"a close up view of an adorable penguin,"
penguins are huddled together and standing in a row
a group of penguins stands in the snow
"a bird with a black, yellow and white head, with a gray and orange beak"
the back end of a surfboard with an attached tie
birds standing around each other on the ground
three penguin's looking out to the ocean
an image of a small bird with some sort of beak
several birds are bathing and splashing in the water
several penguins are seen walking together in the street
the penguin is about to touch up with its beak
a penguin has his eye open and is pointing
the long beaked bird is swimming close to itself
close up of a yellow gray and black bird with its head turned
a black penguin standing on top of a beach
a flock of penguins walk across the water
a closeup of the trunk of a penguin
a large bird laying on the beach looking around
a penguin with yellow and black feathers
a penguin has a hat on its head
two penguins are standing close to each other
"two different sized, colorful birds standing in grass by water"
the penguin is looking up to see the other birds in the crowd
a large penguin is standing among other penguins in the ocean
the shoe has been shaped like a penguin
many birds are standing in line on the snow
a group of penguins are on a sandy beach
an image of penguin penguins in penguins costume
an image of a duck that is staring at something
the bottom of the black socks has yellow markings on it
there are many different black birds on the beach
the penguins stand up and touch each other
a close up view of a penguin through some ice sheet
a bird has yellow beak and white head
a penguin with its tongue on another one's head
two little penguins with their heads in the air
"an animated penguin in the snow with a yellow head, ears, and orange eyes"
a penguin with its head stuck inside it s back
penguins and others are standing together on the sand
an image of a penguin in the grass
several penguins in the middle of a crowd near one another
three large penguins in grassy area near mountain area
a group of birds stand together in the ocean
a group of penguins walking together across the desert
a penguin that has been sitting down on the ground
a group of penguins are standing together on the snow
two penguins are standing side by side on gravel
a person in a blue and brown jacket walking down the snow
a penguin in the snow by the rocks
a bird that is looking out at something
a closeup of a penguin with an orange point on its head
a black bird with orange eyes stands with a snow background
a large group of penguins with yellow eyes
three penguins walking along a path near a flower covered area
people are standing near the water by two penguins
a bunch of birds that are walking around
an exhibit with two penguins and another penguin
"the three penguins have blue tails, one of them has a blue color"
penguins are lined up in a row on the ground
a bird with a white head and tail sitting in front of a silver frame
several penguins are walking on a walkway
"three penguins facing each other, with one watching"
this penguin is standing with his head in the air
a picture of two penguins that are standing next to each other
the bird is walking along the road with its beak in the water
a penguin with its tongue out that is standing
a group of three penguins walking on the beach
some animals standing in a line in an open field
penguins standing near a swimming pool with others watching
a penguin and two penguins lay on a rocky beach
many penguins standing together in the middle of a beach
there are penguins on the walkway in an aquarium
two penguins with one sitting on a rock face the other away from a group of people
a large bird statue sits outside near grass
a large crowd of penguins stand around and look at something
two penguins in a penguin enclosure with penguins standing behind them
penguin walking around the rocks on the beach
the penguin looks on while the penguins stand behind it
a penguin and three penguins are against a photo of them
three black and yellow penguins walking along the water
two penguins sitting on rocks in front of a mountain
a penguin sitting on the ground in a puddle
an odd looking bird with a large black nose and orange tail
several penguins with yellow on their eyes walk among other penguins
a man with two penguins riding on it's skateboard
several penguins looking at each other by their heads
a penguin with a black face and a yellow chest
a picture of a very pretty bird with it's mouth out
"the head and body of a ducky, young duck with fur on its stomach"
a close up of a penguin face with it's eyes open
two penguins with their beaks touching each other
two black and yellow birds with spoons in their mouths
some very cute penguins and one is holding its hands
"a black, yellow and white bird sitting down"
three penguins that are in the snow together
a group of emperor penguins standing in the snow
two penguins on a rock ledge with one staring at another
a large group of penguins are looking up at the sky
a row of penguins with a dog in the background
a bird with two orange and yellow beaks perched on its head
a penguin is with its head above its eyes and a yellow beak
several penguins stand in the snow near rocks
"a large penguin walking along the beach, with people on horseback behind it"
the penguin is walking on sand outside
several penguins standing around on cobblestone surface
two penguins on one foot in the water beside other birds and dead animals
this group of birds looks like they could be quite busy on the other side
an image of a penguin display at a zoo
a bird is walking outside with a fish in its beak
the head of a penguin has black and yellow feathers
a large black yellow and white penguin and its head and neck
large penguins in sand with babies sitting on ground
a penguin stretching its wings around a body of water
two penguins with spikes on their heads and head against a rocky wall
a beautiful painted penguin with its tongue sticking out
penguins putting their heads up on each other
two penguins are standing close to each other with their beak open
two penguins are touching in front of each other
a couple of birds swimming across a body of water
a flock of penguins walking towards the sea shore
some guys in uniform playing bagpipes while a penguin walks by
a group of penguins are walking in the snow
a penguin swimming through the water with its wings spread
a number of penguins standing by one another
penguin standing in white sand with a grey ocean background
two birds standing on snow in front of a fence
this penguin stands on rocks overlooking the water
three birds that are standing next to each other
the penguins are standing around looking in a mirror
penguins standing next to each other and carrying a large piece of string
four penguins are standing in a group
people are walking away from the mountains holding surfboards
four penguins standing next to each other on a ground
brown furry animal standing near the water in the winter
an ugly bird laying on the ground
small penguins in a room with green and purple walls
a close up of two penguins with a penguin holding on
"a display of penguins in an enclosure, including two adult and one baby"
a stuffed penguin laying on the ground in the water
three seagulls in the ocean at sunset
a large group of birds stand together
a penguin standing next to a wall
a bunch of penguins jumping in the air
an image of a penguin at the water
a penguin and another bird together in the field
a flock of penguins gathered on a beach
birds walking around on the ground of a bird park
several penguins in three different ways standing near one another
two penguin standing side by side on the beach
people are walking toward a penguin that is on the ground
an image of penguins on exhibit in the zoo
a bunch of penguins that are walking along with each other
many penguins on sandy area with many looking up
four penguins that are on the shore of a pond
two black and white penguins walking across a field
a person poses next to penguins at the zoo
a penguin is walking along the waters edge to get food
"this is a close up view of a yellow, black, and white bird"
the penguins are dressed in black and yellow
the large bird is on the beach with it's tail curled back
a bird sitting on top of an object in a field
two penguins are walking in the snow facing each other
a big gray and yellow penguin stands by some rocks
two penguins standing next to each other
penguin walking on the rocky beach between rocks
an penguin is sleeping next to itself on some rocks
a display filled with lots of birds standing together
the penguins are on the beach in front of their own home
a dog that is wearing a costume and holding a frisbee
a very cute penguin wearing a santa hat
a close up photo of the inside of an elephant
this is an image of a wet bird on the beach
the taxidermy is painted as a colorful penguin
the penguins are looking toward something
a close up image of a penguin with an orange beak
a brown bear standing with his paws on the top of it's head
several king penguins walk side by side
an ice bird hides its eyes from the sun
a large group of penguins with a person in them
two penguins on sea ice in penguin display
a group of penguins standing next to each other at a zoo
the penguin is sticking its beak out to the side
a lot of birds are standing by the water
two small penguins have the same head with their necks extended to one another
a person is swimming inside a pool
several large penguins walk across a sandy ground
"a group of penguins walking on grass with the words, don't mess together"
there is a close up picture of a penguin
penguins stand on the stone and rocks that surround the water
a brown and white penguin on a gravel beach
penguins are sitting near an artificial rock wall
penguins are dressed up in suits and ties
two penguins standing with one one on the other and the other facing the camera
a penguin walks through the water near rocks
there are two birds on the rocks one looks into another
a penguin sitting on top of another bird
the penguin is sitting down and has yellow and black feathers
a bunch of penguins walking along the shore
a penguin with its wings open and is stretching on the ground
an antelope sits at the water's edge and looks down as its beak is lifted with the tail
"two penguins are close to the snow, one is looking towards the ground"
penguin in zoo park resting on the ice
a penguin with an open yellow breast is walking in the snow
two penguins standing close together on the ground
five birds standing next to each other in front of some grass
a close up of a penguin's face in profile
a bunch of penguins are standing near the water
penguins standing in an incisioned area holding their beaks together
a group of brown and white animals standing around a river
a penguin with black spots and a black face standing on some rocks
two penguins are standing in a sandy area
a flock of sheeps that are all very close together
an penguin is feeding another penguin on the bottom of a hill
a bird perched on rocks outside near water
a penguin sits on a sandy area as the sun rises
a brown bear kneeling on a dirt field
the penguin has its head close to the wall with penguins wings tucked under it
a yellow and black bird standing on the edge of a water
a large group of horses walk through the water
some penguins that have their heads together and are looking to the side
a penguin has its feet and legs on a rock
the penguins head down into the distance while walking
a group of penguins stand around in snow
an exotic looking bird stretching its wings towards a camera
various sized penguins and statues in front of the beach
several penguins walking across the rocks on the beach
two penguins stand next to one another under water
three penguins are seen walking past each other
a group of penguins stand in an area of snow
some penguins are standing in a cave
a close - up view of the head and chest of a seal
"two penguins talking in the grass, with white and yellow tops"
a large herd of bears swimming in a big field
some penguins are standing on a cliff and some sea water
three penguins on a bench facing off to the side
there is an image of a penguin with two arms out
an image of two penguins that are touching each other
a black and white penguin with orange and yellow on its feathers
the black and yellow penguin is looking right
a group of three black and white penguins with one grey penguin facing in the opposite direction
a yellow and white penguin with it's head tucked into the side
a penguin looks at the sea as other penguins walk by
two penguins with yellow beaks standing together
a penguin with an orange eyes sitting in the water
many penguins are standing next to each other
two penguins are standing up together in the sun
an image of a penguin with it's head tilted up in the air
a penguin standing on a rock with an outstretched beak
a close up view of a duck's mouth
several penguins on rocks near water with a ship in the background
penguins sitting and standing in a line near rocks
a close up of a penguin figurine with eyes on
a bunch of penguins with two of the penguins facing in opposite directions
a penguin with it's mouth open with his mouth wide open
a small penguin walks along the sand in a field
three penguins walking on an outside paved area
an odd looking object with a long beak is seen from the top
a big penguin with an odd shaped nose
an adult penguin has caught an item in the mouth
six penguins with yellow beaks walk on the pavement
a stuffed penguin in front of another one in the background
two penguins with orange breasted wings staring into each other
three black and white penguins on the grass
a group of penguins are standing in the snow
a group of penguins stand on a rocky outcrop next to the water
penguins in an enclosed area are walking together
there is a picture that appears to be a penguin and has very intense facials
two penguins standing next to rocks with orange colored beaks
a bunch of penguins sitting next to a body of water
a group of penguins are standing together
a penguin stands near a group of penguins in front of the camera
the penguins skateboarders are dressed in costumes
two penguins are sitting on a metal rack
a penguin with one foot on the ground in front of water
a penguin standing up in snow next to a sign
a couple of penguins standing next to each other
a close - up of a penguin standing on the rocks
a penguin stands in the snow near a frozen lake
some penguins stand together in an area with snow and ice
two penguins that are walking together in the sand
a penguin with one side bent down and the other leaning on it
this is a group of penguins standing together
several penguins are standing next to each other
a penguin with the mouth open reaching towards its feet
a penguin resting on some cement rocks with it's head tilted
"the huge, white bird has black feet and yellow hands"
a penguins face sits on the sand in the beach
group of penguins walking around in front of a wall
three penguins standing on the beach in front of a glacier with icebergs
several penguins walk along the shore towards the photographer
a bird with its wing open with a yellow end
penguins are walking around in front of large boulders
a penguin standing on top of a large body of water
a group of penguins with their heads turned up
a painting of several penguins standing together
"penguin statues, including one penguin standing next to another"
two penguins on one side kissing each other
the image shows the head of a penguin
penguin penguins stand in front of several penguins outside
an adult and juvenile penguin playing with another bird in a field
a close up of a colorful bird with long bill
there are two penguins standing near each other
a group of penguins stand in a line on the grass
five penguins in different positions stand by each other
two penguins on a beach near the ocean
group of penguins walking next to each other
a penguin splashing in the water and some snow
many penguins in captivity standing at a dock
an aquarium with a bunch of penguins swimming in it
the penguin is holding its beak up
this is a photo of a man looking at his reflection in the water
birds and antelopes with some walking near mountains
there is a bird that has long and sharp teeth
three little penguins standing together in a field
the head of an animal with long black orange beaks
a penguin has yellow eyes on it
an image of two penguins walking through the water
there is a person in a room with a fake penguin
a cute penguin walking along the shoreline to see where some birds are sleeping
two different looking birds standing on the sand
a penguin standing next to another penguin in a sandy field
the penguins are lined up outside and one is yellow
a close up of a group of birds near one another
a group of penguins gathered near one another
the close up view of a penguin and its surroundings
there is a little penguin that has two colors on it
a group of three penguins standing next to each other on a rocky surface
two penguin with big penguins standing on some wet sand
a close shot of a penguin with bright yellow feathers
a group of penguins perched in a cave
penguin's walking down the beach in a line
a black and white penguin swims underwater next to bubbles
two penguins that are next to each other
a penguin standing up holding onto another penguin
three penguins have turned heads to look like they are swimming in the pool
a heard of penguins walk out into the ocean
a close - up of a bird's wing is the part of an outermost view
an art work of penguins in water and ice
penguin standing on snow covered ground with its eyes closed
three penguins look towards each other while standing together
several penguins look onward as others look on
the animal with an upside down beak has its nose to the floor
a penguin is posed to look like it's about to be stuffed into the side of its body
the penguin is standing in the snow looking up
a penguin with a small penguin on its back
penguin standing on rock wall and looking up at the sky
the backsides of two penguins facing each other
an image of a bird with yellow and black feathers
three penguins with large and small beaks standing near one another
two adult penguins stand next to each other
a close up of the feathers of a bird
large penguins in a row between two huge boulders
several penguins are standing around looking into the distance
"penguins inside of a cage, with one being petted"
there are many small penguins standing in the ocean together
the view from an open pair of black and yellow shoes
a close up of a bird with a white background
a penguin climbing its way through a plastic covering
this soldier stands in front of the army
an image of penguin in a strange manner
a small penguin with a yellow patch on its face walking
"three penguins, one standing in water, with some geese in the background"
several penguins standing next to each other in front of tractors
three penguins with orange and white eyes
a close up of a penguin sitting outside
there are five black and white penguins walking together
a few penguins that are all standing around
three penguins standing together in a snowy room
three penguins in the middle of two of them
there is a close - up shot of an odd looking penguin
several penguins stand with their heads together
an image of a penguin with a snow jacket on
a close - up shot of an exotic penguin's face and beak
five penguins are standing in a group next to snow
penguins look like they are heading toward the water
this looks like it's coming out of the water
"two penguins facing opposite directions, one is blue with a brown chest"
a penguin is holding its baby in the mouth
a group of penguins sitting next to each other
the emperor penguin is standing on his hind legs
many penguins with different colors and size and markings standing in a group
two penguins standing near one another near a statue
"a small white, black and yellow penguin is looking at the camera"
a group of penguins stand in a line near one another
several penguins standing around and talking to each other
a group of penguins are on some sand near the ocean
two gray and white penguins stand side by side
a bird flock that is walking on a ground
two penguinos hugging each other on the ground
a yellow penguin stands alone in the wild
three penguins standing in front of black and white rock formations
many penguins all standing on a small rock by the water
a penguin sitting on top of a wet ground
a close up picture of the head and side end of a penguin
penguins are standing side by side in front of the camera
four penguins stand between the boulders at their zoo
an image of two penguins in the sand
"a bird with black, yellow and white feathers"
four penguins have their faces painted with yellow and black
a penguin statue is posed on display at the holiday parade
a close up of a black and yellow bird
a large penguin group with several penguin looking to their left
five penguins standing near a body of water
a penguin that has just taken a bath
a close up image of a small penguins face
four penguins walking along the water at the edge of the ocean
three penguins standing on rocks next to a wall
three large penguins in formation are standing up on the beach
the bird is covered with a yellow and black beak
a penguin with a yellow collar and a black head
two penguins standing next to each other near the water
close - up of a penguin with its beak opened
three penguins are standing next to each other
the penguins look very happy at who is swimming
a penguin walks on the snow with its wings spread
this is a close up view of the head and chest of a small penguin
a penguin is standing on the ledge with his wings spread
a penguin that is standing on the ground
a penguin standing on the snow covered ground
a group of penguins standing in a row
a bunch of penguins stand in the dirt together
penguins that are walking on the sand near the ocean
two penguins are on the ground as one penguin puts its paw under the other penguin
a pair of statues in the grass with two birds
swimming with two diving people in a swimming pool
penguins playing in the snow by a wall
this penguin's foot rests on the ground as it watches
two penguins looking at each other with their tails touching
an emperor penguin is standing still and looking up
a penguin stands in a sandy area
two penguines standing near the water on a shore
a penguin with a yellow light inside the head is standing on grass
three penguins in the snow and one penguin has a fish catch
three penguins are standing on the cliff top
a very cute penguin walking on the street
a duck pokes it's head in the water
a bottle submerged in water with a duck
a penguin standing in the water with another bird near it
an animal bird has its mouth open and one of the legs and beak are bent out
"a herd of penguins standing next to each other in a field with water, and birds"
a closeup of a penguin standing in front of some water
penguin sitting on rock in water near exhibit
a cute penguin with an orange head and black beak
a group of penguins with their heads on top of each other
four snow - covered penguins are standing in a single file
penguins in zoo on snow covered hill near large rocks
an adornation image shows a pair of beaks at the back of a penguin's head
an image of some snow people and penguins
three penguins are walking through some water and are facing to each other
three penguins huddle near the water to cool off
some animals that are laying in some grass
penguins facing each other on a rock covered ground
a field full of lots of different birds
five penguins standing by each other on a rock
a big penguin sits near sheep on a farm
two yellow black and white birds looking each others
a group of small penguins with one opening their eyes
many penguins are pictured with the same head in the same area
a person posing for a picture with penguins in the background
two penguins holding each other in front of some water
a penguin is looking down at an audience in an arena
a penguin is walking away from the sand
a penguin wearing a yellow and black neck band
penguins are lined up on rocks in front of the rocks
several penguins are lined up near the water
the head of a penguin is shown with black and yellow feathers
there are hundreds of penguins that are standing together
the person is touching a penguin with a glove
a penguin standing in snow on top of a field
a close up view of a penguin with its feathers and a nose patch
a bunch of penguins are standing in the middle of an enclosure
a penguin walks across a pebbled shore near mountains
one standing out of the two penguins on the grass
three penguins are lined up on the snow
two penguins are interacting with each other as they walk away from another penguin
a group of brown and black birds are standing close together
black and yellow penguin sitting on a skateboard
two penguins with wings are rubbing against each other
a penguin that is standing in some brown mud
a penguin has its head inside a penguin's body
two penguins are standing next to each other
a group of people standing around a penguin
there is a group of penguins in the middle of a group of people
two penguins are standing next to each other on the grass
some penguins in the snow on their knees
two penguin on the grass with one looking back
some penguins with yellow on their back and black heads
two penguins with penguins are standing in the grass
a close up of a very cute looking bird
the large bird has a black beak and white head
some penguins are standing on their own feet along the beach
three different penguins are standing on the ice
a black and yellow shoe in water near a tower
a group of penguins are walking down the street
two penguins are standing near the water while looking at something
a photo of an penguins in their own habitat
five yellow and white penguins are walking along the rocks
a close up view of an individual in a body of water
an image of a bird that is looking out of a window
a large group of birds standing next to each other
a colorful bird that is standing on the ground
two penguins have their heads on each other
two penguins with black and yellow stripes on their body
three penguins are standing in a line on the sand
several penguins gathered together inside an inclosure
an image of a group of penguins
several penguins standing next to each other near rocks
a bunch of penguins walking next to each other
an image of a bird standing on a sand
a small penguin with one leg extended looking down at the ground
one black and a brown penguin are on the shore by the ocean
a man is standing up in his black shoes
"group of penguin sculptures, two in black and one white"
a large group of birds standing together on a hill
some little penguins walking in line on the beach
the colorful penguins are all lined up for a picture
a woman who is looking at several penguins
a close up of a penguin head and his beak
penguins are standing on the sand by the water
there is a large penguin with its beak on the beach
the penguins are wearing coats and standing close together
"three penguins stand with their heads facing each other, with the mountains in the back"
a penguin stands next to the edge of a snowy shore
some penguins are standing on the snowy ground
two penguins in a zoo are covered by blankets
a large group of penguins walking along an empty field
some penguins are all standing in the snow
a group of penguins and penguin bears stand together
an image of a penguin that is standing up
there is a small insect that is sticking its head up
a close up photo of an adult penguin
a bunch of penguins all lined up together
a small penguin standing on the gravel in front of the ocean
a penguin walking and staring into the ground
two white and yellow penguins facing each other on an grassy hill
a person is holding a plate with balls in it
a group of penguins is standing side by side
penguins in a group on sand near snowy hills
a flock of people on the beach with penguins
a large herd of penguins stand on a mountain by water
a baby penguin is sitting under a larger penguin
a large bird with an orange beak
a penguin that is standing up by someone's feet
an penguin with black eyes looking out from the water
many penguins are walking towards each other next to some rocks
the six penguins are headed to one another
a flock of penguins standing in front of a tree
a group of black and yellow penguins walking on a beach
a couple of small birds standing on a beach
a close up view of a yellow and blue penguin
two penguins stand on top of each other
five penguins on the beach looking in different directions
three penguins with their faces in two shapes
close up of the head and beak of a penguin
a group of small penguins standing on rocks
many penguins and birds are standing close together
an image of legs with the skin of a horse
the bird is yellow and black with orange accents on it's face
there is an image of a penguin with its beak out
one black and white penguin a the other white
colorful penguins are standing on an ice sculpture
penguins standing around inside an inclosure in a zoo
a penguin standing and looking up at the sky
the penguin looks up to the ground in this close up shot
two penguins are huddled in an area of dirt
some brown bears by the water and one is holding its head
a penguin is standing in snow with its mouth open
a bird with a yellow and pink spot on its head standing in the water
a penguin is about to strike something off its shell
a large penguin standing next to some water
large group of brown birds next to the water
a black and yellow penguin that is on the ground
two penguins have their beaks shaped like tongues
two birds in black and yellow with long beaks
woman standing between group of penguin standing next to large stone cliff
"an exotic bird, with a long, black beak, orange and white wings and orange belly"
an adult penguin lifts its head off to reach something underneath
an image of a statue of a penguin outside
four birds standing on cement looking at each other
an image of a penguin standing against a clear blue sky
the penguin has yellow feathers on it's head
an avtist walking around in front of a bunch of birds
several penguins are swimming together in the water
a penguin with it's head turned up on the ground
three penguins with their head towards an entrance
a boat on the ocean with one person sitting in the water
two penguins that are standing near each other
the penguin is resting it's head on his tail
two penguins are looking at one another
several penguins are walking and some have very similar colored feathers
a flock of penguins walking over a bridge in the snow
a man with penguins sitting next to each other
a small black penguin with two oranges on its feet
two penguins facing each other in a pair
a bear that is standing in the dirt
a small penguin stands near the ocean next to an object
"five penguins one walking, one jumping, some looking around"
some penguins and lions on a lush green area
an image of a bird that has some paper in its mouth
penguins in grey caps and white feathers walk past piles of rocks
a large group of penguins standing in a large lake
three penguins are standing in grass one is carrying a knife in it's beak
there is a bird that looks like it is looking at something
a penguin laying on a field of snow
a large group of penguins walk across the water
a penguin is looking down into the water
a group of penguins with orange colored feathers
a large penguin wearing some sort of orange and yellow material
a photo of a penguin on a rock
a penguin is being petted by another bird in the water
the aquarium features fish and other aquatic animals
a penguin swimming in front of an underwater camera
two black and yellow penguins are close together
some brown fur standing in the dirt by water
"a long haired dog is wearing a hat, standing on the keyboard"
white dog sitting in a car seat next to an object
a man holds his small dog on the street
a close up picture of a dog in the grass
the man is holding a small white dog
white dog lying in green grass and looking at the water
the small white dog sits on someones leg
a small white dog with his head looking at the camera
"white dog in colorful coat, white leash and pink, pink, green and blue shirt"
a white dog resting his head on a brown couch
a white dog sitting on top of a bed
a little dog sitting on top of concrete near gravel
a small white dog sitting on a couch next to a laptop
small white dog sitting on red couch with white bows
small dog looking at other dogs through a wire cage
this is an image of dog in the reflection
small white dog with black nose sitting on the floor
a dog sits on the floor next to a rug
the dog is wearing a shirt with orange designs
a small white dog sitting on a carpet with one paw up
a young woman holds a white stuffed dog while she sits on the floor
a white dog with long hair and yellow eyes
a white dog has long hair and is being pet
a white dog in a leopard print bunt bed
small white dog sitting on top of a couch
there is a dog standing next to the photo
small white dog with multiple black eyes looking at someone
an image of a small white dog that is smiling
a white dog in a red shirt with her red collared animal
dog with hat on bathtub with hand in mouth
this is an image of an adorable little dog
white toy poodle is sitting on top of the table
a couple of dogs with a toy in their mouth
the fluffy puppy is sleeping on its owners lap
a dog with one eye closed looking at the viewer
the small dog is wearing a ribbon around his head
the dog has a tiny pink bow with flowers
a fluffy white dog wearing a straw hat
this white dog looks like a puppy in a person's hand
a close up of a white dog with gray eyes
a white dog with its face down and two small black bows on it
a fluffy little dog sitting in a basket
two small dogs wearing matching sweaters next to each other
a white dog is standing on top of the grass
a small white dog on carpet next to a window
a white dog looking at the photographer with funny eyes
the large dog is wearing a pink outfit
small white dog holding a sign with a blue design
a close up shot of a dog with some hair
this is a large white dog sleeping in the room
a little dog rubbing its paws against the floor
a dog that is laying on the ground near a bowl
the dog is sitting in the grass outside
white fluffy dog with its tongue out
a little cute white and gray dog sitting on a purple carpet
a white dog is wearing a hat on top of papers
a small white dog standing near some bushes
the dog on leash is walking down stairs
a small white dog taking a nap on top of a blanket
a white poodle with freckled hair looks over its left shoulder
two white dogs pose for a picture on the ground
an open - mouthed head and eyes of a dog with it's left hand on the nose
a white dog with a collar and a polka dot collar
a white dog walking on concrete next to flowers
small white dog with white fur standing on gray tile floor next to plastic container
a dog is standing in front of a black background
small dog with a fake halloween hat and leggings on
the small white dog is wearing a coat with a fur pad
a white dog wearing a black sweater poses for a photo
a white teddy bear wearing a polka dot skirt
the small white dog is hanging upside down on a red playground structure
a dog has blue eyes and is next to some couch
a white dog on a leash at the beach
small white dog looks intently ahead on a light blanket
a white dog with frizbee ears sitting on the headrest of a couch in front of a window with snow outside
a small white dog is wearing a bunny costume
a white dog eating food off a table
a dog laying on its back on the carpet
a white dog staring forward and posing
a small dog on leash walks toward some cows
a long haired white dog with red ribbon and decorations
a white fluffy dog standing outside by itself
a white dog looks up at the camera while standing in a grassy yard
a small white dog with very big eyes
two little white dogs standing next to each other
two small dogs on a bed with blankets and blankets
a white dog standing next to a pillow and pillows
a furry white dog sitting down on a bench in the middle of a park
black and white image of a dog staring
a small white dog sitting in a red chair
a dog stands in a grassy field near a soccer ball
a little white dog sitting under pillows on a blanket
man smiling next to small dog on sofa
the small fluffy white dog is resting in the basket
the small dog is dressed in a dress
a shaggy white dog with its eyes closed
a small dog wearing a christmas hat with one eye open
the small white dog is sitting on a table next to vases
there is a dog that can be seen holding on to a person
a small dog wearing a red and white polka dot dress
a white fluffy dog stands in a room with a window behind it
a white dog is laying on its side
a fluffy dog sitting next to two adorable cats
dog in grassy field of flowers and trees
the dog has four ears and no fur
a white dog running on a grassy area with its front paws spread out
dog carrying a colorful object from the carpet in front of him
a white fluffy dog laying on top of a couch
this is the image of a fluffy white dog holding a person's hand
this cute white dog has a tag in it's collar
a very cute white dog on a wooden floor
small white dog standing on plastic white towel
white fluffy puppy with pearls dressed in silver
"a white dog with long, fluffy eyelashes smiles"
two small dogs on some toy boats out in the water
a dog sitting on the ground being displayed
a small white dog laying in a basket next to a small tree
a small white dog with a black bow
a white dog stands on a brown ground
a white dog laying down on top of carpet
a white dog sitting on top of a chair
the dog has long shaggy hair and a white beard
a fluffy little white dog sitting on his bed in a house
a dog that is looking up at the camera
the white dog is sleeping on the seatbelt
small white dog laying on the carpet on a sunny day
a little white dog on the ground next to some clothes
small white dog with black eyes and white coat
stuffed animal on top of a quilted mat with a pillow
a dog is sitting down and panting
there is a white dog that is being held
a dog is sleeping on top of a comforter
there is a woman that has a dog in her arms
a fluffy white dog that is sitting down
a small white dog wearing a t - shirt with his tongue out
a white dog with long hair standing on the ground
dog with big nose licking on ring next to stack of yellow candles
a close up of a dog under a book
dog in sweater standing next to woman on floor
a small white dog with it's paw sticking out of its mouth
a white dog that is sitting on the ground
a small white dog with dark eyes behind a wooden gate
a white dog resting it's head against a chair
a white dog standing next to a tiled floor
an adorable little white dog is standing on a rug
"three white dogs, one with a blue shirt and two on their laps"
a white fluffy dog that is smiling
a large white dog sleeping on top of a red cushion
the small white dog is looking at the camera
there is a close up photo of a small white dog
a white dog looking up from a height perspective on grass
a dog with a white coat has his head up to the floor
a dog with a scarf standing on the ground
a white dog on a red leash in front of a women
two small white dogs laying down on blue blanket
the dog is wearing a blue shirt and sitting
a dog sits down next to a white wall
a close up of a small white dog
a cute white dog looking at the camera
two puppies in blankets on bed with one puppy sleeping
a white shaggy haired dog laying on top of a bed
a white dog showing its teeth in a picture
a small white dog is laying on some sheets on the bed
a dog with red tongue sticking its tongues out
dog with shirt looking over edge in indoor environment
a small white dog inside a cup on the floor
an adult cat laying on top of a stone floor
a white and brown dog's mouth open on the floor
the small dog is sitting in the bathroom
an image of a white dog sleeping on pillows
two fuzzy white dogs laying on a pile of teddy bears
a white dog is wearing a dog collar
"the front end of a dog's head and head, with some long hair"
a small dog is in the living room looking into a large cabinet
a white dog is sitting in an open silver bucket
a white dog with red bandana on a leash
a little dog is laying in bed on the pillow
dog dressed as a ghost sitting on a checkered floor next to stairs
"an old, furry white dog in a pen"
two small white dogs being held by their owner
this little white dog is posing for the camera
a stuffed animal that is laying on the ground
the two dogs are on the pavement for their owner
a white dog standing next to another dog on a couch
the head of a dog with big eyes
"a small, white dog standing on a sidewalk"
"the little dog is sitting down, looking at the camera"
two white dogs sitting together on the couch
a white dog wearing a pink shirt sits and stares into the camera
a dog on the edge of a table next to a bowl
a woman hugs a dog on her shoulder while she lays in the sofa
a dog with white fur standing on a leash
there is a dog that is sitting outside on the grass
a woman holding white dog wearing a pink heart and bow
a white shaggy dog with black eyes standing up
"the white dog has a decorative, black top hat on"
a foam sculpture of a dog on top of a blanket
a white dog sitting on top of a carpet
a dog with long hair walking on the road
black and white photograph of a shaggy dog
a woman holding three dogs near her chest
a black and white photo of a dog's nose
a little white dog with big black eyes
a dog laying on top of a bed next to a green wall
a cute white dog with a blue bandana
there is a small white dog in the image
a white dog is shown sitting in front of a purple background
a little white dog sitting on top of a green couch
a white dog is sitting on the back of the car
the dog has four different eyes while it is resting its head on the arm of a chair
a man sitting down while holding his small dog
a furry white dog lying down on some bed
an elderly woman sits on a couch with her dog
a white dog with long hair sitting
small white dog laying in a patch of green grass
there is a person holding a dog's hand in front of the camera
a white dog is smiling at the camera
a dog with big eyes sitting on a chair
a small white dog laying on a bed under blankets
a white dog is with its mouth open on a floor
a shaggy white dog poses in front of the camera
a hairless white dog standing on the carpet
the dog is sitting down and smiling for the camera man
a group of white dogs are sitting on a bed
a very cute white dog laying on the floor
a cute white dog is lying on his bed
white dog standing alone in the grass
a long - haired dog with light brown fur stares directly at the camera
a white dog with a short black nose
a white dog is wearing the christmas hat and sitting on a chair
small white dog laying on a couch next to a wall
a dog with two white dogs one is brown
a small white dog standing on a lush green field
the dog's furry coat has just become so noticeable
a dog stands in the tall grass with its tongue open
a white dog looks out the window with its eyes open
a dog wearing a blue leash and sitting on top of the couch
a little white dog sits on top of the black luggage
this dog is wearing a cowboy hat in black and white
a dog looks out of frame in the picture
a dog is being brushed by a person
a white dog is sitting on the wooden floor
a dog that is laying on the ground
a dog sits in an arm of a woman
close up photograph of a fluffy dog on a bed
this is a puppy rolling a pillow around
the small dog has brown eyes that look like they are sitting down on the couch
a close up of a dog laying on top of a bed
a white dog sits on the backseat of a car
a dog that is sitting on top of a chair
"the small, fluffy white dog is sitting on the cushion"
the white dog has an ugly look on his face
"a white dog wearing a pink, purple, and blue lei"
a teddy bear sleeps on top of a pink blanket
a dog is sitting on the couch and resting
a white dog that is hanging on a harness
a dog that has its nose up on the chair
a lady smiles behind a small white dog
a dog with its head in gloves that are shaped like bones
white dog sitting on the back of a vehicle
the small dog is standing up and looking up
a white dog laying on a step with it's tail up
a large white dog sleeping on a sofa
various toy snowmen are placed on a pink cloth
small white dog laying on carpet with a red tag on its collar
small dog with its nose hanging out on the floor
there is a white dog that is walking on the carpet
two white dogs laying in the grass together
small stuffed animal in basket sitting on floor
a furry white dog staring straight ahead
a small white fluffy dog on top of a cushion
the dog is lying down with its eyes open
a small white dog is sleeping on a white blanket
this is an image of a small white puppy
"white dog with purple, blue and pink decorations on his head resting his chin on a chair"
white dog laying in grass looking at the camera
a white dog laying down with his ears up on it's head
a dog standing on the ground in a lot of dirt
"small dog laying on a blanket, with dark black eyes"
closeup shot of a toy white dog
two white dogs standing next to each other on top of grass
a close - up view of a dog with big eyes
small puppy sitting down on the mat
a man holds a small white dog on his chest
a white dog is dressed up and poses for the camera
a boy biting into an adorable dog as it sleeps
a small white dog inside an empty box
the dog is looking in the mirror on the table
a white dog resting next to a persons hand
white poodle with pink collar standing on cement in park
a dog wearing a santa claus hat next to a christmas tree
a beige dog with pink collar and pink hair
white dog sitting on the ground near his owner
small white dog sitting on tiles with a smile
a white dog that is laying down
a man and dog in the middle of a hug
a white dog lays on top of the carpet
a beige fluffy dog with long white hair looks alert
"a fluffy, medium sized black dog sitting by the ice"
a small white dog sitting on a rug
a small white dog is on a bed
two small dogs perched on a blanket
a small white dog wearing a pink and red dress on its chest
a small white dog laying down on a couch
a white dog with black earrings in front of a grey wall
a white and tan dog wearing a yellow hat
a small white dog paw on a sandy beach
a small white dog sleeping in a black litter
a dog with yellow eyes and red eyes sits on a couch
a lady that is laying down with some stuffed animals
a dog looking up as it stands on the floor next to a tv
a white and brown dog with small black eyes
a large white dog curled up on a bed
a small white dog with a collar looking at the camera
a white dog in a room with hardwood flooring
the two dogs are resting on the couch
the dog is standing on its back with its paws near the ground
a small white dog sleeping on a blanket
the small white dog is running along the grass
a white fluffy dog sits on a person's lap
a drawing of a dog with curly white hair
the woman is holding a white dog on a stick
a small white dog with a leash stands by a woman
a fluffy white dog laying on a pillow with his eyes closed
a white fluffy haired dog with blue eyes
a white dog with a large nose and nose rings
small white dog running on lush green grass
a close up of a dog on top of a bed
a dog laying on the ground next to a wooden table
three white dogs sitting together on a blanket
two white dogs sitting in front of a couch and mirror
a white dog laying on his back sleeping
there is a white dog wearing a christmas sweater
a white dog with it's head out to show his teeth
a person with some small dogs on a lawn
a small white dog with fur on it's neck
"dog laying on bed next to toy, looking up"
a dog that is standing outside in a window
a dog is sitting on a coach in a living room with a view of the outdoors
the dog is sleeping under the covers of the bed
a large dog is sitting in a blue plastic structure
a woman holds a small white dog while wearing a red cape
this white dog is laying down on the blanket
a puppy lying down holding and looking up
a dog wearing a black shirt is sitting in the back seat of a car
three white dogs staring at their own reflection in a mirror
a white dog with its eyes closed laying on a blanket
there is a man that has a dog in his lap
a dog that is standing in the window looking outside
a little white dog in a tub filled with water
a white pup is standing on a bed
a dog that is in an enclosed area
"a white dog has long, fluffy hair"
small white dog on small chair with keys
this is a white furry dog with it's hair up
a couple of kids laying next to each other holding their dogs
white fluffy dog on grass looking up
an image of a dog with a crown on its head
a cute little dog looking at the camera
a girl is posing for a photo while holding her dog
"a white dog lies down on a shiny, wooden floor"
a white dog sitting inside of a basket on top of a floor
a white miniature dog wearing a tie sitting on the floor
there is a woman on the bed kissing a white dog
a dog sleeps among blankets on a bed
a small dog wearing a t - shirt is sitting in the couch
a small dog that has something on his head
"two dogs with collars and bow tie, facing away from the camera"
the cute white dog is wearing a purple shirt
a small dog with red eyes looks at something
a little white dog with pink hair on her head
a white dog getting its hair combed by someone
a white dog is holding a plastic toy in his mouth
an adorable little white dog is standing on a floor
dog having a bath and it is getting his picture taken
a fluffy white dog with it's head tilted off
a white dog with his eyes closed and its tongue out
a painting that has a dog with a long mane
a little white fluffy dog is wearing a blue tie
a dog that is sitting on a bed
a white dog walking across grass field
a very cute white dog with some hair on its head
two dogs resting on the couch while one rests its head
a couple of dogs sitting on top of each other
a small white dog looking at the camera
a white dog sitting on top of a bed
an image of a woman on couch with her dog
there is an afghan dog standing on the floor
a close up of a dog looking at something
a dog wrapped up in blankets sitting on a quilt
an white dog is sitting inside of a cardboard box
a white dog sits in the grass next to a toy
the image shows a white angel wearing a tiar
a dog sits on top of a person
two dogs that are playing in a room
a white dog sitting on top of a blue cushion
the dog has white feathers on it's fur
a white small dog running in the grass
a stuffed dog wearing white clothing and headphones
black and white photograph of a small dog laying on a cloth
small white dog with a big pink tongue sitting on a brown dog bed
a little fluffy white dog with some very big eyes
an adorable dog is staring into the camera
the dog is looking at the camera
a white fluffy dog dressed up in a t shirt and vest sitting on a table
small white dog standing on grass looking at the camera
a couple of cute white dogs standing next to each other
the small dog is looking in to the camera
there is a dog that has its head down
a small white dog has a pink flower in its mouth
a small light colored dog with white fur
a close up of a small dog on grass
the small white dog is sniffing the food
a fluffy little white dog sitting on a couch
a white long haired dog that has shaggy hair
the long white curly dog is staring at the camera
"a small white dog on grass, with eyes partially closed"
the dog is standing on top of a blanket
a white dog resting on blankets next to stuffed toys
a dog lies on a bed next to folded blankets
a close up of a small white dog laying on top of a blue blanket
a small white dog has a black nose on top of a sheet
a large white dog laying in the persons hand
a white fluffy dog napping on a bed
a white furry dog sleeps on a sofa
the dog is sleeping in his bed next to the laptop
a little white dog is looking at the camera
a small white dog with a sweater on
two dogs on a rug next to each other
the white dog has a dog bandana around his neck
small white dog on a black recliner by a window
there is a small dog with large eyes
a dog is standing in the sand with his tongue sticking out
a group of four dogs sitting on top of tiled floor
a small dog that is in the grass
a dog is wearing clothes with a pink bow
a white dog is standing on a wire leash
a white dog laying on a pillow on a brown blanket
a small dog hanging its tongue out sitting on a blanket on the inside of a car
two hairy haired dogs sit beside each other
a dog wearing a dress sitting on a bed
the hair of a blonde dog is white
a man that is holding a small white dog
little girl holding a white dog laying on the bed
a white dog is sitting on a chair
there is a white shaggy dog with dark brown lips
a dog sits on a bench near someone's feet
a white dog standing up on a rug
a young woman sitting in an office with her dog and a laptop computer
an animal that looks like something if it has been cleaned
there is a dog that is being shown to the camera
a fluffy white dog standing on top of a blue floor
a dog sits on a path in the grass
two ladies and one guy who are holding umbrella poles
a white dog is laying on a bed
the white dog is laying down with his head on the arm
a white poodle dog sitting on top of a table
a white dog with its front paws on a woman's arm
"three people, a dog and an umbrella are posing for the camera"
an adorable white dog with a red bow and pearls on it's head
the shaggy dog has a pink spot on it's forehead
a shaggy white dog laying in a bed
a little white puppy is wearing a blue tie
a closeup of a silver colored hair is viewed through the iris of the feathers
a shaggy haired white dog lying on the bed
a dog standing on a quilt in the middle of the night
a small white dog laying down with its head near the side
small white fluffy dog with thick hair with one eye partially closed and nose missing
a small white dog sitting on the floor in front of a white door
a small white dog is holding a frisbee in his mouth
a white dog with its nose open on a rug
a very pretty white dog looking at the ground
a white dog with a bow hair clip
a white dog laying in the grass
"a small, white dog sitting on a black door mat"
there is a fluffy white dog wearing clothes
a dog laying on top of a couch near a window
a little dog is sitting on the rug
the small white dog is perched on a girl's shoulder
a white dog with blue eyes sitting on a towel
a small white dog is on the ground
several stuffed animals in plastic bags sitting on a bed
a white dog is sitting on the deck outside
small white dog standing with another dog on the other side of him
a dog wearing a red sweater with his ears tilted
a white dog has his eyes black with snow on it
an adorable white dog with a hairless fur pattern on it's back
a stuffed animal in a costume next to a balloon shaped kite
a small white dog sitting on top of a hard wood floor
a white dog is sitting on a person's arm
a small white dog sitting in the grass
a white dog with a green bow on his head
a white shaggy puppy sitting on top of a couch
a white dog on a black couch next to pillows
a little white dog laying down on pink carpet
two small white dogs in grass with fenced in back
a large white dog smiling and looking up at something
"close up of white dog with black nose, looking at the camera"
white dog sitting on a bed with a green comforter
a fluffy white dog is sitting on the floor
an adorable little white dog on top of a pillow
a white dog is sitting next to his owner
a white dog looks at the camera while grooming
the small dog is looking straight at the camera
white dog playing with an orange on the floor
the white dog has a nose that is slightly thick
a white dog that is sleeping down
small dog in sweater with leash outside
a fluffy white dog is wearing a shirt
there is a small white dog with a scarf on its collar
a white dog that has long hair on it
a white dog wearing clothes on its head sitting in a wooden chair
a white dog standing on top of a wooden floor
a dog is wearing a blue checked bow tie
a small white dog wearing a red leash
a dog looking directly at the camera and his paw is out
a white dog is sitting on a tile floor
the stuffed dog is lying on a sofa
a person that is holding a white dog and it's face
a small white puppy sitting in a pink and blue pool
the dog is wearing a collar on his chest
two white puppies looking at the grass from behind
white puppy with black eyes laying on red blanket
a fluffy little dog is held in his owner's arms
a small white dog being held in his owner's hand
the white dog is looking at its surroundings
a close up of a person holding a white dog in their arms
a dog that is white with long hair
a little white dog with a bow on its head
the dog is wearing a jacket in pink on a white background
a little dog that is laying on a quilt
dog laying on striped bedding with pink blanket on top
the dog is sitting next to a blanket and pillow
a woman in a red dress holding a dog leash
woman holding small white dog in front of her face
a cute white dog standing next to a mirror
this is a white dog looking at the camera
a small dog is sitting on the floor wearing a green beaded necklace
white dog that is sitting down next to a table
white dog laying on top of someone's hands
a dog sits on his pillows with eyes closed
a white dog standing on a floor looking up
small dog with large shaggy white wig sitting on the floor
a white puppy sitting on a couch and staring
a dog with black beads on its hair sits on the floor
a woman sitting on the floor giving a paw of the white dog
two women stand in front of the door holding a white dog
white dog sleeping on a yellow cushion in the daytime
a small dog sleeping with a ball in its mouth
a dog smiling while holding a persons chest
a cute little white dog with hair hanging off its front paws
small white dog sitting on a hard wood floor
a small dog wearing a pink and purple bow
the large white dog is lying on the rug
the small dog is sitting on the chair at the dining table
a white dog getting his hair brushed by a woman
six white dogs are sitting in a colorful fabric bag
white dog on carpet with apple and dog toy
a person sitting in front of a dog on a table
a woman sitting on top of a couch next to two poodles
a small white dog is looking at the camera
the little dog is licking the bone of his teeth
a dog wearing a shirt in a living room
a dog that is sitting down on the sidewalk
the white dog is in the laundry basket next to a toothbrush
close up of a white pekingze dog with small orange pins on his nose
a white dog with a blue comb on its tail
a white shaggy dog sitting in a basket
a white dog with small hair sitting on a red couch
a white dog with pink ears sitting on the floor
the white small dog has a pink bow on its head
white puppy with pink hair sitting next to eggs
a small dog with a black bow on it's head
there is a white dog that has its head above pillows
white dog sitting on a mattress and looking at camera
a large white fluffy dog lying down on a bed
a small white dog that is standing in front of the couch
several pieces of hair that have had hair on it
a long fluffy dog with white hair standing in the grass
a woman is holding her white dog on a leash
a close up of a person holding a dog
a white dog with long hair sits on a black carpet
a white dog with white hair is on the ground
this small white dog is dressed in an old sweater
a close up of a dog on a patio chair
a dog looking at the camera with his nose open
a white dog sitting among flowers near a bench
a white dog with a sweater on a bed
the small white dog is dressed for the occasion
a small dog in a blue shirt that is lying down
a small white dog laying down on a walkway
small fluffy white dog with golden tags and his owners hand
an animal is standing in the wet sand near the beach
a dog laying on the floor with his nose open
a small white dog sits inside a car
a small white dog laying on the floor
a white dog with hair looking cute and shaggy
a white puppy with long hair and a pink tongue smiles for the camera
the small white dog has a tag in its collar
there is a small white dog wearing a bow
a small white pomeranian dog wearing a very fluffy white coat
a white dog lying in the middle of the road next to trees
small white fluffy haired puppy panting under a tree
a dog is laying on a leather couch
a girl in black shirt and white dog pose for picture
the photo was taken with the very small dog
small white dog standing in a room with it's eyes open
white dog has very wet fur on it's head
a white dog with his tongue out sitting on some grass
a small white fluffy dog standing on a wooden floor
an adorable white dog that is dressed up
black and white photograph of an shig wearing santa hat
a white dog laying down on top of a wooden floor
"a white dog with long, curly hair is laying on the ground"
a white shaggy dog with pink hat on it's head
a small white dog laying in a bed with hearts
"close up of the face and muzzle of a small, fluffy white dog with floppy ears"
two long haired white dog standing next to each other
a white dog with long hair laying on a sidewalk
a fluffy white dog wearing a mickey mouse outfit
a close up of a small white dog with a big smile
a close - up of a white poodle being petted
small white dog lying down on cushion covered couch
the white dog is sitting behind the back seat of the vehicle
a small white dog sitting in its bed
three dogs sitting on a bench wearing patriotic shirts
white dog standing up next to wooden chairs
a white dog laying on top of pavement
small stuffed bear stands on silver tin next to a brown pillow
a white puppy is sitting and looking straight ahead
the dog is sleeping with his front paws up on its back
a small white dog is resting with its head by a box
a small white dog standing in a grassy yard
closeup shot of a dog standing in an area
a small white dog laying on a bed
there are two little puppies that are sitting on top of a black leather couch
white dog lying on top of a bed
dog standing on floor in front of soft light
a dog with a head in it has a freck
there is a white dog standing in the pool
a close up of a dog laying on grass
the small puppy is licking his nose with a large finger
the small dog has two heads on
a white furry dog sitting on a table
small dog with pink hair and green eyes laying on grass
"a white dog with a large round face, next to some decorated eggs"
the small fluffy dog has been put in a cage
a small white dog is dressed in a white gown
the dog is lying down on the bed
small white dog laying down with it's paws on its head
a woman smiles sitting beside a small dog
a white dog with a shaggy fur laying on the bed next to a mirror
the dog is resting his head on the pillow
a small white dog on top of a pink blanket
an artistic fluffy dog sculpture with his big head
the puppy is looking to the camera outside
dog sitting on bed with head of puppies
small white dog sitting in front of water next to a grassy area
"small, shaggy dog sitting in the grass near house"
a small white dog laying on a grass field
a small white dog wearing a green collar
the white stuffed animal is hanging on the hook
a white dog resting on a pile of pillows
a shaggy dog sits in the grass and looks at the camera
a white dog is on a blue and white blanket
a fluffy white dog laying down next to a window
the face of a cute white dog looking straight into the camera
a white dog laying on top of a chair
there is a small dog that is sitting on the couch
the lady is holding a small white dog
an adorable white dog on a bed in front of the door
a white dog wearing a sweater with a frisbee in it's mouth
two dogs playing outside on the grass with each other
an animal that is white and looking at the camera
small white dog sitting with red bandanna on
a little dog stands by itself near a wall
two little dogs sitting next to each other in a small crate
boy sleeping on a bed with his stuffed dog looking at him
there is a small white dog that is on the grass
close up of a dog chewing on a bone shaped object
a dog is on the floor smiling
a dog standing on a blanket near a pillow
a dog that is sitting down by a building
a small white dog standing on top of a tile floor
this is the largest dog in the world
a white dog is sitting on a wood floor
a girl holding a white puppies next to her
a white dog lying on its side resting
a large white dog sitting on top of a sink in a room next to water
"two fluffy, white dogs are walking together near the grass"
a dog with a funny look sitting next to a stuffed animal
small white dog sitting down in a chair
a little dog looking at a persons hand
a dog sitting in a box with papers
a white dog wearing a leather jacket sitting on a sofa
white dog has a shaggy hair on his face
a small dog is wearing pajamas and leash
a white dog with brown eyes looking forward
the dog is wearing a white wig and red bow
a white dog with a scarf around its neck
a small white dog sitting on top of a colorful rug
a little dog with an eye patch and sad eyes
a white fluffy dog sitting in the grass
"a white, fluffy puppy sits against a blue background"
a small white dog is laying down
there is a white small dog with its mouth open
a woman holding a white dog on her arms
a group of white puppies laying down in the same position
this white dog is happy about his fur
close up of an adorable white dog that is sleeping
the small white dog is outside near grass
the cute small white dog is sitting on the ground
a white dog running across a pavement
a white dog that is holding its owner
a dog is wearing a harness on its leash
a white dog sitting next to a hair dryer
a small white dog sitting on top of a couch
this is a dog eating a rotten animal
a small white dog in a tiny gold hat
this is an image of a white dog on black and white
a white dog licking its fur on top of a bed
a dog has long white hair and looks upward
a white and brown dog sitting on top of a floor
a white fluffy dog laying with it's head on its paws
a small white dog is sitting near a wooden chair
a close up of a white dog laying on top of a bed
an adorable little white dog sitting on the floor with a birthday party hat
three white dogs are all sitting together
woman posing in her pajamas with two white poodle puppies
this is a white shaggy dog on the floor
a shaggy dog with brown eyes is lying down
the large white poodle has blue eyes and a heart - shaped tag on its collar
a woman holding her small white dog for a photo
there is a small white dog that is happy
a little white fluffy dog sitting on some striped towels
a dog licking a twig while on a blanket
a white dog looking alert while sitting on a car in the sun
a group of white dogs standing in front of flowers
a very cute white puppy on the floor
"a close - up of a long haired white dog's head with white hair, which has long tail and is partially curled"
small white dog on a blanket in the bed
a small white dog standing on top of a chair
the dog with the blanket draped around his neck is posing for the camera
a furry white dog with long white hair
close up of small white dog on blanket with wooden furniture
a couple of small white puppies are sitting inside a cake
a dog wearing a sweater stands on a table in a room
a small dog wearing a vest stands beside a woman
a white dog is wearing a hair comb
a small dog with a bandanna around its neck
small white dog standing next to another smaller dog on a bed
a white dog is standing in the ground with vegetation
a dog standing on a green bed next to two smaller dogs
a dog with its mouth open on top of a bed
the white dog is under a blanket while sleeping
two adorable dogs are sitting on a chair
the white dog is wearing a plastic party hat
a white and shaggy looking dog sitting down
a white dog sitting on a bed wearing his collar
a small white dog is laying down
a white dog is laying on the couch
the little dog with a large bone in its ear
the animal is trying to take control of his surroundings
an lhasi dog standing in a grass field
a white dog with an orange bow standing in the living room
a very cute cat laying on it's stomach
a long haired white dog with orange collar sitting outside
small white dog sitting on the beach with a striped shirt and hat
a little white dog laying down on its stomach
a small white dog is laying down
there is a little white dog standing outside
the small dog in the shirt has its head down
an adorable little dog wearing blue clothes while standing
a dog that is laying down with a red heart
long haired dog in white dress on gray ground
a large fluffy dog wearing a striped shirt
white dog sitting on an outdoor patio wearing a floral bandana
a white dog that is laying on its back
"a white dog with colorful flowers, hair and a basket"
a puppy is poking his head out of an open suitcase
a dog is standing on the grass near another
a close up of a dog with white hair and scissors
white hairless dog on a leash by the water
a dog with an open mouth next to a pillow
a white dog with a pink wig and mustache on
a white teddy bear sitting on a red pillow
a baby dog sitting in the back of a pink couch
a white dog that is looking at the camera
a dog is being trimmed by a person
small dog laying on bed with its eyes closed
a shaggy white dog lying on the computer chair
a white dog that is sleeping on a bed
a white dog sitting down with his tongue out
a white dog looking at the camera with a sad face
two small white dogs laying on a bed
a large white dog looks straight ahead at the camera
a white dog sitting on top of a bathroom floor next to a shower
a white fluffy dog rests on a couch
a little dog is wearing clothes in front of a class board
a very cute furry dog laying on a bed
a small white dog on the ground looking at someone
a fluffy white dog laying down on the ground
a pair of dogs sitting on a bed
a furry dog wearing a red and white leash
small dog looks sleepy while lying on bed
a white dog wearing a green bow on a bed
"man with his arm wrapped around the face of his dog, wearing pigtails on his head"
a cute little white dog in a store
a close up view of a dog sitting on grass near flowers
small white dog lays on the bed with a pillow
a long haired dog laying in the back pack
a fluffy little white puppy dog sitting up and down
a number of stuffed animals on a bed
there is a white dog that has long white hair
two small dogs laying next to each other
white dog with eyes wide open sleeping on blanket
a close up of a dog laying on top of a wooden bench
a white dog is dressed in an ornamental headband
a white dog with bows in its head
a white dog sitting in a towel basket
the small white dog is near a large cow
a little white dog sits in the lap of a woman
white dog with red collar looking away
closeup of the face and chest of a white fluffy dog sitting on a couch
two white fluffy dogs sitting on the green grass
a white dog sitting on top of a bed next to a person
a girl in a red shirt with a pair of plastic shoes squatting down next to her puppy
white dog with three birds on its head and another small white dog wearing a crown
a dog sitting on top of a couch next to a lamp
a lady with small dog on her back
a small white dog standing on top of a big rock
white dog on beach with ocean in background
there is a dog that is standing in the room
a white dog laying on its back on a blanket
a dog lays down on a messy bed
the large white dog sits on the ground
a dog is on the ground with long hair
a white dog is standing among small snowmen
a man sitting next to two dogs
the white dog is sitting on top of the couch
small dog with black buttons looking ahead
a small white dog in a santa claus outfit
a puppy wearing a shirt with an animal toy ducky
there is a white dog that has a blue toy in its mouth
this little dog is very large and needs something for her coat
a small white dog sitting in front of a striped rug
the white dog is laying on a bed
this little dog is happy for life while taking his nap
a couple of people standing next to an animal
white dog standing on green grass looking surprised
a small white dog sleeping on a bed
a dog standing up with long white hair
a shaggy haired white dog holds an animal chew toy
a dog with a white fur sitting on top of a chair
a dog sitting on a white blanket wearing clothes
a white dog with black spots sitting on a couch
a white dog sitting next to a group of snowmen
this white dog is happy to be with a snack of its gummy
a little white dog is dressed in green sweaters
two small white dogs are on the red carpet as a woman reaches them
a white dog sitting under a computer equipment rack
a small white dog standing on a patio
a white dog looking forward sitting in front of a window
a woman eating a dog with a long fur coat
an adorable dog with white head and shoulders on top of it
a dog is taking a picture outside with its frizzy hair
a white dog wearing a blue coat and another dog wearing a black shirt
a dog sits and looks up while laying on a white surface
two dogs sniffing on one another
a dog is shown with its tongue hanging off it's sides
a dog with one paw on a pillow
a small dog sits in front of a table
a dog in a white wig with its head resting on it's back
a white dog sitting on a table looking at the camera
white furry dog standing on carpet next to tennis ball
a small white dog wearing a red and white shirt
"a small, furry dog with long hair and blue eyes is sitting on the floor"
there are three paws and they are grabbing someone's dog on the bed
a dog has its head resting on someone's purse
a shaggy white dog sitting on the arm of a chair
a white dog with large eyes sitting next to another child
small white dog with shamrock bandana in a bedroom
the small white dog is peeking out of the window
there is a black and white photograph of the front of a dog
a white dog with long hair and a dog coat
a white poodle dog lying on its side with it's head on the bed
a cute white dog is sitting on a bed
a white dog stands and looks at the camera
white dog with yellow collar and yellow collar on his head
the young dog has to stand upright for the photo
a dog that is in the grass and laying down
the dog is sitting on a persons lap
a shaggy white dog looking at the camera
a cartoon photo of a dog with a blue and red bow on its head
a toy cat is laying in the grass on a stick
a white small dog chewing its stuffed bear
the white dog is sitting alone in the grass
a small white dog with blue sweater and a brown and pink chair
a white puppy in front of a wall
white dog with its head down on a black blanket
an adorable white dog with its tongue out
a white dog sitting in the grass and holding some flowers
two small white dogs laying on the ground
four different images of a white dog
two adorable white puppies being held by someone
a white stuffed bear lays down on top of a table
a white dog standing on pink carpet with one eye open
a dog standing in front of a door
a close up of a fluffy looking dog
the dog is wearing a hat that looks like a monster's head
a white dog dressed in pink with sweater
the dog is wearing pink and has a sweater
a white stuffed animal sitting on the ground
a white dog that is laying down on a blanket
a woman holds up her dog next to the girl's eyes
a woman in an orange top holding a bunch of stuffed toy animals
a small white dog standing by a bench
this dog is laying down on the purple blanket
a white puppy sleeping in its bed with a toy
an adorable white dog with eyes wide opened
a woman in green cardigans holding her small white dog
"a fluffy, fluffy dog laying on the floor looking at the camera"
white dog yawning while lying down
a white dog with long hair is sitting in a chair
"two small dogs walking on the sidewalk, one has long hair"
white fluffy dog with orange collar and tags walking on a tile floor
a small white dog is sleeping on a blanket
a white dog is wearing a pink and black scarf on its head
a white dog has his mouth open and it looks like he's on top of the world
the white dog is sitting down and looking at the camera
a white dog wears an animal ears and nose wig
a fluffy white dog wearing green and white clothing
a long haired white dog with a blue crown on top of it's head
the front cover of a children's book
small dog in purple coat at doorway looking out
the dog is enjoying resting in the blankets
an adorable white dog standing on the ground
a large white dog with his eyes open
a dog laying on top of a blanket next to four dogs
three small white dogs that are sitting next to each other
a man and white dog with pink bows on their head
a small white dog with eyes wide open lying on a bed
an adorable dog is sitting on the floor
a very large white dog with a spiked head
the dog looks like its nose is hanging very high
a white dog with it's ears sticking out
small white dog sitting on chair looking straight ahead
a shaggy white dog laying on top of a bed
a dog lays on a couch while curled up
white fluffy haired dog with long shaggy ears looking around
a white dog with its head and mouth out is stretched over the couch
a small white dog with big black eyes
two small white dogs are next to a mickey mouse
three white dogs and bowls on a table
a small white dog holding a pink toy
two adults smiling while lying on a blanket with a dog
the small white dog is sitting in the black and white chair
a white dog with black eyes looking towards the camera
pictures of a white dog that is wearing a jacket
a close up of a dog with dark eyes and long white hair
a small white dog laying in grass with a purple ribbon around its neck
a white puppy stands on top of a table
a close up of a white dog on a black background
a small white dog with a clip in his hair
a white dog with his tongue out posing in a sweater
there is a dog that's lying on a bed
two small dogs sitting in the grass with red bows
small white dog playing with toy on carpet
a close up of a white dog's face
an animal with long hair has an object on his collar
small white dog laying down on the floor
small white dog with colorful clothes and a straw hat
the small white dog is wearing an air dryer
a stuffed dog is in its home on a bed
an animal with its eyes open standing on its hind legs
small white dog standing in front of black backdrop
"a white, hairy dog in a red collar is sitting"
a dog sitting in front of a yellow couch with its tongue hanging out
a white fluffy dog standing in front of a door
the dog is standing on a floor with a label in front of him
a cute white dog is resting on the bed
small white dog standing on carpet next to dresser
a dog with short black eyes looks up at the camera
a dog sitting next to a white wall
a white dog wearing a red santa hat is looking into the camera while standing in front of some teddy bears
there is a white dog that is laying down on the bed
a dog with long white hair that is being combed
a dog that has a white coat around it's face
the white dog is wearing a pink and gold head piece
a dog that is next to a shelf of doggies
a white dog with his tongue hanging out and eyes shut running on the sand
there is a small white dog on a leash
an adorable white dog standing on a kitchen counter
"a small, white dog with a red tie and ball"
the small dog is running through the grass
the two dogs have long hair and are all white
the small dog is smiling with no one around
white dog with long ears sitting next to owner
the dog is standing alone on the bed
dog with tongue out wearing collar and name tags
a person holding a small white dog in his arms
a white dog laying on top of a carpet floor
there is a stuffed bear laying on the floor
the small white dog is standing on a table
a white dog is sticking his head out while its mouth has black spots
there is a white dog in the frame with a green background
a woman holding a white dog in front of trees
white dog sitting in a blue and white dog bed
there is a dog that is laying on the couch
dog with white fur with bone on chest
a white fluffy dog laying down next to an apple
this dog with a tag on it's ears is wearing a hat
a close - up shot of a dog grooming the pet's hair
a dog wearing a heart shaped red collar
a puppy laying on top of a plaid couch
a fluffy white poodle is eating a treat in front of a wall
a white dog is wearing black clothing
a white dog sitting on a black leather couch
a small white dog with christmas clothing and santa hat on riding in a sleigh
a white shaggy haired dog sitting in front of a basket
a white dog dressed in a costume sitting on top of a chair
three dogs that are sitting in the same photo
the white dog is looking through the doorway
white dog posing for a camera in a public place
a white dog is standing on a tile floor
a very cute white dog laying in the grass
a white dog sitting on top of a couch
a close up of a dog near a window with blinds
small white dog with brown eyes and a pink ribbon
a little dog laying on the floor in front of a doorway
small dog sitting on carpet with head in paws
a white dog is sitting on a blue blanket
a white dog curled up next to some stuffed animals
dog on floor next to mirrors looking very bored
a dog sleeping on top of a black couch
a small white dog wearing a black leather jacket
a small white dog standing on top of a green field
a fluffy little white dog looks like he is having fun
a woman walks a long white dog with big ears
a close up of a dog with long hair laying on top of a bed
a small white dog standing next to a women in a room
a dog with the name blohie is staring straight ahead
"two dogs, two white fluffy puppies on a leash"
a white dog with green frisbee in its mouth in grassy area
white dog with long hair and pink fuzzy bunny ears on walk in city
a dog sitting on top of a bed covered in blankets and a tiara
a white dog with its tongue out in the middle of the road
a white dog standing on top of a hard wood floor
small white fluffy dog sitting on red cloth
a white dog with white hair in front of a grey background
a white dog is surrounded by cosmetics and accessories
a white fluffy dog is getting its ears brushed
a white dog looks up with a smile
two small white dogs sit on the carpet
a white dog sitting next to a mans arm
a dog is being fed by someones hand
a white dog on the floor looking at the red string in its mouth
a white dog wearing a pink tutu while laying on the bed
a white dog with a sweater on is posing for the camera
the dog is dressed up in a camouflage coat
a white dog that is sitting on the back of a chair
two small white puppies are sitting on top of a red container
the dog is standing near the chair with its eyes close
the white dog is sitting on a carpet
the fluffy white dog has fallen asleep
the dog is looking at someone lying in bed
two poodles sitting on a bed looking to their left
a white dog laying on a green bench
a white dog has his eyes open and is looking into the camera
a white dog on a brown floor near bookshelves
small white dog standing up looking at the camera
a long haired bi - chow dog is posed in front of wall decorations
small white dog in grassy field with trees
a white puppy is laying on someones lap
a white dog yawning next to a couch
the dog is sitting down with its hair in a bun and bow
a white dog laying on top of a bed
a white dog sits on top of a bed
a dog looks like he is looking directly into the camera
a white dog standing in front of lots of flowers
the little dog is playing with its toy
a fluffy white puppy is smiling and looking over the side of a house
the dog is standing with his paws on the bed
a woman and her dog are all bundled up
a white and black dog standing in front of a mirror
the dog is standing on the grass looking
a white dog sitting on top of a couch with a red and yellow pillow
the large fluffy white dog is standing on the grass
dog with long hair laying down on the floor
a white fluffy dog with a funny look on its face
a white dog with a pink bow sits on a bed
a white dog sitting on a pink chair
close up of small dog with red collar and tie on
a very fluffy dog sits on a pillow
child in a blanket holding small white dog
a close up of two dogs with its tongue out
a white dog laying on a green cushion
the dog is white with grey eyes and he has it's tongue out
a fluffy white dog on brown background
a white dog laying on top of a rug
a shaggy white dog wearing a roller on its head with the words sample do not duplicate it
a little boy sitting next to his dog and the kid kissing the doggy
white dog with yellow legs standing with flower collar
a large white dog rolling in on his side on a chair
small white dog lying down on a couch
small white dog with eyeglass and red collar on pillow
a white dog wearing a holiday collar and wearing a christmas bow
a white dog sitting on top of a couch with its hair up
the small white dog is standing on the hardwood
the furthest part of the face is white with black eyes
a white dog sitting in a field
"dog in a room, possibly in a hotel or resort"
a white dog sitting on top of a bed in front of a pillow
a person holds a dog with long hair
small white dog laying on top of a blanket
white fluffy dog with black nose and eyebrows
a white dog is standing on the glass shelf
two dogs that are standing under an umbrella
a dog sitting on top of a bed covered in bedspreads
a couple of dogs laying on top of a bed
a hand holds onto a white dog with small ears
a white dog in a crowd of people
a small dog wearing a costume and sitting on the couch
the dog is jumping in the air towards the fence
a white shaggy haired dog is posing for a picture
three white furry puppies wearing tias sitting together on a red fabric
two dog shaped like humans one is white and the other has brown
a white dog with a blue ribbon around its neck
the head of the dog is lying on someone's bed
a large white dog on a leash looking at the camera
the white dog is lying on the tile floor
a small white dog with black ears is posing for the camera
a white dog standing upright with it's front legs in a pose
a white dog sitting on top of grass near four pink hearts
a white dog sitting on top of a couch next to a wall
a dog is sitting on the couch with its head out
the white dog is wearing a costume
an animal has black round eyes and is staring
the fluffy white dog has a black eye on it's face
a dog is sitting down in grass by itself
three dogs have their paws on the outside glass door
white fluffy dog in front of a bright orange wall
a white fluffy dog with a white crown
a white dog wearing a bunny costume on a bed
a girl sitting with a small white dog
two white dogs sitting on the back of a couch
a fluffy white dog laying on top of a bed
the white dog is wearing black on its face
a man and his two dogs sitting on a couch
a small white dog is in the middle of two chairs with large round balloons behind it
a woman with her dog holding it while she puts its tongue out
a toy dog with it's hair in a costume
a dog that is wearing a suit and standing by a wall
a dog that is sitting down and looking to the right
a white dog wearing a leash attached to its tail
the white dog's face is laying on the floor
a white fluffy dog is in a pink collared dress
small dog with large black eyes in snow
a small white dog is sitting outside
"four dogs lined up on a tile floor, in a pattern that matches them"
white dog standing on a pink carpet in a room
a white fluffy dog wearing a red and blue superman shirt
a shaggy haired white dog with a tongue out sitting on the ground
a dog smiling with its mouth open and looking into the camera
a white dog with black on it's head
a white puppy is looking to the side
a close - up of a white dog with its head on a table
a white dog with curly hair and long shaggy eyes
"a dog that is open its mouth, posing"
a fluffy white dog sitting down with its paw on his chest
small white dog sitting on brown bench near building
white dog with white fur laying in the bed
there is no image but a white furry dog laying down
a white dog is in a grassy area
a white dog is catching a frisbee in its mouth
a white small dog has fallen asleep on the bed
a very cute white dog standing on a wooden porch
the man is taking his picture of himself and petting his dog
the small dog is dressed in animal clothing
a woman is sitting in front of four dogs
a white fluffy dog is ready for its owner
a white dog is covering itself from the rain
small dog dressed in a white cloth with an origanite bandana
a close up of a dog with its mouth open
a close up view of a white dog
two dogs sitting on the couch with pillows
a woman holding a small white dog in her lap
a white dog sleeping on the bed in a bedroom
a white dog laying on top of a bed next to a wall
a white fluffy dog with a long chain in front of it
"a long white dog is dressed in blue, black and white hair"
white dog laying down next to his owner
a small dog wearing a shirt next to a pair of shoes
a little dog sitting on a mat in a room
there is a dog that is sitting on the green grass
a small white dog standing on top of a green field
a white dog is sitting on a black backdrop and smiling
"a dog with very large, furry legs, with one eye open and a few teeth on its head"
the dog has his paw on the cushion on the couch
an old dog with long hair and some big black eyes
a white dog standing on a carpet with his paw up
a large white dog standing on tiled kitchen floor
a dog sits on the floor next to some glass pieces
an image of the same stuffed dog in the same picture
small white dog sitting up with eyes wide open
a little dog is laying in the grass on it's back
a small white dog with a red collar
a dog is staring at its owner in front of the house
the small white dog looks out on its hind legs
"four white dogs in long, fluffy dresses"
small white dog dressed in a pink dress holding a leash on the lawn
a man with a hat is holding a white dog
a dog laying down with it's eyes open
the dog is standing on the ledge looking at the camera
a furry white dog with fuzzy hair on his face is posing for the camera
the dogs are standing together and having their picture taken
a small dog with big white fluffy fur on
the white dog is in the sweater which the owner wears
the small dog is laying down with its head next to the table
white dog wearing hat on wooden bench with green fence
a small puppy chewing on a stick in the middle of a carpet floor
a white puppy wearing a bow tie is wearing a rainbow outfit
a dog with long grey hair and black eyes
a cat and dog are on the door way of their home
a dog with its tongue out looking at the camera
a white dog laying on its back with its front paws up
"a white dog wearing a red, white, and blue hat on his lap"
a white dog has it's nose on a cushion
the white fluffy dog is laying on the pillow
a dog that is sitting on some kind of bed
a white dog with a weird look on its face
a close up of a dog with its head resting on the pillow
an image of a white dog staring straight at the camera
the small white dog is sitting down on the tile floor
the white dog is laying on its purple bed
a baby lying next to a white dog
a small white dog standing on the bed with its head bowed back
a large white dog sits in a small room
a person pets a white dog with a pink ribbon around its neck
three small dogs in a kitchen in between a woman
the dog is standing in the room next to the curtains
a girl holding a white dog next to a blue sky
a small white fluffy dog laying down
a white dog sits on a chair in a room
a white puppy with blue eyes on a blue sidewalk
a white dog is dressed in a sweater
a little white dog sitting on some stairs
a close up of two little dogs in a grass field
a small white dog sitting on top of a bed
a little dog leaping on some kind of green grass
a white dog wearing a patriotic hat on its head
a closeup of a dog with a little dog in front
small white dog standing by the water on the grass
two dogs playing together in the grass
there is a white dog with green eyes in the park
the small white dog is sitting on a black surface
an shaggy white dog with his tongue hanging out
a white dog on a bed dressed in beads
a dog with his chew on the bone bone
a white dog on a bed with a bandana
a white dog chewing on a pair of tennis shoes
a white dog is sitting in the grass
the small dog is laying with some blankets
a very cute white dog sitting on a wooden deck
closeup of face of shaggy looking dog with white fur
a white fluffy dog laying on top of green grass
dog holding his owner's black leather shoe while standing on the floor
an adorable little dog is sitting in some flowers
the two dogs have matching clothes that say the one on their heads
a dog with very long hair laying on a bed with towels
a dog taking a bite out of its owner's ear
a small white dog curled up on a blanket
a dog wearing big white hair sitting on the floor
a white dog is standing in the grass
a small white dog with black spots on it
an adorable dog is smiling at the camera
a dog looking back with its head inside a circle
a little white dog standing in the grass
there is a small white dog standing on a blanket
two dogs standing in front of a house
a little white dog that is sitting on a bed
a shaggy white dog laying on tile floor next to wall
a close up view of the nose of a small white dog
an adorable white dog with its mouth open
white fluffy dog sitting down and looking up
a shaggy white dog is sitting on a couch
the bi color dog has white fur over it
two dogs sit on the side of a road
small dog wearing collar sitting at top of shredded up paper
a dog sitting on a bed next to a stuffed animal
an adorable little white dog sleeping on top of a phone
the white dog is dressed in yellow with a dress and hair accessory
the dogs in the yard are all white
a shaggy dog standing on top of the floor
a small white dog with a small black one
white dog lying on the floor looking off in the distance
a dog has it's face made like a bow
a small white dog playing with a toy
a small white dog standing in front of a microwave
a white dog with its eyes open and a black nose
a big white dalmatian laying down on rocks
two cats looking in the same direction through a chain link fence
white cheetah with black spots laying down
two big cats in a zoo behind a metal fence
a portrait of an snow leopard in the zoo
a snow leopard with many interesting markings on his fur
a cat lying on a rock while it sleeps
a white leopard laying down on the floor
a large leopard is laying down on a wooden platform
a leopard in white with spots sits looking out of the frame
a close up of an adult snow leopard
this is the most photo i have ever seen
the snow cat is looking at the camera
a close up of a white and black snow leopard
a large white tiger laying on a piece of wood
a snow leopard looking off to the side
a big snow leopard lying on some grass
"two snow leopards are in a enclosure, one lying down"
a fake snow leopard standing on a roof
a snow white leopard resting against a wall
the snow leopard is lying in the grass and looking down
a close - up photo of a white leopards face
white tiger is resting its head on its tail
a couple of white snowy jaguars hiding behind a tree
a large snow leopard sticking it's mouth out
the snow leopards is walking alone in the snowy terrain
a snow leopard with it's front legs crossed
the young white snow leopard is walking around
a large snow leopard is standing in the fence
a snow leopard in captivity with a drink from the water bottle
the eye on the snow leopard is focused on what will happen at this point
two white and black snow leopards are sitting beside each other
an image of a snow leopard that is in the grass
the animal has fallen down on his back
a white snow leopard walks into the enclosure
the large white snow leopard is standing on the rock
the head and shoulders of a white cheetah looks out over the rocky background
"a snow leopard, or snow leopard with spots on her head"
a white snow bear standing on top of a field
the snow leopard is lying down on a concrete floor
a snow leopard behind a wire fence in an enclosure
the big cat is resting in the rock
"the animal in front is a snow leopard, and in the background a wire fence, a man with gloves and glasses standing around"
snow leopard in the zoo laying on the perch
an adult snow leopard stands out from the camera
a large white snow leopard sitting under a rock
a large white and black leopard sitting on the ground
a snow leopard has green eyes and is sitting
a close up of a snow colored snow leopard
a drawing of a snow leopard in the snow
some fake snow leopards are behind the fence
two snow leopards side by side walking on the rocks
a snow leopard walks along a fence and snow covered ground
a fake white leopard is in front of a painting
a close up photograph of a snow leopard
an adult snow leopard sitting under a wooden structure
snow leopard lying on top of a tree
the baby snow leopard sits on the ledge and looks up
a white and black snow leopard lying down
a snow leopard staring into the distance
a large white tiger laying on top of a stone wall
three snow - like cats sitting side by side outside
two snow leopards stand close to each other behind a fence
a snow leopard laying on the ground with his eyes closed
two snow leopards are seen close to one another
a white tiger behind a fence looking at something
a white snow leopard has spots on it's fur
a snow leopard is sitting in the forest
a large white snow leopard standing next to a wall
a snow leopard looks down while a larger one stands by
a snow leopard is laying down in some rocky places
a close - up of a snow leopard laying on the ground
a white snow leopard looking at the camera
a large white snow - leopard standing in grass
an image of a white tiger with one eye closed
the large snow leopard appears to be sitting in the zoo
the leopard is resting in the cage behind the bars
the baby snow leopard was hanging out in his enclosure
a snow leopard sitting on top of a wooden pallet
two snow leopards sleeping on top of some branches
a close up picture of a snowy leopard yawning
a photo of a large leopard snarling with it's open mouth
a photo of a white animal that has black spots
an animal that is laying down on the ground
a snow leopard laying down next to its baby
the leopard stares at people in the distance
a cheetah behind a wire fence licking it's head
the tiger drawing shows the face and front part of a close up
an image of a close up of an animal that is growling
there are several snow leopards together in the dirt
an image of a large animal with tongue out
two cheetah are facing each other in a zoo exhibit
"a white cat with black spots, sitting on the ground"
a white and black animal in caged area near trees
snow leopard standing in the shade by trees
a snow leopard resting its head on a rock
a snow leopard that is in the middle of a cage
a close up view of a white snow leopard standing in some tall grass
"this picture shows one of the two owls, the third owl, and the third"
an image of jaguars that are sitting near each other
a snow leopard with its mouth open and his teeth slightly showing
the snow leopard is roaring his mouth out
a tiger face with the words snow leopard printed on it
close - up of a white tiger face through branches
a small snow leopard laying on the ground
two snow leopards that are in their pen
a very pretty cheetah is shown with dark background
a snow white leopard laying down on top of a window sill
the large white snow leopard is resting on top of the rock
"an animal's face, it looks like he is painted on a canvas"
the large snow leopard is walking along on the dry ground
close - up of two white snow leopards facing opposite directions in a zoo
a baby tiger sitting on the ground next to some rocks
there is a snow leopard in its enclosure
a white cheetah walking across a concrete slab
snow leopard looking at the side of its face
snow leopard at the zoo lying on rocks
a drawing of two cats laying down on some grass
a white tiger laying in a cage looking through the fence
one large snow leopard is lying near another
a snow leopard laying down looking to the left
"a snow leopard laying in the snow, near a wire fence"
there is a big white snow tiger laying down
a close up of a white tiger on a grass and leaf background
close up of the eye of a snow leopard
two snow leopards sitting in the middle of a snowfield
the face of a white and black tiger looking into the distance
a snow leopard standing next to a metal fence
there is a white cheetah on the rock
a snow - cat with black spots walking near other zoo animals
some snow animals in their habitat at the zoo
a very large white leopard staring out from the leaves
a white tiger is laying down
a large snow leopard on the field laying down
some animals that are walking around in some hay
two white tigers locked together in a cage
a snow leopard standing up against a tree
a snow leopard lies on a rock in its cage
snow leopard sitting on rock next to tree trunk
a snowy leopard walking through some very large rocks
an image of a snowy tiger that is sleeping
a snow leopard in an outdoor area with palm leaves
a snow leopard with its chin raised is looking at the camera
a white tiger walking across a walkway with it's mouth open
the white and black snow leopard is showing off his regal side
two snow leopards sit next to each other on some rocks
snow leopard laying in the grass behind the fence
a large black and white snow leopard in an enclosure
two white statues on a mountain or rock
a black and white picture of a snow leopard
an animal that is made up like a large leopard
a snow leopard looking to its left while standing next to rocks
a closeup of the face of a large leopard behind a chain link fence
a snow leopard sitting down with its mouth open
a big snow leopard posing with his trainer on the back of an suv
a snow leopard standing in the middle of the forest
the large snow leopard is close up to the tree
a photo of a snow leopard sitting down
a snow leopard laying down on top of a rock
the snow leopard is resting in a natural setting
a large cat in a zoo laying on some kind of rock
a white tiger resting near its cage in a zoo
a large white tiger laying down in its pen
a white and black snow leopard sitting on rocks
a snow leopard staring at something on the mountain
snow leopard in close - up picture with one eye open
the two large animals are lounging on the outside patio
the profile of a white leopard showing his tongue out
a group of dalmatians standing on the ground together
a large leopard is walking on the rocks
a snow leopard that is lying on the ground
the big white snow leopard is laying on the ledge
two small white leopards are next to each other
a snow - covered animal rests on snow covered rocks
a snow - covered animal walking across snow covered ground
a snow leopard standing on top of a rocky mountain
a cheetah climbing on the side of a rock wall
a grey - and - white snow leopard walking alone
a snow leopard is seen in the forest
a small group of large birds sitting on a mountain
a very big pretty furry cat walking by a fence
a big laying on its side with its paws up
two snow leopards are fighting over the same item
white tiger showing full expression with black eyes
a large snow leopard is resting its head on the tree
a white snow leopard standing over a rock next to some grass
the snow leopard has black spots on his face
a large white snow leopard laying in the grass
an animal sitting on some rocks in front of a rock
a tiger is sitting behind the bars of his cage
the white and black cat walks down the pathway
a close up shot of the front of a white and black snow leopard
an animal that is behind a fence in snow
a white and black spotted snow leopard sitting on some rocks
a large white tiger is growling while sitting on the ground
a dalmatian laying on top of rocks in the grass
a close up of a big snow leopard with it's teeth showing
a snow leopard with yellow eyes walking in the wild
a large white animal with an unique look
snow leopard hiding in tree looking at photographer
this is a shot of a snow covered walking cat
a white animal with a brown collar and black nose
an adult snow leopard standing in its enclosure
the leopard's face is visible in this view of a field of weeds
a snow leopard climbing up a old tree trunk
a snow leopard that is laying down on top of a rock
the snow leopard is staring at the camera
snow leopard is sitting on the stone and staring
the snow leopard has been spotted by many different species
a snow leopard that is standing up near some rocks
a snow leopard hissing with its mouth wide open
a white snow leopard looking out over the lush forest
the large spotted cat is perched on the branch
a cat with a black stripe on its face in some tall grass
a snow leopard stands in the middle of the fence
a white snow leopard with black spots and stripes walks along some grass
a cheetah walking around on the ground
a white and black snow leopard laying on some rocks
a snow leopard in captivity standing next to some rocks
snow leopard with open mouth looking through a fence
a stuffed snowy leopard is showing his teeth
a white and brown snow leopard looking into the distance
a white tiger standing on top of dirt and leaves
a snow fox behind a chain linked fence
the face of a wild leopard appears in front of black
the snow leopard looks out over the rock formation
closeup of a big snow leopard near a fence
two grey and black dalmatians outside in the sun
a rock statue of a cat sitting on top of a stone
a cat with white fur laying down on some rocks
"a clouded cat with a big, fuzzy face looking out into the distance"
the leopard looks like he was eating some grass
two pictures of a tiger and a tiger on a yellow carpet
two snow leopards are sleeping in an exhibit
a picture of a white cat lying in concrete
two grey snow leopards lying down on bed next to two blue blankets
a snow leopard that is looking off in the distance
white and gray fur on a white snow leopard
a close up shot of a snow leopard
the white snow leopard is roaring while on the rocks
a large white and black leopard near a tree
"snowflare, very large adult lying down in the sun"
the back of a giraffes face and a round wooden railing
an image of a white tiger laying down
two snow white cats are standing behind a fence
an animal that is inside of a cage
two animals in a cage at the zoo
a snowy leopard sitting on top of a rock
the snow leopard is sitting in the bushes
a snow leopard with an unsmidled face looks into the camera
two large white spotted animals in a pen
a snow - like creature lying on the ground next to a paved sidewalk
the large cat is walking around looking at the birds
a close up of the head of a snow leopard looking at you
a snow white tiger laying on its side in a cage
a large cat rests inside a cage in the dirt
the face of a big white snow leopard
a snow white tiger staring at something with eyes
the snow leopard is relaxing inside its den
a leopard laying down on top of a brick floor
white tiger is sleeping next to his self
an artistic photo of a white tiger lying down
the snow leopard is laying down by the rock
an image of a large white snow leopard
"a snow tiger has white hair, black eye lashes and a white head"
a cat standing on the snow next to a rope
a close up of a snow leopard behind a cage
"a cat near a tree, in the background is snowy trees"
a large snowy leopard walking across a forest
a large snow leopard walking on top of a stone
a snow leopard laying down in a zoo habitat
a bear is sitting by itself in the rock
two snowflats stand next to one another
two snow leopards are shown walking in their exhibit
snow leopard feeding on some bushes in the grass
a close up of a very cute looking cat laying on a rock
the snow leopard has a black and white coat
two cats sitting in the snow among trees
a snow leopard behind a fence with it's eyes open
snow leopard walking down stairs carrying rope to climb
a white tiger rests at the edge of the river
a white leopard laying on the grass in black and white
a large snow leopard is standing in the grass
a leopard is laying on some vegetation in the woods
several snow leopards under the water inside an enclosure
a large snow leopard laying on the ground
a snow leopard that is by the tree leaves
a close up view of two white tiger's face
two baby snow leopard standing next to each other on a log
a snow leopards head is shown with its eyes closed
the adult snow leopard is walking around its habitat
a snow - covered animal is in the pine trees
a fenced in area with a large white tiger laying down inside
a white tiger and a leopard are next to each other
an animal sitting on top of stone and dirt
a closeup image of a white leopard's face
a snow leopard with its mouth open while laying on a rock
two snow leopards stand on a pile of wood
white and black animal looking out the fenced in area
a white tiger sitting down with his eyes open
two snow leopard laying on the ground in a zoo
a white leopard in a cage at the zoo
a snow leopard is sitting in the snow
a white and black snow leopard is staring at something
a very large cute looking animal with big orange eyes
the large white and black animal has large teeth
white snow leopards are seen walking around the evergreen forest
a snow leopard on top of rocks in an enclosure
a large group of white and black snow tiger are in a zoo cage
white and black tiger with white stripes is seen outside in sunlight
a white and tan tiger lying on a rock in an enclosure
the snow leopard is very close to its surroundings
a white tiger laying in a caged enclosure
a painted snow leopard in the snow in the winter
an animal appears to be peeking out of the leaves
the large animal is in an enclosure alone
an image of a snow cat and two cubs
a white snow leopard laying down near greenery
two snow leopards with water in the background
a white snow leopard laying on a rock next to rocks
a snow leopard that has a branch in its mouth
a snow leopard is standing in the grass
the close up side of a white snow leopard
a close up of a snow cat with her paw on its face
the face and head of a snow leopard looking at something
a white tiger looks over the top of its head
a white tiger cat sleeping on the ground
someone holding a fake leopard with its hands on top
the face of a snow leopard
a white snow leopard sitting in a cage in a zoo
3d digital image of a large snow leopard and his surroundings
a white tiger sticking its tongue in its mouth
a white and black snow leopard standing in the shade
two tigers are fighting with each other on a sunny day
two large cats cuddle together in front of a stone wall
two large white cats resting on top of rocks
snow leopard that is sitting in the dirt
a snow leopard with his face near a big rock
a snow leopard eats a carcass on the ground
two large snow leopards lay on the ground
a white tiger behind a fence on a field
a snow leopard is walking towards the camera
a white tiger has his tongue out while hiding through the green foliage
the baby baby snow leopard is being held up to its mother
a stuffed animal looks like it is falling off the cliff
a white cat in the snow with its head resting against a piece of furniture
a white tiger is sitting behind a fence
a close up photo of an snow leopard's face
a snow leopard laying on its back in the snow
a snow leopard is lying on some rocks
a stuffed animal in concrete laying on large boulder
small white leopard laying its head down on a rock
the very large white snow leopard looks at the photographer
a close up shot of a large black and white leopard
the white and black tiger has one ear open
a big dalmatian laying down in the snow next to a wire fence
a white and grey snow leopard laying in sand
a white snow leopard is sitting against the tree
snow leopard lying on stone rock in forest
a snow leopard is reflected in the glass window
a snowy tiger on display through mesh fencing
adults in uniform helping children with pet at animal parade
the snow leopard looks like he is very proud
there is a very big snow wolf on the ground
the fur on the side of a cheetah has dots and spots
a white leopard snarls at the camera
"the white tiger has large, open eyes"
a snow leopard's nose resting on the ground
a white tiger behind bars inside the cage
an artificial snow leopard is shown next to the fence
two snow - capped cheetahs in front of a camera lens
a cat in a zoo or fence looking down
"the cat has long whiskers, while it is lying on a white carpet"
a snow leopard in profile looking into its enclosure
a large white leopard laying down with its head on some rocks
an animal in some kind of zoo standing in dirt
the face and shoulders of a white leopard
a close up photo of a snow leopard
there are some very cute things in the wild
a snow leopard is climbing around at the zoo
a big white tiger behind the fence at a zoo
a white leopard resting on a rock
looking through the cage at a white tiger
a snow leopard looking into the camera and standing
this is a digital painting of an animal lying on a rock
a snow leopard resting in the leaves
white tiger in fenced off area standing over rocks
the leopard and the leopard are close together
there is a large white tiger lying on the street
some white and black animal statues sitting next to each other
the big spotted snow leopard smiles brightly as it walks towards the camera
large animal with black spots standing in front of it's enclosure
a boy is petting a fake snow leopard
there is a toy leopard sitting on the table
a large snow leopard is sleeping on his side
a white leopard and a grey spotted cheetah looking in opposite directions
a white snow leopard resting on it's side while playing in the sun
a snow leopard stares intently as it sits on his hind legs
white snow leopard with black spots showing off its mouth
a jaguar resting on top of a tree trunk
there are three white snow leopards that are showing off their open teeth
an animal laying on top of dirt and grass
a snow leopard looking into the distance while wearing jewelry
a tiger with its mouth open is laying down
a snow leopard on the rocks with it's face obscured by its rear paws
a snow leopard staring off into the distance
a zebra laying down on the rocks of an enclosure
the close up of a snow leopard next to a person
a snow leopard that is standing in some brush
a snow leopard standing on top of snow covered ground
a close up view of the face of a white and black cat
a white snow - leopard is looking off in the distance
large white and black cat laying in concrete
there is a white tiger staring at the camera
an adult snow leopard with white fur in his zoo habitat
a big cat with his tongue hanging out
a snow leopard staring intently at the camera
two snow leopards sitting next to each other in the grass
there is a snow leopard standing on the rocks
snow leopard sitting on the concrete steps outside
a tiger in its cage eating on a pillow
the leopard has its front paws outstretched while resting
"two large, multi - colored cats walking in grass"
a large white snow leopard standing in front of green forest
the cub is looking at something and has a sad look on it
a closeup picture of a snow leopard
the large snow leopard is standing near the water
a small tiger cat trying to eat the leaves of a palm tree
two cheetah are laying down on a bench
a close up of two snow leopards next to each other
a big white snow leopard is in a fenced enclosure
a white leopard looks away in front of a concrete building
a snow leopard laying on top of a stone wall
a small white leopard laying on top of a rock in a zoo
a pencil drawing of two cubs lying down
an image of a snow leopard standing in the woods
an all black snow leopard on the green grass
a snow leopard is shown standing on the rocks
a close up of a cat's mouth and its teeth
two jaguars sitting next to each other on a rocks
a large snow leopard lying on top of a rock
snow leopard laying down looking over wall
a close up of a white snow leopard face
a white snow leopard with an orange face looks to the side
white tiger with black and gray markings lying on a tree
a snow leopard with black spots on its face
a big cat standing on the side of a road
the leopard is looking through the window to see its teeth
large white and black spotted snow leopards behind a fence
a small white and black snow leopard next to a tree
two snow leopards sleeping next to each other on some rocks
an adult snow leopard in a zoo like environment
a snow leopard standing next to another laying on the ground
a large white snow leopard laying down on a rock
a big and very cute looking white tiger
a snow leopard sitting next to another wall
a close up of a snow leopard with its eyes wide open
a close - up of a snow leopard at a park
a snowy snow leopard looks pensively towards the right
the snowy leopard couple is walking in front of one another
there is a very beautiful face and an opening in the mouth
the spots in the giraffe's fur are fading green
a snow leopard staring straight ahead at something
"snow leopard open mouth, looking up at another animal"
"a small, white spotted animal standing by some plants"
the white tiger looks like it has been caught
the large white snow leopard is staring into camera
a closeup image of the face of a snow leopard
a large white and black snow leopard on a concrete platform
two snow white cheetah's sitting down while looking at camera from behind stone wall
a white and black cheetah is looking up and to its right
a snow leopard resting its head on rocks
a white cat has green eyes and is close up
a close up view of a white snow leopard
a lynx standing next to a rock face and arm
a snow leopard is laying down in some rocks
the face of an adult snow leopard
the snow leopard is walking and looking very menacing
an adult snow leopard looks out through a fence
a white and grey snow leopard near a stone wall
a very large and pretty looking snow leopard
two snow covered cheetans sitting on the ground
a big fluffy white snow leopard crossing in a field
a big white snow leopard behind a metal fence
a close up of a snow leopard sitting on grass
an animal that is laying on the ground
close up of the fence and foliage in a tiger enclosure
a snow leopard looks into the distance
three snow like looking animals are close together
a white and black leopard is laying down on its stomach
two snow leopards resting near some large rocks
a snow leopard laying on top of a metal platform
a large snow leopard laying in grass inside a fenced area
a close - up of a grey tiger's eye
a snow leopard is walking on the grass
black and white image of a snow leopard on top of a rock
the snow leopard is sitting in a basket
a fake snow leopard head and wooden stick
a snow leopard laying on a table in the zoo
a snow leopard painted on a screen in front of it
a white tiger with dark green eyes and brown stripes shows it's teeth
"a beautiful, large white leopard is in front of an enclosure"
a snow leopard with an angry look on his face
the leopards are standing in their fenced enclosure
a large white tiger roaring with its mouth wide open
a close up of a snow leopard staring at something
a snow leopard is looking through a wire fence
a picture of a snow leopard from a wildlife magazine
a snow leopard with an eye patch sitting next to a tree
a white tiger laying in some rocks behind a fence
a black and white snow leopard is laying on the ground
snow leopard in a zoo laying on the ground
a snow leopard resting on a stone in the dark
a white tiger laying on its side next to metal chains
a snowy leopard that looks like he is coming out of a gate
a snow leopard that is on a tree branch
there is a very large snow leopard laying on a wood log
a man with a stuffed animal is smiling
a spotted spotted snow leopard is bending over
an animal's white tiger head is made from the snow
two large snow leopards walking around in the sun
an adorable baby snow leopard is resting next to a water bowl
the white snow leopard looks up at the camera
a close up view of a snow leopard on the ground
an adult snow leopard sitting in a field
a white tiger looking at the camera with white fur
the white and black face of a snow - leopard
a snow leopard with its mouth open and teeth wide open
a large black and white leopard laying down
two adult cheetah resting in some green grass
a small white and black snow leopard walking on rocks
the white and black cat is laying down behind mesh
a snow leopard sitting on top of a lush green field
two very cute baby snow leopards cuddled together
a snow leopard staring intently while he sits in the sun
one snow leopard is walking beside the other while another snow leopard is staring at it
"pair of snow leopards sleeping in indoor enclosure,"
a small cheetah climbing up on some rocks
a snow leopard with its mouth open opening
a snow leopard with it's head up against the side of his enclosure
a snow leopard that is panting while sitting down
there is a large stuffed white tiger laying on the window sill
a snow leopard in profile resting it's head on another tiger
two big cats in the wild laying down
a black and white drawing of a snow leopard looking out
there is a leopard that is laying on the rocks
a snow leopard standing in the sun near rock walls
a closeup of a snow leopards face
a big snow leopard lies in the snow with its paws on it's face
four leopards one larger with its mouth open
a snow leopard standing on the rocks in an enclosure
a white and black snow leopard laying on some rocks
an amur leopard is on some rocks
a snow leopard looking out over rocks and rocks
there is a snow leopard that is sitting on the wall
snow leopard in grass laying down and staring at something
this is an image of a white creature in a zoo
"this is a drawing of a leopard,"
the man is laying down on a bed that has his arms laid out
a very pretty large cat on a rock
a snow leopard statue sitting in front of a brick wall
the snow leopard is white and gray colored
white and black snow leopard sniffing some rocks
this is a big snowy leopard laying down
a snow leopard looking into the camera
the snow leopard is laying on the ground
a close up image of two white leopards in a zoo enclosure
a white tiger with big blue eyes and its head resting
snow - white tiger cub enjoying some water from a bucket
a large white snowy leopard close to its face
a snow leopard walking on the top of a rock
three snow leopards resting on the ground in an enclosure
a pencil drawing of a cat resting on a rock
a white tiger peering through a chain link fence
white and black snowflake staring at something
the statue shows a snow leopard on a bed of sand
a large leopard sitting on top of rocks
a snow - cat's face with blue eyes
a large white tiger with black dots on its face
one snow leopard stands on the rocks while the other looks at its surroundings
a leopard spotted out and enjoying a walk
a white snow leopard posing for the camera
a large white snow leopard laying on top of a rock
a picture of a snow leopard sitting in the snow
a snow leopard is laying down close to the camera
a very big white snow cat in a tree
a snow leopard is staring ahead at something
"a close - up shot of a large, tiger's face"
this is a white and black spotted cat sleeping in the dirt
"a snow leopard on concrete, with its teeth wide open"
the eyes of a white tiger close up
a snow leopard in a zoo setting looking over another animal's fence
a white snow leopard yawns while laying down
a white and black leopard stares directly at the camera
an image of a snow leopard looking at the camera
a white tiger resting next to a tree in an enclosure
a white tiger behind a metal cage at a zoo
a snow leopard walking across a snowy field
a white dog sitting behind metal fence
a snow leopard statue standing in the grass
a snow leopard stares out through the gate
a white snow leopard looks like it is standing on its hind legs
a snow tiger staring straight ahead in his pen
a large white tiger sitting next to a green wall
the snow leopard sits on the rock while looking down
leopard laying near and looking down at tree
snow leopard in a chain linked enclosure by its handler
there is a white snow leopard that is laying down
the white bengal cat is resting comfortably
the face of a snow leopard standing on top of a rock
a snow leopard sitting on top of a rock near a tree
a snow leopard laying on top of a stone ledge
two snow leopards laying down with their heads resting on some rocks
a snow leopard peering out from its den
a man standing in front of a fake animal on a blue mat
the white face and black spots make up this cat
a very close up of two animals roaring
the snow leopard is sitting on the rock
the white leopard is sitting on the ground in his enclosure
a large white snowflake laying in the sun on top of a tree log
an owl with white markings resting on rock
a close - up of a picture of a cat with green eyes
an adult snow cat and its baby playing on the rocks
a bunch of black and white animal in a zoo exhibit
a picture of a large cat in a yard
a small tiger and two smaller cubs in the grass
a close up of a snow leopard animal with green eyes
"a small rodent hiding in a grassy, wood, tree with a fence nearby"
white tiger sleeping on rock under large tree
a snow leopard is behind a glass cage
a snow leopard looking up from behind a tree
a snow leopard cub with his mouth open standing in the grass
there is a snow leopard with it's mouth open
a gray snow leopard sitting close to the camera
some snow leopards next to a rocky enclosure
a large snow leopard with his mouth open
a large white tiger laying next to a metal fence
a close up picture of an elegant white tiger
two snowflots that are sitting on some rocks
there is a snow leopard exhibit that is being displayed
three leopards are sitting on a rock ledge
"a photo of a stuffed snow leopard, taken by the camera"
a snow leopard laying down on a rocks covered boulder
the white leopard is getting some water with its tongue
a snow leopard that is laying down on a stone
a close up picture of a baby snow skier on the side of a log
snow leopard laying down near rock wall in the wild
an image of two snow leopards that are resting
the baby leopard is standing on it's hind legs
a snow leopard in front of a tree stump in a forest
a snow leopard in an enclosure at the zoo
there is a very large white and black snow leopard
a white snowy animal with his mouth open
a very cute looking cat standing on a metal pole
the snow tiger is walking in an enclosure
a white tiger looking up from the tree
this clouded snow leopard is displaying its dangerous teeth
"a white tiger in a cage, with its tongue hanging out"
a large white and black animal that is laying down
there is a snow leopard standing outside in the woods
some very colorful fish on the water
a cheetah is standing near some rocks
two white snow leopards are resting near one another
a close - up picture of a snow leopard with his teeth bared and tongue out
a snow leopard has one eye wide open
a big desert animal is standing alone next to some rocks
there is a very large white snow leopard walking
a snow leopard looking upward at something and smiling
a snow leopard looks at the camera from behind it
a white and black animal sitting on some logs
a cat in a cage looking at camera
a snow white tiger is standing in the wild
a painting of a tiger in winter snow
a snow leopard resting his head on top of the edge of a tree trunk
a white and black cat is laying in a cage
two adult snow leopards lounge on their back legs
a very large white snow leopard through a chain link fence
a spotted leopard resting on a ledge behind a chain link fence
a snow leopard in an enclosure stretching with its hand up
a snow leopard resting on top of a large rock
a leopard behind a chain link fence in the grass
two snow leopards are on a tree log
some big animals that are walking around in the grass
a large white leopard sitting on the rock
a snow leopard is behind a large metal fence
two snow leopards in an enclosed field and some trees in the back
an adult snow leopard displays its teeth that are open
the jaguar is in his cage looking into the camera
the face of an adult amur sitting on a rock
a very cute snow leopard laying in a field of grass
a large white snow leopard laying down on the ground
the leopard is in its natural habitat waiting on someone
a snow leopard is sitting on the ground
two white cats are sleeping inside of a stone enclosure
a white tiger laying down next to a fence
two white leopard's head and each one is white with black spots
a white tiger is sitting in the cage
snow leopard with a white fur coat looking off into the distance
large leopard sitting and looking down inside an enclosure
a tiger with white black spots looking through the fence
a big white tiger behind a cage in front of green leaves
a snow leopard is sitting on the ground behind a fence
a grey leopard behind a cage eating hay
a snow leopard sits near a tire
a close - up of the underside of a snow leopard's eye
a snow leopard looking into the distance with a white and black leopard in the back
the large white snow leopard has it's teeth loose
the stuffed snow leopard is lying on the ground
large snow - cat walking near rocks on hill at zoo
the stuffed snow leopard is peeking over the log to talk
a large white snow leopard lying on top of a rug
an image of two snow leopards that are in the zoo
an image of a large cat sitting on rocks
a large snow leopard with red and black spots
a snow leopard crawling in green grass next to trees
this is a snow leopard resting its head down in a fence
this animal is on the grass and eating
a snow leopard standing in the sun looking
two white and black cats sitting under some windows
a close up of a snow leopard face
a pair of stuffed animals stand next to each other near the rocks
a snow leopard is licks a bone as it relaxes
a close up of a cheetah laying on the ground
a black and white snow leopard staring at the camera
a large snow leopard laying on the ground
two snow leopards walking next to each other at the zoo
there is a zoo animal on the ground
a couple of snow leopards sitting on each other
a large white snow leopard laying on top of a metal shelf
this is a large snow leopard at the zoo
the snow leopard is laying on the grass
a big cat with it's mouth open showing some teeth
two snow leopards are separated by a chain link fence
a white and gray bear sleeping on top of a wooden table
a close up of an adult snow leopard
two large snow leopards sitting in a zoo exhibit
a white snow leopard on a rock near some rocks
a snow leopard in a zoo looking at the camera
snow leopard cub eating from a bloody toy
a snow leopard standing in front of some branches
a grey and white snow - leopard on grass
a snow leopard looking up in front of the camera
a tiger behind bars looking through a cage
the snowy leopard stands alone in the forest
a snow leopard sitting on top of a field
this is a snow cat looking straight ahead
a large white tiger laying down on top of a blanket
a snowy white tiger sits beside its habitat
the front view of a white leopard from its profile
a white snow leopard in an enclosure making his teeth stand out
a close up of an animal with its mouth open
a snow leopard is sitting next to something outside
a very big pretty snow leopard looking at the camera
a large snow leopard standing on top of a rock
two snow leopards in an enclosure surrounded by rocks
a large gray and black leopard walking through the grass
a white and black tiger laying on its back
the snow leopard is looking out at the pine trees
a snow leopard standing on some rocks and bushes
a snow - laden snow leopard is resting with his head in the air
a snow leopard laying on the top of some tree logs
a very large cat sitting and looking at something
an artistic looking picture of a snow leopard in grass
a white leopard standing next to a rock
a big snow leopard in a park looking down
a big white tiger laying down in some grass
an adult and young clouded leopard lying down together
a large snow leopard standing by the rocks
a close up photo of a white tiger with the words
"a snow leopard with its mouth open, yawning"
an animal that is walking in the snow
a snow leopard sitting next to some bushes
a snow leopard staring at something to the side
a large white tiger sitting behind a fence
"a white and black leopard's face, facing right"
a snow leopard sitting in the tall grass
a spotted animal that is laying down on the ground
two snow leopards with one behind the other staring off
a white leopard laying on the edge of his enclosure
a white and black animal laying in front of a stone wall
a beautiful snow leopard is laying in the middle of his habitat
the snowy leopard looks to be getting a nosey
the head and shoulders of a white snow leopard
a snow leopard in a cage walking through the snow
two snow leopards on the grass in a pen
two snow leopards looking at something near by
a close up of the face of a leopard behind a fence
a snow leopard in the zoo resting on rocks with its paws up against a fence
a snow leopard is sitting on the step
there is a small image of a snow leopard
a white and black leopard and rocks at a zoo
snow leopard resting on the roof of a house
the adult snow leopard is looking down into the grass
a painting of a snow leopard sitting on the ground
the big snow leopard is looking towards a red hand
a large white leopard behind a chain link fence
a black and white leopard eating something out of a cement ledge
painting a close up of a large and small leopard
a snow leopard that is standing on the ground
a snow leopard standing in front of rocks and trees
this is a snow leopard in the field
a tiger in a cage with a rock wall
two little baby snow leopards sit together on a log
a snow leopard staring into the distance
the snow leopard stands and looks at something
a white snow leopard in an enclosure at a zoo
snow leopard standing with an eye on the camera
a large white leopard laying on top of dirt
an older snow leopard looks on while standing in the grass
a stone wall with a statue in the water
"a snow leopard is stretched out, in a cage"
the snow leopard is lying down on a rock
a close up of a cat laying down on the ground
a snow leopard in a tree with it's head sticking out of the ground
a leopard skin covered animal laying in the grass
a snow leopard standing in front of a wire fence
an animal with its tongue out with a large rock behind it
an adult snow leopard has his tongue raised out
the face of a white tiger with yellow eyes
two snow leopards relaxing in a zoo enclosure
snow leopards laying on the ground with trees in the background
two snow leopard in a natural setting against a rocky mountain
a black and white cat sleeping on a rock
a large white snow leopard in a caged in area
a large snow leopard laying on a dirty ground
a close up shot of an animal with its mouth open
the white tiger is looking in to the camera
a white snow leopard is shown in this photo
a white and black tiger looking at the camera
a baby leopard cub in a pen with his paws stretched out
a baby snow leopard is sitting down on some rocks
a drawing of a cat laying in a bed
a snow leopard with open mouth sitting on the ground
this is a white snow leopard looking at the camera
"a few birds are under a shelter, in the snow"
an animal that is walking through some grass
a person holding onto a zoo cat through a fence
a snow leopard with snow covering his fur
two owls sleeping on steps in the sun
snow leopard in captivity during the winter months
a dalmatian dog standing at a door with it's head above a mirror
the image shows the large snow leopard on top of a rock and paw at his paw
a snow leopard sitting on a rock behind a wire
a black and white photo of a snow leopard
two dogs next to a fence and each with its leash
a close up of a snow animal laying on a rock
a white tiger is lying next to another in the snow
a white snow leopard laying down while the snow leopard looks alert
the big white snow leopard is resting next to a chain link fence
a leopard standing on rocks looking around in the snow
a lone snow leopard is walking on rocks
a white snow leopard is surrounded by smaller snow leopards
a close - up of a snow leopard's head and neck
the snow leopard on the tree has white fur
two snow leopards lounging on rocks in their zoo exhibit
a very big pretty white tiger in a fenced enclosure
the head of a white tiger cub with an odd look on its face
a snow leopard standing in front of its home
a close up of a snow leopard on the road
a closeup of a white snow leopards face
the white tiger is looking at the photographer
an animal that is walking around a rock wall
a close up view of a large white tiger
this is a view looking through fence at the giraffes
a close shot of a snow leopard face
a white snow leopard standing next to a wall
two snow - covered snow leopards laying on rocks near some rocks
the big white snow leopard is standing near other animals
white and black animals behind a caged wire fence
the white leopard is behind the wire fence
two tigers inside the enclosure with one laying down
a man and an adult woman walking past a large leopard
the texture on the animal is grey and black
the snowy leopard is looking to its right in the tall grass
a white tiger in zoo enclosure at an animal park
a snow leopard is standing in the dirt
a white tiger looking at a bird through a fence
a snow leopard resting on top of a rock
the snow leopard is sitting and looking very majestic
a snow leopard sitting on top of a rock
a snow leopard poses for a portrait
a large leopard standing in front of a metal fence
an owl sitting next to snowy trees covered in snow
the snow leopard is photographed through the fence
the face of a snow leopard
the big snow leopard is relaxing on the gravel
a snow leopard cub and its mother in full fur
a snow leopard resting on a rock under a wire fence
white and black leopard - like object on it's back resting in the dirt near a tree
a cat sitting and laying on the ground
the snow leopard has its eyes closed as if looking to sleep
"an snow leopard is standing near rocks, gazing into the camera"
a white snow leopard with green eyes is looking at the camera
an animal that is sitting next to a tree
a white snow tiger sitting on a tree branch
a snow leopard is laying down inside a cage
two snow leopards'heads can be seen in the same mirror
the white tiger is resting on a tree
a snow leopard in the rocks with his paw out
a large adult leopard laying on its side
a snow leopard laying down outside on its enclosure
two snow leopards in a zoo with trees and rocks
this is a picture of a white snow leopard
two leopards resting on the roof of an enclosure
a close up shot of a snow leopard looking at the camera
a snow leopard in the process of being photographed by someone
a large white tiger laying down on a wooden floor
two white lions laying on the rocks by a fence
a white and black snow leopard looking sad at the camera
three snow leopards are lying on the ground
this photo shows a very close up photo of a white tiger's face
an animal with big teeth and yellow eyes is running
an image of a zoo scene through the fence
"three large, young adult snow leopards cuddle together"
a closeup image of a snow leopard in some wood
a very cute small snowy white animal with black spots
a close up of a white and black animal's mouth
a white snow leopard with black spots
the big snow leopard is standing with its paws crossed
"white snow leopard in captivity, walking in the grass"
a white snow leopard walking across some grass
a white snow leopard laying on top of a gray furry cat
a close up image of a white leopard with black spots
the snow leopard looks to be tired or not bored
the young tiger is sitting down and staring
two snow tigers sitting on some rocks
the two baby animals have made themselves sleep
a white tiger stares into the distance
the large white tiger has many spots of fur on it's head
an animal that has a big grin on his face
two snow leopards standing inside of a caged enclosure
"a closeup view of a large snow leopard, it appears to be a cat with two ears protruding and the same face a short"
a large white and black tiger with its teeth open
two snow leopards that are laying down outside
white and black zebra at the zoo with snow in background
a close up of a snow - leopard making its tongue out
two leopards climbing up the rocks in an enclosure
a close - up of two snow leopards'faces
the white and black snow leopard is behind a wire fence
the white snow leopard is looking up as it sits
"a snow covered, white - colored tiger looks out over the edge of his enclosure"
two snow leopards laying near each other on some rocks
a close up of a small cat laying on a field
the snow leopard is resting in its cage and looking up
a spotted cat is on top of some concrete
a snow leopard sitting in front of a wooden wall
two snow bears in an enclosure on rocks
a big snow leopard yawns in the grass
the face of a large gray colored snow leopard
a close up of a snow leopard laying down
the white snow leopard is sitting near some trees
a pair of snow leopards are walking on rocks
a white spotted snow - capped bear is standing in some tall grass
an old white snow leopard in its'teeth
a snow leopard standing on some logs
snow leopard resting in snowy outdoor setting during daylight
an image of a big and young zebra laying
the snow leopard looks very sad with one eye open
a snow bear is near a white leopard
white tiger with black eyes and some green leaves
a close up shot of a snow leopard's nose
snow leopard in habitat surrounded by greenery and rock
a stuffed snow leopard sits in the small cage
a white and black cheetah looking at the grass
the animal is walking around the grassy field
a small cat looking at the camera over an animal
several large animals standing at the zoo zoo enclosure
a close up of a animal's face with its eyes closed
a leopard laying down on some dirt next to some rocks
a white tiger sits in a zoo enclosure
the drawing shows the details in the background of a white leopard
"a snow leopard standing in the snow, staring upward"
close up photo of snow leopard staring away
the image is a white leopard in it's cage
a cat is sitting in a cage and a fence
a white and black snow leopard staring into the distance
the snow leopard rests and licks on rocks
a white tiger staring into the camera
"the photo is very blurry, showing two cats on the elevated platform"
the snow leopard is looking to its left
a painting of a snow leopard with big eyes
a giraffe hiding underneath a wood fence and looking through the fence
two white and black cats laying on the ground
a snow leopard statue standing on top of rock
a drawing of two cats that are laying down
the white snow leopard is staring intently at something
the white leopard with black spots on its face is facing forward
an adult snow leopard is looking to the right
white tiger is laying on the rock with open mouth
a white snow leopard is looking out over some plants
a close up of a stuffed animal near some leaves
a picture of a cheetah cat flying through the sky
a snow - white leopard sits on a large log next to concrete walls
the image of a white tiger's face
the white snow leopard is behind a cage looking at something
the adult snow leopard is standing by itself
a large white snow leopard in the zoo
a snow white tiger with its eyes open
a snowy snow leopard standing on top of a hill
a snowy mountain leopard face shot against a background
a close - up photo of a snow leopard's face
an adult leopard looking at something in it's mouth
a snow leopard standing next to a rock and snow
a close up of a very pretty looking cat
a baby white and brown leopard resting on it's mother
a leopard sitting on top of a tree branch
a close up view of the face of a snow leopard
two snow leopards sitting side by side on top of logs
large white snow leopard laying on concrete with head in background
a tiger is lying on a rock in a zoo exhibit
two young snow leopards are together on a rock
a close up of the face of a white tiger
a zoo animal looking out at the rocks
a large cheetah is resting in the shade
a white snow leopard has orange patches on his fur
snow - leopard like snow on its head sits in front of a tree
a big tiger with its mouth open while laying on grass
a white and brown cat sleeps on the ground
a white tiger that is laying down on some rocks
two snow leopards are curled up sleeping next to each other
a white tiger standing on top of cement
the face and shoulders of this large snow leopard
the snow leopard is laying down on the rock
a white snow cub sitting in rocks by a tree
a big snow leopard laying down in the mud
a white and black leopard has its mouth open
a snow covered snow leopard stands on a tree branch in front of a cage
a snowy white tiger is walking away from the trees
snow leopard on grassy area in large area
a white snow leopard behind a metal fence
a snow leopard standing next to another one in the sun
a snow tiger looks off into the distance
the snow leopard is lying down and bending its back
a snow leopard walking along in black and white
an snow leopard looking to his left
a white tiger is standing by the fence
a snow leopard relaxing on the ground under the shade of the tree
the animal is sitting on the rock
a very big snow cat laying on a rock
a white and black snow leopards lips and tongue
a snow leopard rests and looks at the camera
a pair of snow leopard cats lying on some concrete
this is two baby snow leopards sitting on a rock
the close up photo shows the details of a tiger's fur
a leopard sits in the sun outside by its habitat
a leopard like animal lying in a cage
a close up of a snow leopard with his mouth open
a white snow leopard standing next to a pile of green leaves
an animal that is sitting inside a enclosure
two snow leopards that are laying on the ground
an animal that is laying on some grass
two white leopards are relaxing on some rocks
an up close picture of a snow leopard with green grass around it
the snow leopard opens his mouth wide for dinner
the white snow leopard has black spots on his face
a large snow leopard walking along a trail
a snow leopard staring into the distance with another behind
a snow leopard laying on a rock covered in snow
there is a white and black snow leopard
a large snow leopard standing on some rocks
a big snow leopard standing in the snow
a group of stuffed animals are standing in front of each other
some very strange statues are in the snow
an image of a snow leopard resting on a rock
"the snow leopard is in a cage, staring intently"
three large white jaguars standing around trees and rocks
an all black background features a white and black tiger face
"two tiger cubs in a cage, one laying on the ground"
a snow tiger is standing behind the glass
black and white photograph of a snow leopard
a dalmatian stretching his body off the shore
the face and face of a snow leopard
a snow leopard stretching out for a snack on a rock
a close up of a person wearing an animal suit
snow leopard in grassy area next to wooden walkway
closeup of a snow leopard staring away from the photographer
snow - white snow leopard lying near rocks overlooking mountain
a white tiger with its mouth open showing teeth
a leopard is caged on top of a stand
this is a close up of the front of a white and black tiger
a snow leopard on the side of a tree
a leopard is walking by several rocks on the road
"a snow leopard standing in a jungle, by a tree"
a white snow tiger laying down on some couch
a large black and white leopard laying on top of a pole
snow leopard standing in snowy yard on sunny day
the snow leopard is looking at someone's camera
a picture of an animal within the fence
a close up of a white tiger's face
an animal with its mouth open and teeth out
"an adult snow leopard's face, with fur all over"
the big snow leopard lays down next to the building
a snow leopard sits on a gray ledge
a large white snow leopard lays on rocks
black and white photograph of a snow leopard
a black and white leopard and a white cat
a white and black cheetah closeup from the side
the back view of a white snowflake
a big pretty white snow leopard staring down at something
a snow leopard staring with its teeth wide open
the white tiger is hiding in the tall grass
a snow cat walks beside a barbed wire fence
the snow leopard is relaxing on the rocks
a big cat that is laying down outside
a snow leopard sitting in front of an adult
a white and black leopard laying behind a fence
two very large pretty animals standing beside each other
a snowflaked cat looking away from the camera
a close - up shot of a snow leopards face
a leopard laying down in the dirt with its eyes open
many cats that have been caged together in an enclosure
a photo of a large elephant head as seen from behind a glass wall
an acrylic snow leopard sitting on top of another snow leopard
a large white leopard walking across a street
white cheetah resting and smelling a tree branch
a snow cat sits in the sun outside
three snow leopard standing on a rock in their natural environment
a close up view of two zebras skin
two snow leopards sitting down in the grass
a white tiger laying in bed inside a cage
two white and black leopards by a barbed wire fence
"the face of a snow leopard, showing the different fur color"
a white and black snow leopard laying on rocks and fence
a snow leopard sitting on rocks and trees in back
an illustration of the head and hands of a snow leopard
a snow leopard laying on the ground next to a stone
a sculpture of a spotted animal on a ledge
a white and black snow leopard animal foot
a close up of an animal behind some metal bars
the lone cheetah is staring with a face that's in focus
close - up image of a snow leopard running in the wild
the enclosure with all types of animals is kept
a black and white photo of the back side of a leopard's head
two white tiger tigers sitting in their enclosures
an extremely large white snow leopard laying on the ground
the leopard is sitting in the snow near the bird
a snow leopard that is behind a fence
a snow leopard next to a pile of rocks
a close up of a snow leopard on display
white snow leopard resting on a rock by fence
a white and black snow leopard standing next to some green leaves
a white tiger with a dark colored eyes
a snow leopard eating a toy and another one laying in the grass
close up of a white tiger eye and with the eye painted black
the head and neck of a snow leopard resting
a leopard standing behind a wire fence
an amur type leopard sitting on top of rocks
a snow leopard looking out a chain link fence
a white tiger sleeps on some rocks
two big pretty snow lions at the zoo
the snow leopard is relaxing in his enclosure
an image of a white tiger with big teeth
the white fury leopard is resting its head on the ground
a white tiger with some blue eyes looking forward
an adult snow leopard with full mane and black spots
a large stone statue of an adult snow leopard sitting on top of a rock
an amur leopard stands on a rock as another watches
a couple of white snow leopard laying on top of a stone
the face of an adult snow white tiger
a cheetah is sitting on a rock with its mouth open
a large white leopard with its mouth open with green plants in the background
a snowy tiger looks down as he holds on to a large branch
the reflection of a white tiger in the glass
a snow leopard standing in front of a cage
an occipopo snow leopard cub stuffed animal
two white tiger cubs in a stone like area
a very close up view of a big animal
a snow leopard walking down a path with grass in the background
the white and black striped cat is snuggled up with its paws
a white and black face and fur with a snow leopard
a white snow leopard laying on a pile of dry grass
there is an animal that can be seen at some point
the white tiger rests on the green shelf
there is a big snake on the brick fence
a snow leopard resting on a rock covered in grass
a snow leopard with it's mouth open
a snow leopard resting on the side of a rock
a man standing with a large snow leopard
close up image of a white snow leopard with brown spots
the large white snow leopard is lying on a rock
a tiger rests its head on a tree trunk
"a close up of a big, spotted, snow - leopard"
a white tiger cat laying on its side next to a window
"a small animal is on the ground, eating food"
three snow leopards resting side by side against a rock wall
a snow leopard sitting in the grass in his habitat
"snow leopard with white fur, black dots and green plants in background"
"a snow white tiger walking on rocks, in the shade"
snow leopard looking out at the snowy mountains
a dead animal inside an enclosure with a fence
a large white tiger laying down behind a metal fence
the white leopard is showing its teeth and aggressiveness
a black and white leopard laying in a grassy field
there is a snow leopard that is trying to open his mouth
an adult snow leopard with open mouth in the forest
two snow leopard laying in the sand next to a tree
close up photo of snow covered white tiger
man in suit pointing to several cheetah being fed by an animal handler
snow tiger looking intently at something in his cage
a snow leopard laying on the ground next to a large wall
there is a snow leopard that is near a bush
"two white snow leopards, one with its tongue open"
a big cute snow leopard with his mouth open
close up of a white and black tiger in his habitat
this image depicts a snow leopard behind a railing
an adult snow leopard standing on a rocky bank
a snow leopard has a bright green eye
a snow leopard walking down the road in his pen
a snow leopard is shown walking on some rocks
a large white tiger laying on top of a rock
a snow leopard standing on top of rocks
a snow leopard is standing in front of an abandoned tire
an animal that is in the water and has a big nose
two snow bears rest near each other on some rocks
there is a white and black tiger with long nails
"the snow leopard is resting on a rock,"
a snow leopard with an eye wide open
the small snow leopard is enjoying himself on the rocks
two snow leopards in captivity sitting next to each other
an animal that is laying down on the rocks
a white tiger looking at the camera
"two snow leopards looking alert, with snow on them"
an animal with a tiara sits next to some stairs
the face of a snow leopard standing in snow
a close up of a large adult cheetah
a very big pretty furry cat with its mouth open
a snow leopard standing next to a wall with his paw in its hand
snow leopard staring into the camera in an enclosure
a close up of a snow leopard laying on a rock
the snow leopard is sitting on some moss
a white and black cat laying on top of a pile of rocks
a tiger staring at a mouse in the grass
a very long haired looking snow leopard
a white tiger cat is sitting outside and sleeping
the cheetonais snow leopard is one of the most interesting animals
two snow leopards are walking in the snow
a snow bear laying down on the ground
two snow lions stare out their enclosures
a wild animal in captivity is shown in the fence
two young snow leopards are shown together
a white and black snow leopard is outside on some snow
the snow leopard is laying on top of some rocks and logs
a close up of a black and white tiger
snow leopard lying on a rug with his eyes closed
a snowy leopard standing in front of a brick wall
a snow leopard showing his teeth while laying down
a close up of a cat next to a leaf
a big white snow leopard walking on some grass
the snow leopard is laying in his habitat
the snow leopard is standing behind a log
a large snow leopard laying on top of a rock ground
a close up of a snow leopard behind a fence
a white and black cat with it's mouth open and mouth open wide
a snow leopard runs across an enclosure carrying a dinosaur
"a snow leopard looks into the distance, near other rocks"
a stuffed snow leopard walks along a rock near many other rocks
"this snow leopard has very large, fluffy ears"
an ornately painted snow leopard walking across the floor
a large adult snow leopard on display with something in its mouth
a snow leopard is sitting in the grass behind a fence
a snow leopard standing next to a rock
a white tiger behind a fence looking at the camera
a white and black leopard sits with other white jaguars
a snow leopard sleeps behind a chain link fence
a close up of a snow leopard face
a white snow leopard laying on top of a rock
this is an image of a snow tiger
a snow leopard in black and white fur is laying down
close up on a young grey tiger eye
the pair of snow cubs are in front of a rock wall
this snow leopard is laying in the snow next to a tree
two snow - like tigers are perched on rocks
a big cat with a long neck walking next to the wall
a hand feeds a baby snow leopard sitting on a stone ledge
a white snow leopard resting on a rock
snow leopard's face with glowing green eyes
a white snow leopard laying on top of a large rock
the black and white tiger looks like he is going for something
a snow leopard on the edge of a cliff top
a snow leopard sitting on top of a lush green field
an artistic photo of a pair of cats
a snow leopard that is showing his teeth
a snowy leopard walking along a rock path
a snow leopard lies on top of the ledge
a snow leopard lying down in the grass
"a snow leopard with spots, eyes, head and coat, looking forward next to a small orange pumpkin"
a close up of a white tiger in a cage
"two white, one black and one gray, sitting in the grass"
a snow leopard looks up toward the camera lens
a leopard walks on cement outside of a fence
the snow leopard is standing on some rocks
this is the head shot of a snow leopard
a large cat that is sitting down outside near trees
three cats standing on a ramp next to wire
a white tiger is laying down and yawning
an image of a cat that is outside
a white tiger laying down with its eyes closed
a snow leopard in an enclosure at the zoo
a mother and baby jaguar standing outside on a dirt path
there are three leopards on rock formations that look like they can be together
an airplane that is on the run way
an old silver plane with some black birds perched on top
the british airways passenger plane is about to take off from the runway
a passenger jet sits on an airport runway
two planes at an airport with one larger airliner in the background
a blue airplane is flying in a gray sky
an american international plane taking off in the sky
an airplane sitting on a wet runway near grass
a airplane is getting ready to take off from an airport runway
an airplane flying in the sky during the day
a large plane on a run way
a large blue and silver jet airliner on a runway
the commercial plane is parked in the terminal
a large colorful airplane with its landing gears out
an airplane high up in the air with very long tails
two large passenger jets flying next to each other in the sky
a large passenger jet flying through the air under fluffy clouds
a white and blue airplane is on the runway
three jet planes that are flying in the sky
a large commercial jet airplane up in the sky
a jumbo jet with two jet engines flying in the sky
several large jets are flying over the ocean
there are cars on the tarmac waiting for the airplane
commercial airliner parked at an indoor terminal area
a large jet airplane parked at an airport
an air plane on the runway with the landing gear pointing backwards
a fed ex plane on the tarmac at an airport
two airplanes of air canada with canadian and star symbol on tail
a plane on the runway in an airport
a plane flying high in the sky above buildings
airport with an airplane parked on the tarmac
the side of an airplane with red writing on it
a plane that is flying through the air
blue and white commercial jet on an airport tarmac
a white orange and grey jet airliner flying through the air
there is a blue and white plane that is sitting in the rain
the airplane is flying so high in the blue sky
two airfranks parked in front of an airport
a large jetliner flying through a cloudy blue sky
a line of planes at an airport with a couple of vehicles
a jumbo jet takes off on top of the airport
the aircraft that is parked on the brown grass
"an airport with a red, white and blue plane on the runway"
the large airplane is taking off from the airport
some planes sit on the grass near each other
a bunch of large airplanes parked on the tarmac
a large plane is taking off from the runway
the interior of the airplane with rows of seats
an airplane in flight in the distance against a white sky
"an airplane with seats in the middle, facing forward"
plane lifting off from a field with trees on both sides
a commercial airline plane parked in a terminal
an airliner is sitting on the runway with two other planes
group of people sitting in rows on airplane
an airplane flying in the sky on top of an overcast day
an airplane in the sky is almost above the clouds
an airplane in flight over a city with fog
the large blue air plane is on the runway
a large passenger jet taking off from an airport
an asian commercial passenger plane is on the runway
an airplane is flying high above the clouds
a large white passenger jet sitting on top of an airport runway
an airplane is flying in the blue sky
a white passenger jet plane sitting on top of an airport runway
the side view of a jet airplane in the sky with three wings
an airplane flying in the air on a clear day
a couple of jetliners sitting on top of an airport runway
a very large air plane on the run way
airplane taking off on gray overcast day
an aerial view looking up at a plane and some stairs
a large air canada airplane is landing at airport
an airplane flying over airport near a light pole
large jet flying in the air with it's wheels down
a plane with the american eagle logo is flying in the sky
an image of a commercial plane in flight
a large commercial airplane is about to land on a runway
an airplane at an airport with mountains in the background
a white plane flying through a cloudy sky
an airplane is sitting on the runway near another plane
this plane just flew in the blue skies
a cargo plane that is ascending into the sky
a big blue and white plane in an airport
a red and white airplane is flying in the sky
the large white airplane flying in the sky
a white and blue passenger jet on an airport runway
the rainbow was visible above the airplanes with no clouds in sight
a large passenger airplane sitting on top of an airport tarmac
a airplane is preparing for take off with the landing gear down
planes flying on an airfield beside a body of water
an air plane landing with mountains in the background
there is a plane that has been taxied to people
a commercial airline plane flying overhead in the sky
the front of a plane is shiny orange
a white and black passenger plane a vehicle and some dirt
a large commercial air plane on the runway
an airplane flying in the air over the snowy mountains
there is a large plane flying up in the air
"an airplane flying over, under the clear blue sky"
a plane is taking off and flying in the air
an airplane is flying through the cloudy sky
a blue and white airplane in flight on a cloudy day
two large commercial airplanes parked at an airport
"an airplane with the name interupthilia on it, landing at an airport"
a jumbojet airplane that is flying in the sky
one jet plane flying in the air with one landing gear down
two large commercial jet airliners just taking off from the runway
a large passenger jet that is on the runway
a small airplane sits parked on the tarmac
a large passenger plane flying in the sky
an airplane in the sky with a bunch of smoke coming off it
a large commercial airplane flying over water
large silver plane in the sky with landing gear extended
an airplane with its landing gear down
an airplane that is flying with the word shipping on it
a large jumbo jet flying with its wings extended and it's landing gears out
an airplane on a runway waiting for passengers
a delta jet plane flying in the sky
a plane that is on some asphalt and going about
the airplane is flying in the blue sky
an airplane taking off into the sky
a commercial jet plane flying in the sky
two blue airliner and one white airplane on a runway at an airport
a large jet airplane flying through the sky
a large air plane parked on top of an airport tarmac
an airplane with a japanese writing on the back
a small white airplane sitting on top of an airport runway
a large commercial plane taxiing on the tarmac
the rows of empty seats on an airplane
an airplane that is standing on a runway at the airport
a large jet flying through the gray sky
a large jetliner sitting on top of an airport tarmac
an airplane sitting on top of a runway
a large jet airplane parked on an airport runway
two large jumbo jets sit parked on the tarmac of an airport
a large passenger jet sitting on an air strip
airplane resting on the runway and waiting to take off
passenger jet taking off on runway with landscape in background
a commercial airplane taking off into the sky
a large white airplane on a run way
an airliner on the runway at an airport
a large plane that is on a runway
an airplane with its landing gear down in a cloudy sky
an airplane flies with two large wings
a large commercial air trans airliner on an airport tarmac
the large blue jetliners are parked on the runway
the large airplane is just starting to land
the side of a white airplane sitting on top of an airport runway
there is an orange and white airplane flying under the blue sky
a plane on a snowy runway and some lights
a picture of a photo taken from a plane
the jumbo jet has an engine on it
the plane is parked outside the large airport
an airplane taking off from the airport over the barren desert
a plane that is on the runway at night
blue and red commercial air plane flies through the air
two jetliners with many stairs and some trucks
a large white airplane on a runway under some clouds
an air canada jet takes off from the tarmac
an image of two airplanes taking off at an airport
a white airplane and three small containers are parked on the runway at an airport
a white and orange airplane is flying in the sky
a plane that has not been operated is parked on the runway
an airplane parked at an airport with other planes in the background
a big white airplane that is flying in the air
an image of looking down a plane and a plane wing
the jet airliner is on the run way
white airplane at an airport on a clear day
the plane just lands is near an ocean
a passenger jet in flight during a sunny day
a airplane on the tarmac in the middle of the day
an airplane parked in front of the terminal
an airplane sitting on a runway while taking off
an aircraft flying over the green land and water
a plane on the runway with it's wheels down
large white airplane with blue side wing and cockpit
a plane that is flying high up in the sky
"the large, long cargo airplane is shown at the airport"
large passenger jet flying in the air with it's landing gear down
an airplane in the sky and the main landing gear is down
an american airlines plane parked at the airport
airplanes sitting on the ground in the airport taking off
a large airplane that is parked in a parking lot
the tails of two large airliners on an air plane
several large passenger jets on the tarmac near an airport
a large passenger plane is landing at the airport
a fire is near an airplane that has been on fire
a large commercial plane flying through the sky
there is an airplane that is flying very high
front view of a plane in the foreground and another in the background
a commercial jet airliner parked on an airport runway
large model aircraft hanging from ceiling of indoor mall
a large airplane is in the tarmac and has people walking beside it
a white and red passenger plane on the runway at an airport
an airplane with a boarding tower for the side of it
the plane is flying in the sky on some cloudy day
the tail end of an airplane on a clear day
the airplane was parked at the airport on the tarmac
an airplane is parked on the runway with a truck underneath
there is no image here to describe
an airplane sitting on the tarmac of a runway
large white jetliner flying through a blue sky with wispy clouds
an airplane is taking flight with some large exhaust
white and grey plane in mid flight on clear day
a blue and red airplane docked at an airport
the blue markings on the front of the airplane is visible
a large passenger jet on the run way
there are two airplanes parked on a runway
an airplane ascending from below clouds to the ground
colorful jet with asian writing on the side of the wing at an airport
an air plane and a group of chairs on the ground
a big white jetliner flying over a airport runway
an airplane flying through a blue sky with white tips
a white red and blue passenger jet plane at airport
there are a lot of planes that are parked at the airport
the underside view of an air plane flying in the air
an airplane taking off from the runway at an airport
"an air plane sits on the tarmac, with it's front ladder extended up"
airplane on runway in urban setting with architecture behind
this is an aerial picture of a large passenger airplane
an airplane flying thru the air with propellers
a large airplane that has the words singapore on it
the back of a silver airplane flying through a blue sky
the tail section of a lufthansa airplane is visible
a airplane getting ready to take off
an airplane is on the airport runway
the large jet is making it's landing rounds
an air port with planes parked at the gates
a air france airplane in flight over clouds
a gold airplane flies through the clear sky
an airplane with the doors closed is parked
a passenger plane that is stationary on the runway
there is an airplane that was just taken off
two airplanes on a runway next to each other
a plane is sitting at the airport terminal
an emirates commercial airliner is taking off at the airport
large air plane in stationary position with open door showing people getting off
two airplain airliners are being maneuvered down the runway at an airport
two airplanes and the word aa sit parked in front of the airport
the nose of a large commercial airliner under clear blue skies
a white plane on an airport runway
an airplane that is sitting on the runway
a jet airliner flying in the sky with clouds below
a jet is flying through the air on its way to take off
an airplane with wings that have been shaped like a plane
an airplane that is flying in the air on a cloudy day
an airliner with writing on the side sits at the edge of the runway
a huge airplane takes off from the airport
the plane is on the airport runway and is waiting
a large commercial air plane sitting on top of an airport runway
an air plane takes off from the airport
this airplane sits on the tarmac at the airport
a jumbo jet on runway taking off in a mountainous area
a large white and red airplane with its landing gear down
a large plane flying in the air on a cloudy day
an airplane that is taking off with spectators looking on
a airplane being worked on by the maintenance technicians in an airport
large commercial airplanes sitting on the tarmac of an airport
a large airplane sitting on a runway at an airport
"an airplane taking off, and another is about to land on the runway"
an airplane flies high into the blue sky
the airplane is flying sideways with it's landing gear down
a large jet airplane is about to take off
two airplanes flying in the distance as the setting sun sets
a large air plane flying through the sky
the large jumbo jet has it's landing gear out
a close up of a large airplane with its tail end down
the plane is waiting for passengers to return
an airplane flying against a cloudy sky background
an airplane flies low in the air with its landing gear down
there are several very big airplanes together together
the front end of a passenger jet with all the stairs on the side
an airplane flies over a snowy ground area
a large jetliner sitting on top of a airport tarmac
a plane is flying through the blue sky
large airplane flying up in the sky in the air
an old bus sitting out in the dirt
an airplane on the runway at an airport
the underside of an british airways commercial airliner
the tail end of an air canada airplane in a airport runway
an orange and white airplane is high flying
an airline plane is taking off on the runway
a large plane parked at the airport with a man getting off a jet
an up shot of an air plane in the air
a large white and red airplane is on the runway
three large planes lined up on a runway
a plane with many colors flying through the air
an airplane in flight at dusk on the cloudy sky
this is an airplane that is painted with paint
an airplane with a very large and bright orange paint
the tail end of an airplane in flight
the red and white tails of jet airliner
there is a very large plane flying through the air
an airfrance jet sitting on a tarmac
airplane taking off from runway with landing gear down
a double decker united airlines airplane in the air
a large jumbo jet airplane on the runway
an airplane takes off from the water in a large area
a airplane parked near people taking pictures
two american airlines twin engines flying low on the ground
a plane that is sitting on some concrete
a large jetliner sitting on top of an airport tarmac
a blue and white jet airliner flying in the sky
there is one plane flying in the sky
two airplanes at the airport getting ready to land
a jet that is flying in the sky with clouds
a red and white airplane on a runway near some grass
"a red, white and blue jetliner sitting on top of an airport tarmac"
an airplane flies in the air with its lights on
a bright blue and white plane parked at an airport
the big plane is flying high in the sky
an airplane coming in for a landing at an airport
a lot of planes parked on top of an airport
a huge commercial airliner is preparing to take off
there are two planes in an airport on the runway
an airplane flying into the sky during the day
a jet airplane is going down the runway with other planes in the background
one of the tails of a passenger airplane in motion
a large white jet plane on the runway
an airplane on the runway in front of some buildings
a large blue and white jet liner is in the sky
an airplane taking off from the runway at an airport
an airfrance airplane parked at airport terminal on run way
an airplane with it's front tire pulled up
a large white airplane on a run way
an american airlines airplane prepares to take off from airport
the large plane is taxiing on the runway
an airplane flies low over a desert area
the airliner tiger fro is flying in the sky
the big airline plane on the runway is all blue
a group of people loading luggage onto a swiss airplane
a large passenger plane sitting on the runway
a large white airplane flying through the air
an air plane that is flying in the sky
a very big pretty plane on the runway by some buildings
a long line of seats inside an airplane
an airplane is taking off on an overcast day
an airplane on the runway with a sky background
a long jumbo jet being lit up on a runway
the plane is sitting on the runway and taking off
a large airplane taking off over a city
a small propeller airplane parked on a airport lot
there are two different airplanes next to each other
an airplane sitting on top of a tarmac with no wheels on it
a silver plane that is flying above a sandy area
the large jumbo jet is parked in the parking lot at the airport
the back end of an airplane as it flies in the sky
a big commercial air plane taxis on a run way at sunset
"a large, white airplane with a logo on it's side"
a white and blue jet airliner flying in the sky
this is an image of a plane flying
an airplane is painted with two planes on the ground
a photo of the back end of an air plane on the runway
a jumbo jet airplane taking off from the airport
a large jetliner flying through a blue sky
an airplane sitting on the ground at a airport
an airplane is parked in a park area
a large jet airplane is flying in the sky
an air plane is flying in the sky
large passenger airplane taking off from the runway
white and red airplane taxiing down an airport runway
an airplane sitting on a runway in the daytime
a very big pretty orange and silver airplane on the runway
a large jetliner sitting on top of an airport runway
the passenger airplane is on the runway at an airport
two blue and red planes on the air canada airstrip
the big jet is flying low to over a field
there is a blue and yellow airplane on the tarmac
a white and blue jet on runway with water behind it
a white airplane flying in the air with a blue sky background
a large airplane flying in a blue sky
a large air plane is on the tarmac
a very large air plane flying in the air
an airplane flying high up in the sky
two jetliners lined up side by side in an airport
a large passenger plane flying over the ocean
an airplane flies high above the clouds with no lights
an airplane in the sky over some clouds
an airliner is getting ready to take off in the airport
close up of the rear of a plane on the runway
an airplane parked at a terminal waiting to be loaded
an airplane flying low to the ground in front of a harbor
an airplane with red trim flying in the sky
a plane sits in an airport while on the tarmac
an airplane is flying on a grassy field
the back end of an airplane coming in for a landing
large white airplane on runway in a desert area
planes on a runway lined up on the runway
large airplanes are at the airport while on display
three commercial planes on opposite sides of each other
a jetliner taking off into the air at an airport
an airplane sitting on top of an airport runway
an airplane parked at an airport with mountains behind it
a large jetliner sitting on top of a tarmac
a plane is shown driving along the snowy runway
the large airliner is being prepared to take off
a large airplane is taking off on a runway
a blue airplane sitting on top of an airport runway
airplanes and lights at an airport at night
three renderings of a plane for commercial purposes
some trees and a blue sky with white clouds
the tail end of an airplane with a painting of a sea turtle and city in the background
a big white plane with purple accents at the runway
an airplane on the runway with writing around its wings
a blue and yellow jetliner flying in the sky
orange airplane on an airport tarmac at sunset
a white and blue plane flying low in the air
an airplane at a station with traffic behind it
the plane is in mid - flight and has landed at an airport
an airplane in the air taking off
a big commercial airliner that is flying in the sky
an aerial view of a landing strip and airport terminal
a small airplane flying through the air with its landing gear down
there is a large white plane flying in the air
this is a photo of an airplane flying through the clouds
a large jetliner flying through a cloudy sky
a white and blue airplane is in the sky
a couple of airplanes are on the runway
"a white plane is in flight, with one wing extended to the side"
two planes flying high through the sky with their engines out
the large air plane has a painting on it's side
large commercial airliner sitting at the airport with snow around it
"a large, blue and white airplane on a runway"
a small jet airliner taxiing on a runway
two passenger planes are parked on the runway
there is a large plane parked on the runway
an airplane flies through the air during sunset
an airplane preparing to take off and go down the runway
a large jetliner taking off from an airport runway
a airplane taking off during sunset in the open
a plane with a multi color tail is on the runway
four jet airplanes are parked together on the tarmac
blue and white jet sitting on the tarmac
a commercial airline sits on the runway near a building
a jet plane sitting on the runway at an airport
a twin engine airliner on the tarmac
an asian air plane taking off in front of a mountain
a plane is sitting on the tarmac
a large jet flying through the air while being photographed
an airplane sits parked by a couple of large wires
a passenger plane flies through the blue sky
a group of people with luggage getting on an airplane
airplane in the air during flight on a clear day
a large commercial airliner with the word red and grey on it
a large white and blue jet parked in an airport
two blue planes parked on tarmac with trucks and an airplane
a large jetliner sitting on top of a run way
an airplane being prepared for takeoff by some police
an air plane flying in the sky
a plane that is on the landing strip of an airport
the airliner is flying through a blue sky above clouds
a colorful airplane sitting on the tarmac outside
a plane is flying in the sky and has a colorful tail
an old air plane sitting parked next to two other cars
"an airplane flying sideways with its landing gear extended, a tail extended, and a two engine engine"
the tails of two jet airliners sitting on an air field
an airplane flying in the sky over ground
an airplane with a sky in the background
an airplane that is taking off the runway
the large jet is flying through the sky
an air canada airplane on the tarmac at an airport
a fedex plane with the word fedex painted on it's side is flying overhead in the sky
an airplane flying over a landing strip with it's wheels down
an aircraft in the air against a cloudy sky
there are four passengers loading luggage at a plane
a silver jet is flying in the blue sky
a model airplane on a runway at the airport
a white plane in a sky with clouds
two air planes docked at the airport on a runway
a plane on the ground while parked at an airport
a large white jet airliner flying through a blue sky
a large white airplane is in the sky above clouds
three jets at an airport that say westjette
a passenger jet flying through the air in a cloudy sky
"the large, two engine airplane is parked next to a runway"
a very big plane in a small airport
the underside view of a large commercial airliner in flight
the plane is about to make a landing
a large blue and white jet liner sitting on an airport runway
the back view of a large jet airliner
a large plane sitting on top of an airport runway
a airplane is on a runway at an airport
there is no image here it is not clear
there is one single airplane in the sky with two trails of smoke
an airplane in the air just taking off
two large air planes are flying low over the water
there is a huge passenger jet that can be seen from different sides
a large airplane is parked on the edge of a runway
an airliner in the air liner on an airport runway
a large commercial airplane is flying through the air
an air plane sits on the tarmac while it is moving
an airplane on the runway with its wheels out
large group of commercial airliners on the ground at airport
the airplane is flying very high in the sky
a jet airplane with two wheels is on the runway
a white airliner in the air with its landing gear down
three jetliners sitting in an airport runway next to mountains
a swiss air plane flies thru the air under a gray cloud
there is an airplane sitting at the airport
a plane coming in to land next to another airplane
a large airplane flying over a white sandy beach
a number of large jets on a run way
a plane on the tarmac near a grassy area
an airplane is being worked on by passenger
an airplane with two engines on it is on the runway
an air plane and people on them and trucks
an airplane parked on a tarmac in front of building
an airplane that is on a runway at an airport
two men in white jackets standing next to a blue and white airplane
an airplane flying above head in the sky
an airplane taking off above buildings at the airport
a large jetliner sitting on top of an airport tarmac
an image of a plane in the sky
a very large white and blue passenger jet on a runway
plane on ground just over the edge of taking off
an airplane on the runway outside in the rain
there is a large jet airliner on the runway
a passenger airliner has just taken off in the air
a airplane in the fog flying over
a commercial airplane in midair taking off from an airport
"an airplane flying in the cloudy sky, with a single jet just under it"
the tail fin of an australian airline passenger jet
four airplanes fly in an air show
a couple of planes parked on top of a runway
a large passenger plane flying through the sky
cargo containers are on the back of a parked cargo plane
an airplane that is coming in for a landing
this plane is descending towards the sky with landing gear down
an airplane is on the runway in front of a skyline
a jet airliner sitting on the tarmac at an airport
tourists watch as plane soars overhead in the sky
there is an airplane that is flying in the air
a very large jet airliner sitting on top of an airport tarmac
an asian american airlines airplane taxiing on the tarmac
jet airplane flying in the air during sunset
an asian airplane is parked on the runway
a white plane is on the tarmac outside
this is an image of an airplane that has landed in flight
two jumbo jet airplanes parked on the tarmac at an airport
a large white airplane with four engines
an airplane waits on the runway at the airport
a large jetliner flying through a blue sky
a big jetliner flying thru the air above clouds
a jumbo jet airplane being taxis on the tarmac
a large white and green airplane flies over the clouds
a colorful air plane sits on the tarmac
an airplane flying in the sky at sunset
an airport with a row of planes and two airplanes sitting on the opposite side
an airplane flying through the sky over clouds
there are many chairs on this airliner that is empty
an air plane is flying through the sky with blue and white details
a jumbo jet flying in the air with it's front landing lights down
an airplane flying high in the sky with two engines attached to the nose of the plane
a blue and silver plane on a landing
a large air france jet airplane on the runway
a white red and blue jet on tarmac
an air plane flying through the sky
an airplane and the tail of a bus
the large propellor plane is sitting on grass near the tarmac
this large commercial airplane is parked on the tarmac
a large jumbo jet parked at an airport
an airplane is flying in the sky on a cloudy day
a group of airplanes sitting on top of an airport tarmac
a large commercial jet parked on the runway
the sun setting over some clouds as a silhouette shows the airway
a couple of planes are parked on the runway
commercial jet airliner waiting to take off at night
a big airplane is lined up in the runway
a large air plane flies into the sunset
an airplane that has parked on the runway
a big commercial airplane flying in the sky on it's way to land
an airliner sitting on a runway with lots of barrels at the side
a white and green jet airplane on runway
a large passenger jet airplane flies through the air
a plane sitting on the ground at an airport
an airplane is flying in the air at dusk
several large passenger jets are being driven on the runway
a big jet plane flying through the sky
large commercial air planes taxiing on an airport runway
a plane on display with a sky in the background
a gray and white commercial jet flying through clouds
the large plane has four propellers on it's tail ends as it moves through the air
there is an american airplane on the air
white airplane flying in the sky with large engines
a big plane that is sitting on some pavement
an airplane with the simpsons team painted on it
the white blue and gray airplane is flying in the sky
a blue and white plane is being loaded with luggage
the flying passenger jet is white and blue
a large air plane flying through the sky
the four jets are flying in formation while they fly through the sky
a jet airplane flying in the sky with the word canon above it
a hazy airport area with two planes on the tarmac
an airplane in the sky above a cloud
an airplane is in the sky on the landing
a large jetliner sitting on top of an airport tarmac
a large white plane flying in the sky
an airplane parked at a runway with a city in the background
the airplane takes off over the tarmac
two airplanes are on the runway on the cloudy day
two planes flying around in the sky with buildings behind
a red airplane with a paint job taking off from the airport
the large commercial aircraft is traveling down the runway
the front view of a jet airliner on the tarmac
a large jetliner flying through the blue sky
an airplane that is just taken off in the day
a bunch of airplanes being flown on a runway
a passenger plane about to take off in the skies
a blue airplane making a final stop on the runway
an airplane that has landed on the tarmac
a commercial airline jet airplane flying in a blue sky
an american airlines airplane flies in the air
a big jumbo jet is sitting on the runway
a plane on a tarmac with a sky background
the commercial plane is parked at the airport
a passenger jet parked at an airport with a passenger loading cart and other vehicles behind
looking up from the front portion of an airplane
an airport with two jet planes in the distance
a blue and white jet airplane taking off
an airplane that is on the ground at night
a commercial airplane is landing and ready for take off
a big commercial plane is flying low to ground
the two planes are parked on the runway
airplane painted for sale parked by runway with man walking
an airplane sitting on the runway in the air
several american airlines parked on the tarmac for maintenance
airplane taking off over an upscale shopping mall
an airplane landing in the air that has people inside
there is a red and blue color on this plane
a pair of white jets on the runway
two large planes flying through the sky with landing gear
a photo of the tail portion of a large passenger jet
"looking down the side of a large blue airplane through another,"
an airplane is flying in the air
a field with several airplanes and many vehicles at the far end
a very big plane that is on a runway
the airport is dark and the airplane has its stairs still attached
an airport has many planes on the ground
an airplane taking off on to its flight line
a large jetliner sitting on top of an airport tarmac
a large white airplane flying in a clear blue sky
a close up of the tail side of an airplane
an airplane parked at the airport with the front end extended and the back end facing the left
a large red and white airplane flying in the sky
an air canada jet in flight on a runway
a large air plane on a run way
an airplane taking off on a cloudy day
this airplane is very large and just flies very close
an airplane is taking off on the runway
an airplane prepares to land at an airport
large commercial airplane parked on the tarmac at an airport
a large commercial passenger jet flying through the air
an airplane with its door open next to a loading ramp
a jet airplane flying over a city on a foggy day
large airplane sitting on a tarmac with several luggage carts
an airplane flying high in a blue sky
a passenger jet flying under a cloudy sky
large white airplane with red writing on the wings
an air plane preparing to take off
a large plane flying low over the ground
a commercial plane parked near an airport loading and unloading
there are many airplanes on the ground together
the undercarriage of an airplane in flight
an airplane is coming in for the landing
an airplane in the sky with a big sun above
several jets parked at the airport in a lot
two jets sitting on the runway at an airport
the large blue plane is on the runway
a golden black and white airplane in air
the plane is flying through the blue sky
a large air plane sits at the loading dock
an airliner that is flying in the air
an air canada jet parked on a runway at an airport
a plane flies in the air with a black and white background
a british airways plane taking off from the airport
large jet airliner flying above mountains under blue sky
large passenger jet sitting on top of a runway
an airplane is on the grass of an airport
"an airliner in flight against a white, cloudy background"
a big airplane sitting on the tarmac with its wheels down
a commercial airliner flying through the gray sky
an american airlines jet plane on the runway
a commercial airplane flying up in the sky
a blurry photo of a plane landing in front of an airport
an asian jetliner plane taking off of the runway
the airplane has landed on it's side and is lying in the mud
a large jet plane sitting on top of an airport tarmac
a white jet airplane preparing to take off from an airport
a large airplane is parked on the runway
a plane in a runway with a banner advertising low prices
the front of an airplane parked on a runway
a white airplane with red accents in flight
a row of airplane on a runway at an airport
this is the tail end of an old red and white plane parked on the tarmac
a large white airplane taking off at the airport
an air plane takes off into the sky
a large jetliner sitting on top of a tarmac
the plane is flying in the sky under a cloudy blue sky
the plane has large engines attached to it
an airplane sitting on the ground near grass
an airplane sits on top of the rubble
an airplane is in the air with it's landing gear
a close up of an airplane with a window
a passenger jet that is flying up in the sky
an airliner flying over the ocean and above the water
there is an airplane flying in the sky
an airplane that is sitting on the runway near buildings
a plane parked in the airport on the tarmac at night
a large passenger plane flying over the city
a commercial airplane taking off into the air
an airplane is shown with a ramp at the bottom
there is a plane in the air on a clear day
an airplane is parked on the runway in the cloudy day
a passenger jet sits on the runway at an airport
a large jetliner flying in the sky above clouds
an airplane is sitting at a terminal surrounded by carts
a large white plane on the runway with trees in background
this is an airplane flying over the ground
large jet airliner on tarmac waiting for passengers to board
a large jetliner flying through the sky
an air france plane in the sky under a cloudy sky
a large jetlinerliner sitting on top of an airport tarmac
a big jetliner flying in the sky with the top section down
an air plane with it's landing gear down taking off from a mountain
the airplane is flying above the trees and white clouds
an airplane is in the air on a cloudy day
there is a large air plane on the runway
an airplane in the air with clouds on the back
the jetliner on a runway has large blue writing
an illustration from the 1960s designed airliner boeing
a large jetliner sitting on top of an airport
the tail fin of a commercial airliner that appears to be a plane under blue skies
a plane landing on the runway of an airport
large white jet airplane in mid - air over the airport
the large passenger jet is flying through the air
a airplane that is flying in the air
the large passenger plane sits at a gate
a large air plane parked in an airport
large commercial airplane flying through blue sky in daytime
an airplane takes off from a runway on an overcast day
an air to air passenger jet flying over beach umbrellas
there is an air plane flying in the blue sky
a painting of an airplane flying above the water
an airplane on a runway with wheels and parked
a large plane parked on the runway next to people in a car
a plane is flying through the air with a city in background
a large jetliner flying through a cloudy blue sky
a blue and white jet airliner flying high above other aircraft
a plane with two wheels is flying in the sky
a large jetliner flying through a blue sky
an airplane taking off on an airport runway
there is a large jet airplane flying high in the sky
the airplane is flying very close to the ground
a blue and white airplane sits on a runway
there is a large ryana air airplane parked on the runway
the sky is so clear and the plane is taking off
two airplanes are docked on the tarmac of an airport
two planes on the runway ascend for takeoff
a passenger airplane flies through the air and is very close
an air china plane taking off from the tarmac
the jumbo jet airliner is about to land at an airport
an airplane is in the middle of an airport
a large air plane sitting on the runway
an airplane sits on the runway in front of some buildings
an airplane is on the run way of a plane
a plane on a run way at the gate
plane getting ready to take off from the runway
the blue and white passenger plane is parked on a runway
an airplane flying overhead with it's landing gear down
large airliner sitting on the landing strip waiting to take off
two air planes sitting on the tarmac at an airport
a singapore airways jumbo jet is stopped at the airport
large passenger jet on the ground at airport
an airplane that is on the ground being boarded
a large commercial airplane flying on the cloudy sky
small airplane in the dirt runway with landing gear on
the face of a large commercial airplane with its windows slightly open
a plane with it's front wheels out flying
a large blue jet airplane taking off from an airport runway
airplanes parked in line on a tarmac at an airport
the tail of the airplane that is parked on the tarmac
the large blue and white jetliner airplane is parked on the runway
airplanes on tarmac with trucks at airport
a plane flying in the air and that says easyjetm
the tails and ends of two large passenger airplanes
a large white airplane on an airport tarmac
an airplane is flying in the sky
there is an old airplane that is flying overhead
an airplane with propellers that are all white and green
an airplane is shown sitting in the middle of a desert
this is an airplane just taking off on a clear day
a crowd is watching a large airplane at the air port
several delta planes lined up for take off
canadian airplane parked in front of a terminal
airplanes are lined up on the runway in a stationary position
an airplane just taking off in a airport
a plane taking off from an airport runway
an airplane is parked on the tarmac near grass
an airliner on the tarmac takes off with the landing gear down
the large plane is parked on the runway at the airport
an airplane taking off with the back feet up
a white and blue airplane on runway near buildings
the large jetliner is parked at the airport by the door
an airplane is flying in the air
an airplane is coming in for a landing at dusk
several planes lined up at the airport to be loaded
a red and blue airplane taking off from an airport
a large commercial plane prepares for take off
an airplane flying high in the sky with a lot of smoke behind it
airplanes taxi on the runway with a lot of grass in front
the underside of an airplane flying in the sky
an air france jet airplane flying over the beach
the airliner has turned blue and is parked on a runway
a couple of large commercial airplanes on a runway
the large passenger airplane is taking off from the runway
a large yellow and red airplane is on the runway
the tail section of an airplane that is red and white
people loading their luggage onto an airplane for boarding
an airplane flying through the sky on a very cloudy day
a commercial passenger airplane is about to takeoff
an airplane flying in the sky with sky background
large passenger plane coming in for take off at airport
a large blue and red air port with a lot of airplanes
a large commercial jet taking off from an airport runway
an airplane flying in the sky and clouds
a large air plane flying over the clouds
a steam engine from a jet airplane on a runway
planes on tarmac waiting for the next flight
red plane in the rain with landing gear still on the ground
an image of a commercial plane sitting on the tarmac
a blue and white plane is on the run way
a large airplane parked on top of a runway
a huge jetliner sitting on top of an airport
a white airplane with blue trim on a runway
the large passenger airplane is flying high in the sky
an airplane flies by in the air with a clear blue sky
an air plane sitting on a runway next to buildings
a large jetliner sitting on top of an airport runway
an airplane is up high in the air
the plane has just returned from the airport
a plane that has turned on its side
an extra long commercial airplane flying with the words espiva on it
two white and red planes are landing on the runway
a plane on an airplane track that has grass around it
a commercial airplane parked on a runway at an airport
an airplane is sitting on the runway at an airport
plane up in the air and it looks like the underside of its wings
a large air plane flying through the air
an airplane flying in the sky with it's landing gear still
a white and blue jet plane taking off from a runway
four airplanes flying side by side in the sky
a canadian airplane in the sky over the clouds
"a jet sits parked on an airport tarmac, where there are vehicles and cars"
a large white and red airplane is on the runway
two large blue airplanes sitting on top of an airport
large commercial airline plane sitting on the runway
an airplane flying in the air with the side part of the plane showing a wing
the jumbo jet on the runway is painted white
an airbus commercial airliner jet with its landing gear down
an old air plane that has been converted into a museum
"commercial airliner jetr, just after taking off from an airport runway"
a large air plane is parked on a tarmac
the airplane is taking off from the runway
an air canada airplane parked on the tarmac at the airport
the underside of an airplane flying in the sky
"a large white, blue and red airplane parked on the tarmac"
people stand outside looking at airplanes flying above them
an airplane sitting on top of an airport tarmac
"the back view of an airplane, in the air"
an airplane that is flying through the air
"the underside of an airplane in mid flight, with its wings up"
an airplane flying with black dots at the bottom
an air craft has just jumped into the air
a large passenger jet flying through a cloudy sky
a white red and silver jet airliner on runway
the airplane is parked by the runway at the airport
an airplane that is sitting in the grass
an first air jet getting ready to take off
a large plane on the runway of a landing strip
a passenger jet flying in the air on a clear day
a large passenger plane on a runway at the airport
an airplane is docked on an airport runway
there is a plane that is flying low in the sky
a blue passenger jet plane flying through the sky
an american airlines airplane landing at a airport
an airplane is about to take off from an airport runway
an air plane is on the runway with another one nearby
"two airplanes, side by side, are on the runway"
a passenger air plane that is flying in the sky
a large airplane is being used as a transport vehicle
large white and red jet airliner taking off
a view from underneath of an airplane in the air
a large plane on a stationary runway
an american airlines jet airplane on the tarmac
many planes are placed in an area that is almost covered
a white airplane with landing gear down while flying in a blue sky
three commercial planes at an airport near the city
an air force one airplane taxiing down the runway
a blue and white jet takes off from an airport runway
several commercial airplanes parked at an airport
an airplane on a runway next to a truck
a large silver and red airplane is on the ground
a blue and white jet airliner sitting on runway
an airplane flying in the sky with the word air china on it's tail
a large white plane sitting on the tarmac
"an airplane with a red logo, sitting on the runway"
an airplane with blue paint on it and some cars behind it
a white and gold jetliner sitting on a runway next to a grassy area
large planes that are on a airport runway
large commercial airplane on an airport landing area
a large airplane on a run way
an airplane flying with landing gear down and air vents out
a cat airplane parked at an airport gate
there is a large plane that is on the tarmac
a large passenger airplane sits on a tarmac next to a loading truck
an airplane flying in a sky with a blue backdrop
an airplane sits on the tarmac at an airport
a commercial airplane flying through the air
a colorful view of an airplane from behind
"a plane on the tarmac with it's gate open, for take off"
a jet that is flying in the air over a runway
the first engine jet is ready to take off
the tail of an airplane is visible against the blue sky
a very big jumbo jet flying high up in the sky
large jet coming in for the landing on a runway
a large airplane sits on the ground near some steps
an airplane sits on the dirt near some trees
commercial airliner about to take off from the runway
there is an air plane thats parked on the runway
a large white jet flying by some trees
an airplane carrying packages and flying over the water
the passenger jet is brightly painted and brightly
a large air plane sitting on top of an airport
the big commercial plane is in the sky
a white and blue plane is on a run way
three people are sitting on a bench watching a plane
an airplane that is flying on some kind of runway
an american airlines plane sitting on top of a runway
a large airline plane on the tarmac during the day
a large jetliner flying through a blue sky
a group of passenger airplanes sitting on the tarmac
a jetliner flying through a cloudy blue sky
a large plane taking off from an airport
american airlines airplane parked on the runway of an airport
many different colorful airplanes parked at an airport
the tail end of a white plane that is parked in a hangar
two men standing at the steps of a passenger jetliner
"the front and side of a passenger jet, against a bright blue sky"
several commercial airplanes are lined up on a pavement
an airplane sits parked in front of the airport
an airplane is flying in the clouds above
a big airplane is about to take off in the air
a qantas airplane on the runway at sydney airport
an airplane sits parked at an airport near other jetways
a large jetliner flying through the sky above tall buildings
an airplane landing over the blue sky
two airplanes are flying close together in the air
a large blue airplane parked on a runway
two large passenger jetliners landing at an airport
an air canada jet with a face of a person painted on it
an airplane has just taken off and is in the air
an airplane flying by on a sunny day
an airport filled with several airplanes sitting next to each other
a white and red airplane is on a runway
a plane is flying through the sky above clouds
the jet airliner is flying sideways through the sky
large white airplane parked in front of an airport
airplane in the runway of an airport at twilight
a white airplane parked on top of the cement
a plane flying in the blue sky with a cloud behind it
an airplane on the tarmac about to take off
the crew is loading luggage onto the large air plane
a very big plane that is flying in the air
a large white airplane sitting on top of a runway
the passenger plane is flying through the air
an image of a large air plane
a passenger jet sitting on an air port run way
a airplane in the sky near some clouds
a delta airlines plane on the tarmac with luggage handlers
an airplane flies against a cloudy sky with three engines
this is an image of a passenger jet that has landed at an airport
a airliner on the tarmac being towed
a red and white air plane sitting on the air port
the tail end of an airplane is shown on the runway
three planes are parked on a tarmac with building in the background
a red light is on at the side of an airplane
a large air plane flying through the sky
two airplanes sit parked in front of an airport terminal
two plane flying next to each other in the air
an airplane that is flying high into the sky
an airplane is parked on the concrete as another plane rests next to it
an airplane flying in the air with a lot of white trim
two passenger air planes with the flags of different countries
an airplane is getting ready to land on the runway
a red and white airplane is on the runway
an air plane flying over trees on a cloudy day
the continental airliner with its wheels down comes in for a landing
two small planes sitting on top of a runway
a large airplane is sitting at the airport
an airplane with wheels is approaching for landing
two large air planes flying in the air
several delta air planes are lined up at an airport
a big plane is flying over cars and buildings
an airplane flying thru the gray sky
a large white airplane is parked near a truck
large passenger jet coming in for a landing
an airplane in the air with pictures of an animal on it
this is a large plane parked in an airport
this plane is on the runway with no one around it
a plane flying past a beach and buildings
a large passenger plane in the air over blue sky
the white and blue air transit airplane is in mid flight
a large plane getting boardings at the airport
an airplane is on display at the airport
a white jet plane sitting on top of a runway
a jet in the air about to land at an airport
an airplane flying in the blue sky with white clouds
a jumbo jet airplane flies with its wheels out
a large air plane parked by the grass
a red and white airline plane at the airport
the front wheels on the plane look to be down on the ground
a large white air france airliner being prepared to take off
the large airliner has white and red letters on it's side
a red and white jumbo jet takes off from the airport
red and white tails of jumbo jets sit on the pavement
a very large plane flying through a blue sky
a white and blue passenger jet on the runway
the large plane is getting ready for departure
a person is standing next to a large plane
an airplane flying against a blue cloudy sky
a model airplane that is flying high up
a jet with landing gear down as it is ascending into the sky
the plane has just finished taking off from the runway
planes sitting on the runway at the airport
a large plane is on the runway at the airport
a plane is pulling off the road into the country
an airplane is flying through the yellow sky
"an airplane is sitting on the tarmac, with a cloudy background"
an airplane that is flying in the air
a passenger jet flies over an island with a ship on the coast
an image of a plane going in for the air
an american airline jet sits at the airport
an airplane sitting on the runway with mountains in background
a commercial passenger airplane on the runway
a very large plane flying through a blue sky
an airplane carrying a bunch of animals flying in the air
an airplane is flying in the air just after takeoff
a passenger jetliner flying through the sky on a clear day
airplane on the runway taking off with cloudy skies
a large passenger plane flies over the trees
"jet airliner, leaving the city area"
a white airplane that is in the air
the airplane is white and black
an airplane on the runway ready for take off
an airplane is sitting on the tarmac
"an airplane in midair, in front of a city"
large airplane with colorful design on the top of it
an airplane is parked at the runway as another plane approaches
the rear view of an air france plane in flight
a commercial airplane is flying through the clouds
"the two airliners are painted black, white and blue"
a large commercial airplane flying in the sky
the passenger jet has two engines attached and one pilot is on the ground
a passenger jet taking off from the tarmac
a large air plane sits on the landing strip of a snowy runway
the airplane is flying high into the blue sky
this is an image of an airplane in the airport
large air plane parked at an airport
three planes of varying races in the process of take off at an airport
a passenger plane with images on the side sitting on the runway
the front of a jet that is on the ground
an airplane with the green and white scheme is flying in the air
an airplane parked with its boarding vehicles
a jet blue airliner sits on the tarmac while it taxis
two large passenger airplanes on the ground
view out the windows of an airplane showing the interior
an airliner wing sitting next to its engines at dusk
a painted side view of a airplane
a white large airplane flying in the air
a big blue plane sits on the runway
a large passenger jet on an airport runway
an aircraft is on a runway preparing for takeoff
a large passenger jet airplane parked in a field
two planes are flying against the sky
a big white passenger plane coming in for flight
a computer image of the airplane that is on the runway
a large jet airliner flying over a city on the wing
"red, white and blue airplane is on a green background"
the colorful air plane is parked at the airport
an airplane is sitting on the cement surface
there is a large air plane taking off from the runway
an airplane sitting on top of a lot next to a forest
a large passenger plane under construction at an airport
a model airplane is beside a penny
the view of airplanes from the back of the passenger area at an airport
an air transportation plane is about to take off
a very big plane that is on a runway
airplane on runway in airport near grassy area
the airplane is flying up into the clouds
a plane flying on the air with two engines attached
the side of a large jetliner flying in the sky
a red and white jet flying high in the sky
four men and one woman standing in front of a jet airplane
large passenger plane on runway in a field
an air plane sits parked at the airport
an airplane sitting on the tarmac of an airport
an airplane sitting in an airport ready to depart
the big airplane is flying over the mountains
large jet with american airlines painted on the front
the photo shows an airliner sitting on the tarmac
a model of an airplane on display with other objects
an airplane is soaring through the blue sky
a huge white plane parked in the grass
a jet airplane sitting on the tarmac at an airport
a airplane that is flying in the sky
an airliner with a colorful tail is flying in the sky
the plane is parked on the runway at an airport
a purple and white plane flies in the blue sky
"the view from above shows an american airlines jet, on a flight deck, parked at the gate of the airport terminal"
view of an airplane in front of the modern building
there are several jumbo jets that take to the airport
a red and white plane sitting at an airport
an airplane parked in front of a huge building
the large passenger jet is ascending into the sky
large white and maroon plane with landing gear extended
this is an image of an american airlines airplane in flight
two boys are standing in front of an airplane
the large airliner is painted in a multi - colored stripe
an airplane flying low in the sky over a billboard
a row of jet airplanes sit parked in a park
two red and gold passenger jets are near each other
an airplane decorated with characters in flight
there are three large blue and white passenger jet jets
this orange and white thai airlines plane has just landed
a big white jet airliner flying through the sky
there is a large airplane on the runway
many planes are parked on the tarmac at the airport
a close shot of the underside of an airplane
an airplane flying in a cloudy sky on a partly overcast day
the large passenger jet has landed at an air port
an airplane flying in the sky under some clouds
some large jets parked on the runway at an airport
an air plane taking off in the sky
"the white, blue, and gray airplane is taking off"
the front end of an airplane sits parked on a runway
a plane taking off on the runway at an airport
a large jetliner taking off from an airport runway
a close up of the tail end of an airplane
a blue and white airplane is on the runway
the large passenger jets are on the runway
a large white airplane with it's landing gear down
a row of parked jetliners sitting on top of an airport runway
large airplane next to a commercial plane on the tarmac
blue and white airliner on air landing and the clouds
the tail end of an airplane during flight
the airplane is taking off from the runway
a airplane that has landed on the runway
an airplane has it's landing gears down while taking off
the plane is doing its best run in the sky
an air plane flying high in the sky
an airplane is parked at the airport
a air canada plane flying in the sky
a large yellow passenger jet sitting on the tarmac
a large white and blue plane is taking off
an airplane on the tarmac with a lot of other equipment
an americana plane is landing with the side of its planes in
a passenger jet flying on the runway at an airport
an airplane is shown on the runway ready for takeoff
airliner is taking off at the airport runway
a commercial plane flying in the air near some dark clouds
a large white airplane is sitting on the runway
an airliner sitting on the tarmac under a large clouds filled sky
a plane with alleglia's on the bottom flying
an air plane on the ground taking off
some airplanes are flying high in the sky
some huge airplanes on a run way at an airport
an airplane is flying over a mountain while it's upside down
a large passenger jet flying through a cloudy sky
an airplane and trucks is seen from behind
an airplane is parked on the runway waiting to take off
an airplane with its landing gears out is flying
a large commercial airplane on the runway
a passenger airplane sitting in an airport parking lot at night
the tail of two large airline jets under a cloudy sky
a commercial airplane taking off from an airport
the large airliner is seen flying in the sky
a jumbo jet air plane taxiing in front of the mountain
an airport loading area where all large passenger planes are connected
an air craft flying in the sky with its wheels down
a commercial air plane taking off from the runway
a large jetliner flying over a runway on a clear day
a view of a front section of an airplane on an airport
an airplane taking off from a runway in the rain
a big airplane that says u s mark aircrafts parked at the airport
the airplane is making a splash on the runway
two planes are on the runway outside a city
the airplane is coming in to land in the sky
an airplane being boarded in front of boarding stairs on the tarmac
a large airplane that has a space shuttle on top
an airplane is flying through the smoke stacks
large air plane parked in the snow on tarmack
the large airplane has a golden tail and brown wings
an airplane flies above a field against a clear sky
a fighter jet is parked on the tarmac waiting for people to load it
there is a red tower that has a flag on it
an airplane is flying in the air near the landing gear
this plane has several wings flying along the runway
a huge commercial airplane being towed by a loading truck
airplane landing at the airport as another passes by
an airplane in a busy airport with many vehicles around
the airplane is taking off for the flight
a large commercial airplane parked next to other airplanes
a passenger plane flying under an arrow
a large jetliner sitting on top of a white floor
an airplane flying low over a dry field
an airplane is parked on the tarmac at an airport
an airplane is on the ground covered in snow
large jet airplane with very long wings parked on a runway
airplanes parked at the airport on the runway
the fed ex airplane is flying through the sky
a close up of a very pretty airplane
"a passenger plane with two engines on it's sides, one flying in the air"
"a white, gray and black photo of an airplane flying in the sky"
this is an airplane that has just landed in the airport
airplane on tarmac with other planes visible in background
airplane taking off from airfield on a clear day
a large plane is lifting it's landing gear
a fed ex plane parked on the tarmac
the plane is taking off in the sky
red and white airplane is flying in the air
an image of an airplane that is in the air
an airplane flying in the sky over head
there is an airplane that is on the runway
the turbine on this airliner has a drawing on it
a large white and blue airplane in the sky
the plane just landed is taking off to the side
big blue airplane and many trucks are parked in the lot
the large jet has just taken off and is taxiing
people sitting on steps by an airplane that has landed at the airport
an onnukt air line airplane on the runway
an airplane on a landing strip with a hangar behind it
a passenger jet is parked on the tarmac
an airplane is flying through the sky on a sunny day
an airplane is taking off from the runway
a large jet is on an airport run way
a large airline sitting on top of an airport tarmac
a singapore airlines airplane flying in the blue sky
this is an image of a model airplane
an american airlines boeing 747 aircraft with its landing gear down
an airplane in motion on a runway
a big jumbo jetliner with some wheels in the air
large passenger airplane on an airport tarmac
an airport with an airplane and another plane in the background
the large jumbo jet is flying in the sky
an image of a commercial airplane on a runway
a large jumbo jet at an airport loading area
a large commercial airplane taking off from the runway
a large white plane is parked at an airport
a red and white airplane is sitting on the runway
a airplane looks ahead as it arrives for a flight
a white and blue plane is on the runway
large passenger jet sitting on top of an air port
an airplane taking off from the airport runway
the airliners at the terminal were taking off from terminals near terminal
the blue and white plane is flying in the air
the airplane is getting ready for takeoff at the airport
a plane flies through the air in the sky
a plane is in the air with it's landing gear down
group of people gathered around airliners getting ready for landing
the nose of a yellow and gray jet airliner
a large commercial plane that reads frontier on it's wings
this airplane has passengers and their hand signs
the front view of the airplane is parked
there is a large blue and white airplane flying high in the sky
the airplane is taking off at the airport
a yellow and blue jet with two wings out sitting on green grass
a few passengers are boarding an airplane on a small runway
a white jetliner flying next to a forest with planes in it
an airplane on a runway at the airport
a pink and white airplane coming down from land on another plane
a very large commercial plane on a rainy runway
a plane sitting on the tarmac in front of a city
large jet on runway preparing to take off with people on sidewalk
a plane parked on the tarmac at an airport
blue jet airliner taking off into the air
the american airlines 747 has parked with baggage
several large white and blue airplanes on runway
a jumbo jet sits parked on a runway
a large jumbo jet is flying in the sky
a silver airplane is in the middle of the water
the airplanes are ready to pick up passengers
a fedex air jet flying against a gray sky
the bottom of an aircraft in the air
several people watching an airplane in the sky
an air plane on an airport runway with a worker going through the equipment
three large passenger jets on an airplane carrier
an airplane with seats facing the televisions
a blue and white jet airliner sitting on runway tarmac
an airplane is on the ground at an airport
an airplane with its landing gear down and the number on it
an airplane sits on the runway near one another
a small airplane being towed by a large white plane
"a large blimp with the words, goodyear and an suv attached to it"
a red plane flying through the sky on top of it's tail
an red holloden airliner with the word holloord flying in the sky
a red flying object in the sky against a blue sky
a large commercial airplane in the sky is flying
there is a sign that says good year on it
a large balloon shaped like an octopus on top of a tv tower
a giant inflatable balloon with different colors flying through the air
"giant, huge air plane with people coming out underneath it"
a large silver object flying through the air
an airplane flies over the water in the sky
a grey colored oval shaped airplane is flying above it's clouds
a parasailing in the distance off of a house
an aeroplane is painted with red and black accents
two large white boats flying over a large body of water
the people in uniforms are walking across the field
a large plane flying high up above the ground
several military ships in the water near smoke stacks
a large red air - scoller flying over a city
a large air craft flying through the air above people
a large red ball sitting on the top of a field
a large green helicopter flying above a city
a group of people fixing the top of a large water tank
a motor boat docked to another boat on the shore
a large blimf with the words good year next to it
a plane is in the sky over trees
an old black and white photo of an air raid balloon
giant red and white balloon being worked on for this event
the huge passenger ship has been built on land
an air plane is flying in the sky
a large yellow balloon is floating over a forest
a black and white photo with an airplane flying over it
a large plane is flying overhead over a stadium
the plane flies above the ocean near the shore
cityscape with buildings in the background and a sky line
a large air ball shaped like a blimp boat with a blue print design
large spherical object placed between two poles in a vast area
an air balloon flying in the air near the top of a building
two asian men standing next to an airplane in china
a large airplane painted on the side of a freeway
a big balloon is flying over some hills
a large white airplane flying through the sky with people standing in it
an american eagle plane is shown on the runway
there is a big balloon with cartoon designs on it
white airplane with chinese characters on its tail
a jet flying over palm trees in a blue sky
an air craft flying over a boat floating in the ocean
there is a bird that was photographed from an airplane
large air craft with words written on it and a sky background
several people stand on a large aircraft
beach scene with swimmers in water near shore
a jet that is flying in the air
an airplane and another sign outside a small town
"an unusual looking green and white object, that is flying in the air"
an air filled with lots of clouds that looks like a small round inflatable balloon
"the large plane is painted red, white and blue"
an airliner flying in front of a huge mountain range
the large red boat has a tail on it's side
an airplane flying in the sky with the words nasa on the tail
large black and white photo of an aircraft under construction
a bird in the air flying under a partly sunny sky
a photo taken in a store window shows an airplane and the ground
two air mails floating across the water
a belon and is flying in the sky under a blue sky with clouds
the bottom portion of an aircraft flying above trees
an airplane is flying high up in the sky
a very large gray airplane flying through the sky
an airplane with light coming down from underneath the parachute
this is an image of an airplane in the water
a large jet flying past an airplane near a runway
an airplane is flying in an overcast sky
an airplane is flying through the air on a cloudy day
an air plane is flying over palm trees
a sign with the writing'world famous chinese hot dog'written on it
a inflatable boat floats out of the water
the large plane is sitting on the runway
a large orange and white ball sitting on top of water
a big boat out in the middle of the ocean
black and white picture of an air craft flying
a large hot air balloon that is flying in the sky
an image of a very large plane in the sky
the nose of an airplane flying in a gray sky
an airplane flying by the top of a building
a satellite like object flying above mountains in the daytime
an inflatable balloon next to a clock and building
two planes being displayed side - by - side on tarmac
a photo of a black object and it appears to be in an airport
a plane flying in the air with another plane below
a large golden and blue large air plane
a big airplane flying near to an old brick building
airplanes are sitting next to each other on the runway
an aircraft shaped like the shuttle from the famous movie star wars
the large object looks like a rocket with a star on the side
an oil derrick explosion with smoke and steam coming out
an air plane is shown flying high in the sky
the underside of an airplane flying in a cloudless blue sky
a city street is crowded with cars driving by
this is a large air plane with many stars painted on it
an airplane is flying high in the blue sky
a passenger airplane is in the sky on a clear day
a large jet shaped plane being flown by building with trees
an airplane flying in the sky over some water
a big airplane landing over a fence in front of an air plane
there is an image of a big balloon flying in the air
there is a big object flying in the air
an image of a flying object high in the air
a big plane with its landing gears down in the sky
an airplane flying up into the air in cloudy skies
a red and white contrail flies overhead while two other planes are in the distance
a large jet plane parked on top of a runway
a colorful balloon sits flying above some trees
"an old, metal model is floating in the air"
large red and black object flying in blue sky
an old photo of a big boat on the land
a large plane taking off into the sky
two men and a woman walking through a field next to an flying blimp
a large jetliner flying through a cloudless sky
large passenger jet flies through the air on clear day
an air plane with a logo painted on the side of it as part of americandust
the american flying high in the sky has a patriotic flag on its tail
advertising sign on city skyline with lake and boats in foreground
an airplane flying in the sky on a cloudy day
an inflatable air balloon that reads goody year against a cloudy gray sky
a group of people standing on top of a large kite
the large white and blue aircraft is in the air
two people are standing around a huge buul
a city with skyscrapers and traffic lights against the clear blue sky
many giant balloons flying up in the sky
a red jet is flying next to a lamp post
an old time picture of the flying airplane
an airplane flying through the blue skies above some buildings
the saturn balloon floats with a large sticker on its side
a couple of big balloons being released in the sky
large jet airplane near some grass with sky background
a photo taken during the day with a blimp flying over the building
a black and white photo of an unusual large object
an artistic photograph from 1920 of a balloon in the form of a parachute
a boat that reads good steamer flying over a lake
there is a very large air plane flying in the sky
a big ball that is sitting on the runway
"a large, black and white photo of the aerial view of the city"
an airplane with its front landing lights up
an advertising balloon shaped as a red hydrogen flying over trees
a giant sign advertising an airline near tall buildings
a big airplane with lines flying in the sky
a large flying object in the air above city buildings
two balloons are floating through the air
three antique hot air balloons being flown through the sky
an air craft in the sky with london never over it
an airplane near a body of water with grass and trees on the ground
this photo is from the catalog of the united navy or u s navy submarines of world war i
an airplane is being displayed at a window
a large jumbo sized jet airliner with asian writing
a big orange balloon with the words don't live like a littlelie lives live in it
an old photo of people watching an airborne bomber fly
an air plane in the air during a sunny day
an inflatable hot dog airplane flying against a blue sky
the large balloon shaped like a duck is flying through the air
a boat flying by in a clear blue sky
the large jet is flying through the air
the large advertisement on the back of a passenger plane
"the houdin airplane is flying in a clear, clear blue sky"
a jetliner being loaded with equipment on a runway
"a red, white and blue blimp with the letter spirit written in it and a airplane flying over the bottom"
a large yellow air craft flying in the sky
an illustration of different types of air vehicles floating in the sky
an air force jet is in the air over a city
"an airplane with the word, with me written on it and stars on it"
an inflatable balloon sitting on top of a field
a japanese airline jet is flying in the sky
large inflated balloons over a field next to other large buildings
two huge air craft floating in cloudy skies
this is an image of an outside sky scene
there is an old photo of a giant boat
people standing next to an aeroplane flying through the air
an advertising balloon flying over some grass
an airplane with the letters as am on the tail and tail
a blj airplane sitting by the beach and an airplane hovering over it
people stand around a big white ball with red wires
a very tall ship near an oil well
an airplane flies in the air in front of a crowd
two air planes flying low to the ground
the big air plane is floating by for flight
a large balloon sitting on the ground in front of other vehicles
a large ballon is outside in the sky
this giant balloon is in front of a building
a large air floating structure by itself outside
people are walking near an airplane in the snow
a large boat sits under huge industrial beams
an old photo of a balloon flying in the air
"the large, round air floating balloon is advertising for water and waste management"
a red houdden airplane in the sky up close
"a black, white and red plane flying in the sky"
"a truck, man and vehicle is seen near the large airplane"
the hind balloon is flying in an old photo
a large aircraft flying in the sky over a field
an illuminated kite flying through the air at night
an image of a large balloon that is flying high in the sky
a white plane with an airplane landing at the airport
an object being held on to wires with a sky background
an air france commercial airline with it's landing gear down flying overhead
the two planes are flying side by side
a large balloon flies into the air carrying a message
the giant air balloon floating over a body of water
giant balloons attached to steel poles in a space
a large air raft with people standing underneath it
an enormous inflatable ad for free smile
an aerial view of a aircraft in flight
the flying object has pulled down so it can sail
a large white airplane in the sky with smoke
an old image of a big boat in the ocean
an old black and white photo of people with two large masts
an image of a huge balloon in the air
an airplane with a red and white logo on it flying in the sky
an air plane flying in the air with its tail
an old airplane flying through the sky
a vintage photo with multiple small planes flying in the sky
the logo on a plane in the sky
people standing in front of a large jet airliner
"large, white passenger jet airplane parked at a base on the ground"
an airplane in flight over a city and sea
"a hot dog flying over the water, with buildings in the distance"
an airplane flies overhead in the sky on a cloudy day
a very big balloon with sanyo and red letters on it
large commercial air plane with blue letters that says belex
a large air ballon with a colorful design
a plane on display on a field with buildings in the background
the big airplane is being prepared to fly at
a bird flying in the air above some tall buildings
a red airplane flying through the sky with clouds above it
an airplane that is flying high in the sky
two helicopter helicopters hovering above the top of a structure
an air plane flying above another airplane in the sky
a very big white balloon floating above a man in a white shirt
an aerial rendering shows a modern aircraft wing
an airliner flying in the air on a cloudy day
the large air balloon is being displayed in the open field
"a large, white, jetliner flying through a blue sky"
a small jet airline flying over a tall building
"a big, blue - yellow d & d and i yeahd wear balloon in the grass"
very big sky go - go balloon with the nyco logo
an air plane parked on top of a grass field
an image of a giant object in the air
an inflated jet airliner flying with a text that reads lunada make fremont aerofax
many birds are flying in the air over a building
a big bright yellow flying plane next to an orange wall
a large plane on fire coming off the side of the building
a large red and blue flying object in a sky
a large blimf is painted in the colors blue and white
"a large, large passenger plane on display at an airport"
people watching something as an inflated object is on the ground
an upturned airplane in a cloudy sky
aerial view of airport of new york
an american express balloon on a desert landscape
an odd looking structure that is on top of a snow field
there is a plane flying high in the sky
an allegoro balloon flying over the tops of trees
a big white and grey balloon and people walking around
white and black blimt flying in cloudy sky
a large airliner flying in the sky above
a large banana kite flying in the air
the large air plane is floating under the blue cloudy sky
large air filled passenger plane flying over the ground
an airplane that is flying into the sky
a blimble flying over a large body of water
a huge balloon in the middle of a field
an inflatable balloon floating over the ocean
a big airplane that is flying in the air
there is a building with a clock on it
an american patriotic shaped building is being displayed
an airplane and bells at a chinese building
an air plane with painted wings in flight
a large inflatable balloon that says have you meet life today
an old fashioned large passenger airplane is flying over
airplane with landing gear flying in cloudy sky
a red and white flying airplane near an amphite
a large air balloon has the word goodyear above it
a large white jet flying in the sky
a large air plane in the sky with clouds
four pictures of a large plane flying in the sky
a giant white balloon is being ridden on the pavement
a couple of birds that are flying by a building
an image of the red balloon being lifted above the trees
people wearing orange and white standing near the front of a plane
three planes flying side by side in formation
a big red advertisement for a chinese cuisine
an airplane that is flying in the sky
an aeroplane flying low to the ground above a building
an aeroplane in a field during a gloomy day
an advertisement for goodyear watches is flying in the air
an airplane flying through a cloudy blue sky
this is an artist's rendering of a huge air rocket
a large blimet soaring in the sky above the sky
a large balloon floating in the air over a grassy area
an old black and white photo of a large transport
an air plane flies past a building on the street
an enormous air balloon that is in the shape of a soccer ball
this is an image of a large silver metallic airplane
a big white airplane that is flying low in the sky
"people are standing outside of a large, white object"
an oval object is in the air against the sky
two small birds flying high in the sky
"a large, white boat flies over some green grass"
a large airplane with two wings at the airport
the huge air balloon is above the grassy field
a close up of a jet shaped inflatable
an object is floating above the water from a balcony
there is an over the top sign on the ground
there is no image to describe at this time
an airplane is flying into the air
a large jetliner flying through the sky
an air plane with an advertisement on it flying in the blue sky
a large jet flying through a blue sky
an airplane is parked on the runway near a large advertisement
there are two airplanes side by side on a grassy field
an airplane with the flag of the united states on its tail
an aircraft with an extra long tail flying in a cloudy sky
a large balloon flying through a blue sky above desert ground
a large blue skyreectv airplane with two people standing next to it
a blue sky with some small airplanes near a fence
a large balloon with designs is placed in the middle of a field
an airplane is flying over cars in a parking lot
an airplane plane flying over a large city
there are many people in front of an air plane
a city street with a building in the background and a flying airplane above the building
the flying boat is almost in the water and has an oval shaped structure
two men are attached to the top of a big ballon
the airplane has its nose partially closed as it is ready for take off
a red airplane is in the air next to a large airplane
large red passenger plane parked in a grassy field
an airplane flying over the statue of liberty
a large inflatable floating object is floating through the air
a white and red plane flying through the air
an airplane with a big balloon attached flying over two planes
"an airplane in the air, about to land in the sky"
an unusual design is flying in the sky above buildings
a large air ballon being pushed down the slope by a jet plane
a balloon that has logos on it
the tail end of a plane as it sits on the tarmac
a very big airplane flying over a field
a large white object flying over trees and blue sky
fireworks exploding over an airplane with steam rising from it
a plane is in the air and is parked
an airliner flying over the city against a smoky sky
an airplane with a large red and white tail
an airplane is on display at an airport near an airplane carrier
three large alien flying above a couple of buildings
a large black and white photo of an old looking boat
a large plane flying by over a small tree
the airliner is flying above the wires and construction areas
"a large, white, military - type plane in a cloud filled sky"
a red and white holidden balloon with words over an airport runway
an apartment building next to another building under a cloudy sky
there is a airplane flying over some buildings
a balloon on a pole under other equipment
"an air plane flying through the sky, while an electronic sign can be viewed"
a large air plane flying in the sky with designs on it's side
two large inflated objects in the sky
futuristic city buildings flying over a tower in the middle of water
people are gathered around an enormous balloon in a field
a large airplane is on an air field with people walking below it
an airplane flying over the grass with other airplane parts below
large white air balloon sitting on display near building
a large air craft sitting on the ground
an airplane flying high up in the sky
a blime that is flying through the air
the bottom portion of a large white airliner
an inflatable aircraft with two wings is seen flying through the sky
an airplane with two cars attached under the belly of it
an airplane in the air during a foggy day
an large white jetliner sitting on top of a green grass covered field
huge balloon shaped like two hot dogs being lowered by ropes
the large person is flying an inflatable kite
a blue and white plane flying through a cloudy sky
an airplane that has some kind of advertisement on it
the sun shining behind an inflatable jet plane
an advertisement balloon is flying in the sky
the people are riding motorcycles by the yellow submarine
a large red and white sign on a white barrel
a plane in a cloudy sky on an overcast day
huge balloon shaped like the giant saturn rocket on a tarmac
an object in the air being held back by two hands
a large white object that is in the air
this is a hot air balloon flying on the beach
this is an image of a huge air floating device
the very tall passenger jet airplane flying under a cloudy blue sky
"a large, green and white jumbo - ball sitting on the ground"
an airplane flying in the air with chinese writing
an air force passenger jet taking off from the sky
a large airplane flies high in the sky
an old photo of a flying tall ship
a large inflated balloon floating in the air
a large silver airplane sitting on top of a lush green field
a large air plane on display in an exhibit at the world championships
two people looking over a large building near water
trucks drive underneath an airplane on the tarmac
"large passenger jet flies in clear, blue sky"
a large inflatable advertisement is being made on top of an object
a airplane is flying against the grey sky
the u s navy had its first giant blimt flying in its natural glory
the underside of an airplane shaped like the emirates logo
an airplane flying in the blue sky with clouds on the other side
an airliner is in mid air as it flies through the sky
an inflatable u - boat is floating on the shore
a large chrome balloon sitting in a field during a sunset
a large airplane flying in the air on a clear day
"the san francisco air force's huge sanyo balloon is red, white and silver"
a balloon of a airplane on it flies above the people in the field
people are watching as an airplane flying above a crowd
there is an old white and gold airplane behind it
an inflatable flying saucer on the runway with large buildings in the background
a model train sits on display at the building
a large commercial blimfe flying through a clear blue sky
a large multi colored balloon suspended by several poles
an image of an old time jet being carried on top of an aircraft
a large airplane sitting outside of an airport
a model air filled balloon with a man in it
a large plane on the ground near other airplanes
an old fashioned looking airplane flying over a rural town
the hot air balloon is suspended upside down
an old black and white photo of a large air balloon
a large blimp flying in the sky with good & year written on it
the top of an air craft in a park
"an air filled, flying airplane for the international olympic team"
an airplane flying high over the grass of a field
two people parachuting over the water under a large airplane
hot air balloons on display in the air
the building structure with a long tail is next to the water
an airplane with the word goooooo on it
a large black and white photo of a submarine
a flying airplane is up in the sky
"a vintage photo of the great flood, taken from an airplane"
the big air planes are being flown in the sky
an airplane with one side in the air and three smaller ones
a large fish kite in the air under a partly cloudy sky
an airplane flies above the ground against a blue sky
"group of people standing next to the large, red balloon"
people near an airplane with another man and girl under an umbrella
an old picture of a large balloon in the air
an air plane that is flying above the city
an airplane that is flying in the air with writing on it
a large white and red hot air balloon
a huge jet floating through the air on top of a clear blue sky
"a huge, two engine, twin engine jet is on the runway"
an airplane is flying over the large hangar
a large white balloon flying through a blue cloudy sky
the propellon type vehicle for the small space shuttle is flying in the sky
an airplane flying in the sky with a banner hanging off it's side
this is an antique picture of a large airplane in the clouds
a big inflatable flying over a town
an airplane filled with people who are flying over the ground
a giant object being lifted from the ground
a military jet plane flying over the ocean
a large blue object flying through the sky
the bottom of an airplane flying in the sky
a giant red white and blue surfboard is advertising a mountain resort
these hot air balloons are being worked on on a field
an airplane is flying thru the cloudy sky
a large airplane is taking off into the air
an aeroplane flying over the water and clouds
a long rainbow of kites are being flown in the air
an unusual looking flying object in the sky
a large old hot air balloon flying through the sky
a large air filled balloon with an antenna sitting on the roof
"a large, white, jet airliner with a sky ship logo on it's tail in an area of several buildings"
there is a large bliml flying in the sky
the giant floating aircraft is on the water
a picture of a large sign on a plane
a large plane with some writing on the bottom
a blue and white colored jet with white writing flying through the air
an image of a large tanker and a big train going by
the large plane is being flown in the sky
a jet airplane flies over the sea level at sunset
an old black and white photo of a large boat
an old photo is on display of an antique balloon with a rocket inside
a large helium plane flying over clouds during the day
a green and white aircraft is in the sky over the water
an illuminated balloon floats through the air against a cloudy sky
a huge blimp flying over a field with other people
"a large brown, yellow and black, one air new years blimp flying through the sky"
the tail of a large airplane attached to a control unit
an airplane with a belil logo parked on the tarmac
a plane is flying in the blue sky
an old photo shows the inside of a large building
the large airplane is painted like an eagle
there is a large military airplane sitting on the water
airplane flying past towers at dawn with clouds
airplane in the sky flying over some buildings
large yellow balloon being carried down the street
an image of an airplane flying in the sky
an inflatable bird flying through the air with a cloudy sky
the passenger jet flies straight up in the sky
"airplane in the sky over the beach, with ships in the background"
the roof and front part of a hot air balloon
a giant air - craft flying through the sky with a lot of stairs leading into the tail
a display of many types and colors of items
a man wearing black clothing lifts up a yellow and red chinese balloon in the air
two airplanes are parked on a field near a tree
"a flying small, flying aircraft near the beach"
some people and a large airplane flying over
a very large object floating over some people
two different sized kites flying in the sky
a large advertising balloon in the air
looking up from two skyscrapers toward a cloud of clouds
an aircraft that is in the sky very high
two people are watching an inflatable balloon
an airplane with asian lettering sitting in a hangar
two planes flying with flags in the back ground
a red and yellow object flying through the sky
a sttillia arteiol has been advertising in some places
there are people in a helicopter flying down
an airplane that has it's landing gear on is flying over the city
an inflatable floating on a blue sky with the letters congratulations written inside
the canoe has landed in the center of many small trees
an old photograph of a group of people under the cover of an aircraft
an alien ship flying over a mountain
a large metal airplane mounted to the side of a building
many large flying objects in the air
two hot air balloons flying in a purple sky
a model of a white boat with red lines
an old photo of a navy bomber ship
a plane with its doors open sitting on an airport tarmac
"a big, white, flying, airplane is pictured in the sky"
several people in uniform gather near an oversized balloon
a football team at a stadium during an unknown year
a big object with propellers sitting on a field
an airplane that has the word goodyear written on it
there is a large jet shaped inflatable airplane
a large flying object in the blue sky
an up close view of a large yellow plane
a brightly colored airplane is flying in the sky
two kites flying over two planes in the sky
people are on the tarmac and a huge airball is coming down the runway
people standing in front of an airplane on the tarmac
some people stand outside a blue and white air plane
a large white air plane flies through the sky
an airplane with the side wings off and a propeller out
the airplane is flying in formation with the wires below
a flying jet plane with some words on it
a large propeller sitting next to a metal lamp
an airplane that is flying high up in the sky
"a plane with the words, blimtertown flying in the sky"
a big air plane flying in the sky under cloudy skies
there is an airplane flying in the sky
a large white airplane flying thru the air
an large inflated balloon sitting on top of a field
a huge airplane that is flying in the sky
an airplane flying high up in the sky
a large blue air plane flying through the sky above a cloud
"a very large, inflated airplane that reads good byeear"
a large white airplane flying in the air with buildings behind it
a large airplane flying over a sky with some clouds
large airplane sitting on top of an airport tarmac
several people and an airplane in the air above
two balloon type in flight above the clouds
the black and white image shows cars with an over - sized object over them
a large airplane that is on display in front of a building
a hotel is under a tent and at the river
an airliner in the air on a very misty day
an air vessel in the middle of the sky
a huge aluminum model flying in the sky
a large balloon with some type of lettering on it
police watch as two men stand outside as a giant piece of metal floats is hoisted overhead
several people gather around the wing of a large prop airplane
this airplane has just flown to its owner
some black and white photos with some people
an old silver balloon in the middle of a field
"an antique photo of the hind, or hind hind flight"
a large aluminum sign with words in the background
an airplane on the runway behind a fence
a large hot air balloon advertising a sale
a green and white balloon that has the words wisconsin underneath it
there is an airplane going up the road that can be very large
an old hot air balloon is over a group of buildings
the large yellow balloon has asian writing on it
an old fashioned flying object with four legs in the air
a large red object flying through a clear blue sky
a large airplane flying in a bright blue sky
a large jet flying over a rural countryside
a black and white photo of an elephant on an airplane
an airplane has a structure that looks like it has two propellers
a large balloon is attached to a string
an image of a yellow blue and white jetliner flying in the sky
black and white photograph of people near an large structure
an airplane is flying over a large submarine
a large truck sitting next to a large airplane
a white jet flying in an overcast sky
a white plane on display at an airport
an advertisement with a large aircraft flying in the sky
a giant space ship flying through the night sky
a very pretty looking hot air balloon over some buildings
the big white ball inflatable is hovering with its front end
a white airplane on the ground with words and symbols on it
"a large, white airplane flies over a city with a bridge in the background"
an old photo of an old airplane with people walking around
an inflatable police sign being lifted onto a pole
large balloon with colorful details on top near grass field
a very large jet airplane that is flying in the sky
an old photo of a group of military men standing next to an airplane
an airplane that is flying over the city
the bottom portion of a small rocket flying in the sky
an airplane flying over some very large bodies of water
an unusual flying device is shown in the air
a white object with a blue trim and the words rdillos
an uk british flag hanging from a street light
men walking across a field with large kites in the air
an animated hockey player is skating in front of spectators
the large white air ship is lifted by a crane
an airplane flying through the blue sky
an image of a big white object floating in the air
a large red and white train traveling over a lush green field
a big plane is sitting inside of a huge building
a huge air balloon suspended by three ropes
a large plane sitting in a parking lot next to buildings
an unusual shaped object is seen in the sky
a large jetliner parked on top of a runway
a plane that is flying in the air
an air plane is flying high in the sky
an airplane flying in front of a dark sky
a large balloon flying through a cloudy sky
birds flying above the tops of buildings near the wire
a large air balloon floating above an ocean
a giant passenger jet is in the sky
a painting of a big city with an air plane that is flying close to it
a large aircraft is flying over a crowd of people
airplane flying away in blue sky with white underneath
an aerial view of the city has a large jet flying over it
an advertisement on the side of a large white object
the air glider is flying over the eiffel tower
an air balloon in the sky flying through the air
a big fake airplane on display near the grass
an old photo of a giant balloon or plane
a group of men stand together in front of an airplane
a large airplane flying over a flat grassy field
an old black and white photo of a big hot air balloon
an air balloon is on a street with other people outside
an airplane flying in the sky with no clouds
two hot air balloons in the sky near a building
an image of the famous drink is advertising light beer
the sign on this street has multicolored letters
an old black and white photo of a large balloon flying
there is a large airplane flying through the sky
the advertisement is very large and contains an upside down car
a plane flies through the air near trees
"the side view of an airplane that is white, grey and red"
an asian airways jet flies in the sky
a close up view of a robot sitting on a ledge above other people
a large white jumbo jet sitting on top of an airport tarmac
"men and women watching a large, black - and - white, in front of water fountain"
two large aircraft flying through a foggy sky
a woman in vintage fashion with an old time costume
"soldiers ride horses along the path to a large, gigantic ship"
an old airplane is flying high in the sky
the large airplane is flying through the air
an old photo of the oval rail sign above the city
a large steel boat suspended from the air
white plane with the wheels down in the sky
an aeroplane flying in the air being driven by a machine
an unusual hot air balloon is being displayed in a shop
a black and white photo of a large airplane
an old photo of a large white balloons advertising an event
the huge balloon shaped aircraft is on the runway
a large white flying object in an airport
an air plane flying with a sky background
an old black - and - white photo is hanging on the wall as another balloon flies
there is a very large boat floating over the city
a large aircraft that has been suspended from the side
a man is posing next to a large jet
a large inflatable balloon being towed by a crane
a very big jumbo jet flying over trees
airplane wing close up as seen from ground
a plane flying low over some tall buildings
an indoor indoor event of some type and is about 5ft long
there is an airplane flying over the water and on top
the b - well is flying through the blue sky
a large white passenger jet flying through a cloudy sky
the empire building in new york city new york state
"a big, yellow and white hot air balloon flying in the sky"
a large white airplane with one propeller flying through the air
people are looking at an inflated boat on display
"an airplane hovering over a city, looking like a rocket"
an airplane flying high up in the air
a huge white jet sitting on top of an airport runway
an airplane flying in the air while under a blue sky
the engine has an emblem on the side
people are gathered on the street outside looking at the tall building
an air plane is flying up in the sky
an air - ship that is in the sky with the logo of the company air ship venture
"skyscrapers under construction are shown, including one of them with an upside down tower"
a large air plane flying in the air in front of trees
"a very large, black and white image of an air ship"
a blue and white balloon that is floating with strings and lights
the space shuttle was a familiar object from another time
an air plane is docked in the sunny sun
a large jetliner flying through the sky with it's landing gear down
a large group of people in front of a plane
a large jet airplane in the air with other cargo vehicles around it
an enormous plane over a crowd of people
an allegro - ppl airplane flies through the blue sky
the hotline box has been designed into a boat
a big commercial airliner flying in the sky
two big ships docked side by side in the ocean
a blue and white airplane flying in the air
an old picture of a hot air balloon on the sky
black and white photograph of two men riding a jet airplane
the large object is attached to the sky
a large plane is flying through the blue sky
a jet high up in the sky
an old photo shows two air craft and a plane
a large flying inflatable in the sky with wheels down
"this is the first photo of an aircraft with a missile, taken by a u s air force sailor"
a large blue and silver jet is flying in the sky
the underside view of an airplane in black and white
the small plane is flying high in the sky
an airplane with large white writing that is attached to the side
an aircraft balloon in the air with a parachute
the large air filled plane is flying through the sky
a large white balloon is sitting on the runway
an old photo of a large balloon in the air
there is a very long white plane flying through the blue sky
a large silver airplane that reads alohhip ventureures on it's tail
a large jet flying through a cloudy sky
large air ballon being flown by several people
an image of a vintage picture of a city
a large air craft with the words good year on it
a large building is under a blue sky
the biggest and most powerful flying object in the world
an airplane flying through the sky on a clear day
a very large plane is flying in the sky
a very large yellow and red plane in the air
an airliner is flying in the air high up in the sky
an airplane flying over a tower and a building
a white airplane flying in the sky under some clouds
two people are flying in an old plane over the ground
a large sky transport flying through the air
an airplane is flying through the blue skies
a large white and green airplane flying in the sky
the flying kites are in the air near the road
an airplane is soaring through the sky
a large jumbo jet is flying in the sky
a large passenger liner in a hangar filled with people
an alien hovering over a city at night
this is an image of a big blue airplane in the sky
an aircraft flying through a clear blue sky
an airplane above a ship and another airplane flying in the blue sky
several people flying a kite in the blue sky
people fly a kite in a blue sky with clouds
a large silver object over an entire city
a big blue and white boat docked at a dock
a car drives the grid up an animated red bull
a building with a very tall tower sitting above the other buildings
man holding up large shaped like an airplane with a smaller plane at the back
some ladders that are standing next to a building
a large plane flying with a long tail
the blimer jet flying over a tall white building
an aerial view of several air planes taking off on a white and blue painted wall
an alien flying across the bridge where it is
the underside of an air plane flying in the sky
a large air plane in the sky
an aircraft is in the air flying in the sky
a large jet sitting on top of a tall white building
a black and white jet with the letters f below it
a large air plane flying over a city
a plane with a very high mast flying over a bridge
two sheep standing next to a clock tower in the distance
the large inflated balloons on the ground of an airport
a black and white photo shows an airplane in the sky
an image of a virtual set with a man walking in the middle
a large white airplane flying through a blue sky
there is a large old style hot air balloon flying over the ground
large buildings from outside next to some stairs
a huge red balloon being flown on top of a field
an inflated air balloon is above a forest
an orange umbrella is next to a white dome on a clear day
the skyskyshoots logo hangs from the front end of a large balloon
two small airplanes flying over a large city
a large airplane with no engine or landing gear
vintage photo of the u s navy air plane with its landing gear down
a large cloud of smoke billows from the ground
a large battleship is burning in the ocean
a jumbo plane flying at dusk over pine trees
a large plane flies above a cathedral like building
an inflatable aircraft is flying through the sky
two hot air balloons are seen in the sky
an inflatable air balloon with the name travattaant printed on it
a green and white balloon flying through the sky
some people waiting for their flight on the air port
an airplane flying high in the sky near clouds
a large commercial airplane that is advertising the business
some planes flying and some buildings and trees
a bliml that is flying over a building
a colorful hot air balloon is in the sky
a large model airplane hanging on the wall
white blimal floating with two yellow lines
a large white pipe on the side of a road
a white and blue jet parked on top of an airport runway
a plane is ready to be prepared and be auctioned
a large air plane parked on top of a field
the back end view of an airplane in flight
"a huge, air - to - air, balloon sitting in a airport"
an illustration showing the concept of a flying cargo ship
an airplane has had gas to lift it above the ocean
"a large white, round balloon that reads, smart"
two people are trying to fly an inflatable boat over the top of a hill
a large building behind an extra large round white object
the people are being instructed to play a game by their team
an old photograph of a large boat being assembled
a big advertising balloon sitting on top of a field
an old photograph of an early model type blimal
a very large jet flying in the air
a white surfboard floating in a deep blue water
the model jet airliner has been decorated with a giant advertisement
a person that is flying in the air
the large white airplane is flying through the air
the back end of an airplane that is parked on a tarmac
an orange hodleron airplane in the blue sky
an airplane flies through the blue sky
a large boat sits in a field in front of an airport building
two people are walking by the wing of an aircraft
this is an old photo of a large white and gray balloon flying
two large white boats are in the water
a large orange moonsteter air balloon in flight
there is a blue airplane that is in the air
an airplane landing and getting ready to leave
black and white photo of the giant balloons at a state fair grounds
this is an image of the outside of a huge balloon
this is a photo of someones group and the enormous nose of an airplane
a large commercial airliner with two sides up
a big jumbo style blimt flying in a cloudy sky
large white and gold colored commercial plane being transported on wheels
a large white airplane flying through a blue sky
an aircraft is flying high in the sky over a town
a large plane parked inside of an airport hangar
a large commercial plane flying in the sky
two red tubes flying in the sky above trees
large advertising balloon floats over the mountainside
a large white object flying through the air in the snow
a plane that is flying on the air and snow
the big balloons are flying up in the sky
a large plane flying high up in the sky
large airplane painted in multi - colored stripes on landing strip
the photo shows people standing near a large object
an aerial view of a stadium with giant white jets
an old photo of a train carrying freight
"an old fashioned photo with large, air - like flying machinery on top of it"
a large airplane flying over a city covered in buildings
a giant white airplane with letters painted on it
three people walking towards a large jumbo jet on a runway
some women are standing under some large balls
a large jumbo jet airplane on display at an airshow
black and white photo of a german b - 25 krieger aircraft flying
there are many people at a building or conference
a small yellow airplane shaped balloon near a large blue tent
the large white plane is flying across a field
the vehicles are parked in front of the building
a big white airplane flying in the air
an alien type object flys in the clear sky
a drawing of an aircraft above a body of water
an airplane flying high into the sky near trees
an air filled balloon floats over the street
a picture of an airplane in the sky flying by
two airplanes fly through stormy skies above each other
several people standing on a large area that contains a large air plane
kite flying in air near large building with trees
a car traveling down the street at sunset
a model of an air craft with clear shelves
an american aeroplane flies close to the ground
an army t 1 - 6 prop vehicle is in the air
futuristic flying over ocean with light boats and bridge
a man is flying a kite high above the beach
the blimter is flying over a field with trees
the large jetliner is flying through the blue sky
an air craft flying through the clouds with people in it
an airplane is in the air over some vehicles
a lone plane flies past a park bench in a city park
an airplane and crowd under a gray sky
an airplane that is flying with a string attached to the bottom
an airplane flies by the deck of a ship
an old jumbo jet flying in the sky
a large white balloon on a field near some other tall structures
"people looking up at large, hot air balloons"
the two large floats flying close to each other
a car that has writing on the side of it with a sign reading the piantaum above it
the big air balloon in the sky is on the runway
view from window of airplane flying over city
the large commercial air plane is flying in the air
a group of people stand outside of an airplane
an airplane with a bat shaped parachute flying
the giant air plane has several stairs underneath it
a close up of an airplane on a tarmac
the large structure has a small plane flying by
the brown and white photo has been altered
an airplane flies high in the sky on it's side
an old photo of a dirx plane in flight
a large bird flying next to a wind turbine
large aircraft parked next to an airport hangar
a large boat is sailing by the eiffel tower
a white and red large jet airplane near a building
an airplane flying over a sandy beach next to a forest
planes flying in the clear blue sky above the hills
an aerial view of a tall white object
an air plane is displaying the many designs
a couple of large white models floating on top of a green field
an airplane sitting on a runway and it is big
a runway with many airplanes sitting on the ground
an orange airplane flying in the sky in the evening
the underside of an airplane against a clear blue sky
people walking toward the plane that is parked on the runway
a white airplane flying over the ocean while people stand on the shore
a large yellow and blue blimt flying above the air
a vintage photo of people watching an illuminated air balloon
large blue air craft at a airfield with trees on the other side
a plane flying in the air against a blue sky
the large balloon floats on top of the big one
two people are posing near a goodyear air plane
an airplane with smaller jets attached to it
a giant jet that is parked on a runway
a silver metal item on the ground in a field
vintage photograph of an old balloon flying over a large building
a city with skyscrapers and a plane flying in the sky
an airplane in the sky with trees in the background
a giant model of a gray and black blimfe
"an aerial, colorfully painted, flying, inflatable object"
an airplane flies in the sky close up
a small inflatable airplane flying over an airport
a large white jet sitting on top of an airport runway
an airplane hovers in the sky above tracks
the food and drink advertising balloon hangs from the ceiling
an airplane over a city street is seen in a clear blue sky
an airplane flying through a blue sky in the daytime
there is an alien flying over the building
a man standing by a large jet plane on the beach
close up of a large white airplane flying in the sky
the back of a airplane with a jet in flight
there is a large airplane flying in the sky
large yellow and blue plane flying through the sky
tall buildings and traffic sitting in front of trees
a photo of the side of an airplane with two planes in the distance
"a close up look at the front part of an airplane that reads, don't diffut? nde"
an air plane is flying in the air
a black and white photo of two people flying an air plane
an airplane high up in the sky on a clear blue day
an airplane is flying in the blue sky
a large air field advertisement on a sky background
the back end of an airplane on the runway
an inflated object that looks like the same plane as it may be being released over a city
large passenger airplane sitting above the traffic in traffic
an inflatable shaped object soaring through the air
a large commercial airplane flying in the blue sky
this is a big balloon sitting in front of a building
a jet flying in the sky above a city
the side of an airplane is at rest in front of the tall building
a large jet airplane in flight through a cloudless sky
a picture of an air balloon flying over paris
a big red and white object in the dirt
two black trucks parked next to a large airplane
a large steam powered rocket flying through the air
a man is next to a small plane
a jetliner flying in a cloudy blue sky
a large white airball sitting on top of a lush green field
a group of people and a plane posing for a picture
a balloon that reads good team on it's back
a blue and white metiliiffe in the sky on a clear day
a couple of people on water raftoons with a sky background
a ball field with many balloons being viewed
"an inflatable floating or balloon with parachute, high up in the sky"
a passenger plane flying through the blue sky
a large air balloon flying through the sky
an upward view of power lines and a telephone line
a photo taken of a giant green egg sitting on a counter
a large balloon sitting in the middle of a field
some people standing around in a circle in a large area
an image of a big white object at the airport
this modern aircraft has a jet over it
the kite is flying high in the blue sky
a man standing next to a balloon in the air
a very large jet sitting on a runway next to an airport
the black balloon is very large in the sky
a u s navy air craft flying over a desert
an image of a very big pretty plane that is flying in the sky
the sky is full of clouds as seen from below
a black and yellow odd shaped balloon advertising goody year
an air plane with the american flag design painted on its tail
a fiji film jet is flying above the ground
a large red and white advertising balloon in the sky
"large aircraft hanging from the ceiling, under a hanger"
two planes in the sky over mountains
an orange object suspended in the air near some trees
an aeroplane flies through the air with an advertisement on the side
a shiny glass is shown with some yellow flowers
a white plane is flying low and in the air
"a big, colorful plane sitting on top of an airport runway"
there is an advertisement flying over the street
an animated white jet flying over a city
a large coca cola balloon floating in the blue sky
an antique air - b - 51 is shown with people
an aerial view of a city with a large inflatable structure flying in the air
men using antennas to observe a large balloon on a cloudy day
very big and strange flying object with a huge logo
a balloon flying through the air above a beach
view of large round metal object hanging from the ceiling
an air plane is flying in the cloudy sky
a black and white picture with an airplane above it
there are people walking underneath an inflatable round object
a page from a book depicting two different kinds of balloon
a space shuttle with several objects flying in it
the sun shines brightly through a large bridge
an inflatable balloon shaped like a plane is flying through the air
a large jetliner sitting on top of a lush green field
two balloons are flying under the arches outside
large yellow colored balloon flying upside down on its side
an airplane is flying in the air with clouds behind it
a large air balloon is flying in the sky
"a large, green and red jumbo jet airplane parked on the tarmac"
a hot air balloon with people standing outside it
a big green and white inflated air plane over the snow
a red airplane with word love flying past a white smoke trail in the sky
an image of the tail of an airplane in the air
a large airplane is over a plowed field
the airplane in the sky is going sideways
a large helium balloon with the words good year in gold lettering on it
the two kites are flying high in the air
an old fashioned black and white photo of two people in a field and a balloon flying
an airplane with a large message behind it
an image of a large commercial airplane flying by
"three white trucks, a satellite dish and a building in the background"
a airplane is flying over a boat out on the ocean
an airplane sits in a hangar underneath some lights
the two air balloons look to have been flying very fast
the balloon has been lifted from its back
the large boat is floating on water near the shore
a huge balloon is being flown over buildings
an air plane that is painted like an american flag
a blue float plane flying over mountains with a orange frame
an air plane is flying in the air
a large commercial airplane flying over some ice
an inflatable blue sign in the middle of a stadium
a huge white airplane on an airport tarmac
an air balloon in the sky with various colors
this is the bottom part of a vintage whit flying boat
an old photo of a giant hot air balloon
a photo looking through the window at a group of flying objects
an airplane is flying in the sky
a large red kite on a plain near a sky
an inflatable airplane flies through the air
the large plane is in the grass by the other planes
an airplane is floating over the sea in a surrealistic space
an airplane is flying high above the land
an early photo of the air liner's person's airplane
a large plane flying through the air over a city
a big balloon with a red letter on the front and one line
the big p - wing is above the water during the day
a blue and yellow striped passenger jet flying in the sky
a black and white image of a big flying object
an image of a giant inflatable object that is about ready for launch
an airplane is sitting in a field by the water
large airplane in the foreground while other people watch it from behind
a closeup picture of a blue and white small airplane plane
the large boat is parked for its next travel
a group of people watching a float with a good year on it
two giant dirs with a black and white background
a large object is in the air next to some trees
an extra large red airplane sits at the terminal
an air plane in the sky with a long tail
"the tail end of an oversized, white bliml aircraft"
the air boat that is flying in the sky
the side of the nose of the plane is covered with red and gold paint
"an outdoor event with large, oval, inflatable air sign"
an air craft flies near the mountains on a clear day
a very large long black umbrella with handles attached to it
an air craft sitting on top of a runway
a large white and blue sign with white writing
a balloon is attached to the side of a building
a large airplane flying above a harbor full of ships
"the large, curved boat is in the water"
an artist's rendition of a fighter jet from video game bombers
an airplane flying in the sky in a blue cloudy sky
a colorful flying ballon floating through the air near tree tops
there is a big airline jet flying up in the air
the large yellow airplane is high up in the air
the large air craft in a garage
an old photo of people in front of a large model aircraft
"round inflatable item hanging from a rope with red poles and white, gray and blue striped lines"
an image of a very big flying aircraft
a large airplane that is flying over the ground
an unusually designed balloon sitting on top of a field of snow
a big balloon is in the shape of a airplane
an inflatable looking balloon is in the middle of a field
"a american flag balloon with stars in red, white and blue colors"
a large flying device floating in the air near an aircraft
"a group of men watching a large, hot air balloon"
a large red and blue inflatable balloon that says amergienest on it
a large white plane on display outside of an airport
a large jumbo jet is flying over people in wet water
an old photo showing a hot air balloon floating over water
old photograph of an old balloon being unloaded
a giant air filled ballon is flying in the sky
an airplane flying over a city in black and white
the crew and aircraft are watching the people in a field
an inflatable aircraft says good / try year while flying through the blue sky
the large red object is on the ground
this is an image of a red flying plane
the big white airplane in the sky appears to be flying
giant blue air cushion sitting on a runway
a pirate ship and some lanterns floating in the water
big white aircraft sitting on a runway next to a cloudy sky
an old image of a large air ball
a large white plane flying over small islands
a black airplane with the words men written on it
a crowd of people in a stadium as one person performing in front of a screen
a close up of a very large white colored balloon
a large commercial aircraft on a open plain
a large white and orange balloon flying in the blue sky
a black and white photo with a large balloon flying over people
some birds are flying near a large aircraft
an odd shaped commercial jet airplane flies by
an airplane flies through the blue cloudy sky
an air plane in the sky during the day
a white balloon with a red logo is in the air
a drawing of the top of a building
the planes are flying in formation beside the city
a black and white photo of an extra large air field hot air balloon
an advertising balloon is in flight above the clouds
an air plane on the ground with people milling around it
a large balloon with some kind of design on it
a large balloon being flown over a green field
this historical photo is featured flying a large balloon
the airplane is flying high in the air
a man that is flying a kite in the sky
a large object and a smaller object are being tossed
an old photo is shown showing an aeroplane flying in the sky
the hind - air bomb is flown over a city and river
"a large, white, balloon airplane is in the air in the grass"
a large white airplane has gold writing on the side
men walking near people in blue and white uniforms near a big round shaped object
a huge kite of an enormous blow up on the land
blue ball shaped fish with the body and head design painted in blue
a red parachute sitting on top of a football field
the giant balloon is the shape of the airplane
the large balloon is on a string as it floats into the air
a large jet airliner at an airshow
an outside view of the water tower of the space mountain attraction
the plane is ascending in to the blue sky with clouds
a giant white object above the desert with mountains in the background
group of men and women in uniforms standing at the airport
a model airplane has been placed on the plane stand
old photo of a steam engine being inflated
the front end of a very large jumbo jet plane
a large airplane with the word hawaii on it parked in an airport
the photo was taken of a space shuttle in the sky with an arrow shaped missile on top
an image of a large black and white air boat
an image of a very unusual looking plane
an airliner flying in the sky under a cloudy sky
a man standing in front of a big air plane
a large picture of a large structure and some people
there is a huge balloon that has people walking around it
an over - sized boat flying past a large balloon
a large airplane is flying high above people on the ground
a building with an upside down view of it
an inflatable airball flying up into the sky
there is a large white airplane near many other planes
the space shuttle is flying through the moon
two unusual looking objects are in the air
a large blimel flying over a field in the sky
there are some futuristic white objects in the water
an inflatable balloon that is flying in the sky
an airplane flying high above a pink sky
an oversized boat sitting on the beach in the day
a large battleship sitting on top of an airport field
a large object is being displayed in an outdoor environment
a group of white sheep standing in a field with an aircraft
a large plane sitting in the air on a cloudy day
there is no image to describe at this time
people on a field below an enormous hot air balloon
a large balloon has a flag on it
there is no image in this caption for this one
a yellow black and blue military jet engine
a huge air craft flying over a city
an air plane in the sky with the earth below
a large boat in the water near an aircraft
a very large shiny red houden air plane
an artist's rendering of a jet taking off
the large airplane has a lot of stripes on it
there are people riding on a parachute in a sky
an airplane is in the sky flying between clouds
a group of metal tubes stacked with rolls
an aerial shot shows the wing of a plane on a tarmac
blue and white colored plane in the air
this is a big balloon type structure advertising the palace
many people standing around looking at an old fashioned hot air balloon
several people standing in front of a large air balloon
an advertisement for the palm beach air show being played on a blim that is in the shape of a plane and floats through a
view of the inside of a shoes store from underneath the awning
an old view of some tall buildings with an airplane above
a large blue object in the air above a large building
a large green airplane flying over an airport
a large balloon is flying over some power lines
two large balloons are behind an oversized building
blue airplane flying overhead in the sky good system
the large flying bliml is in the air in the clouds
a couple of air balloons flying in the air
an old black and white photo of several people watching an air filled balloon
a large submarine boat is burning on another ship
the large balloon is under construction in a big building
a large air plane flying over the top of a building
the tail of a plane on the ground
a large inflatable balloon is being flown by two air skiers
an old photograph of an airplane in the air
a kite flying in a bright sky with clouds
a large balloon shaped as an american airlines commercial airplane
an airplane type object displayed at a convention with others
giant hot air balloon has been shaped into an airplane with its main engine
people are standing next to an airplane with lettering on it
some very big cute balloons are floating in the sky
view of the face of a flying airplane
a giant flying air balloon over a parking lot
a large object flying across a cloudy blue sky
a yellow balloon in the middle of blue sky
"3d render of a striped, oval, and shaped object"
airplane flying directly below the earth looking like a submarine
this is a close up of a blimfer floating over the ocean
the giant airplane has a bell on its nose
an old photo of a boat laying on the ground
two large balloons fly over trees and water
large air traffic balloon flying through a blue sky
"an old photograph of a very large, white, twin - decker airplane"
a large group of people watch the sky in the background with a large airplane
a large balloon flying over an open field
there is a large red and white beverage balloon in the air
three pictures of large air crafts in the air
a large sign hanging off the side of a tall building
the large and tall airplane has been turned into a hotel
the underside of a parachute floating in a sky
black and white photograph of an object in the sky
a black and white photo of a food year flying in the sky
a tall clock on a metal pole above a valley
an air plane is advertising sanyo on the runway
the back end of an airplane in flight
a white and gray airliner flying over head under cloudy skies
a large white kite flying through a blue cloudy sky
a large air balloon flying high above trees
large aircraft on a snowy field with people
a large airplane is in the sky above a bridge
yellow commercial passenger plane with a sky background
a black and yellow advertisement for a 11 in tire airlie
a tall cell phone mast on top of a sandy beach
a large white and yellow object flying through the air
a large air craft flying in the sky above some trees
a photo flying over the golden gate bridge
red and white balloon is flying through the sky
a big balloon flying through the air with clouds
an inflatable object is flying in the air
an inflatable balloon is shaped over a city by the water
the large airplane is flying in the sky
giant red balloon with the letters sattene on it
an air plane is flying high over the emirates hotel
a field filled with grass with some red balloons in the sky
several men in orange jackets are standing on a field
a big balloon shaped like a fish that is in the air
jet airliners flying across a blue sky at an airport
an object is being lifted from the air by a balloon
a red and black blimt floating in the sky
kites in the air above some trees
two people are walking through a large field in front of a building
the airplane is flying through the sky and it appears to be a spaceship
this is an image of a big jumbo balloon
a red holodeen sign with words on it near the water at night
the hot air ball is on top of the plastic holder
a very large jet plane with some blue stars on it
a big white object flying low over a field
people flying a colorful hot air balloon
an airplane flies over in the sky with clear skies
two jets sitting on top of an airport runway
"an enormous, black and white photo of an air transport"
an inflatable balloon that looks like a hotel is flown
the huge airplane is parked on a field
the huge plane is flying low in the air
several people walk near the balloon that is upside down
large building with tower next to tower with large dome
two birds fly over a field and tree lined landscape
a large white airplane in a hanger at night
the large air filled plane is parked on the ground
an air filled inflatable balloon being transported to a truck
a large plane flying through the sky on a white background
there are some sort of structures on the water
the very tall building is near other very large buildings
an airliner flies overhead against a grey sky
an air plane shaped propane to be held by two men
an airplane with logos parked on top of it
people stand together in front of an inflatable floating object
an airplane that is flying over a lake
an inflatable jet plane is flying through the air
the big air glider is flying over the ocean
a smiley face on top of a white water tower with clouds surrounding
an inflatable floating air vehicle is shown from the neck down
an old photo of a giant hot air balloon with two people on the bottom
a big red holidden airplane on an air field
the large boat is being lifted by the giant sail
a blue airplane with open wings on the ground
there is no image on this page to describe
cargo ship riding in the blue ocean going across water
a large large barge with lots of containers
a big ship passing under a bridge in a body of water
a large ship sits docked in a body of water
a black and white ship in the ocean near some containers
the large container ship is loaded with containers
the container ship is sitting in the dock
a large blue ship in the water
an image of many container ships by some buildings
a large container boat passing a small tugboat
tanker barge with ocean fuel and containers on the back
there is a large ship in the ocean
two boats with people are seen in the ocean
a cargo ship sits parked near the shore
large blue ship sitting in the water
giant cargo ship docked in dry dock with crane
several tug boats sit on the shore with one pulling the boat
a large boat is on the water near the dock
a large ship that is on top of the water
a large shipping ship sits on its side on the water
the cargo ship is riding in the open water
a model ship on the water with it's lights off
a very large shipping ship near a big city
a large boat sailing across the water
several boats are parked in the ocean in front of a container ship
an ocean filled with boats and a very tall ship
a large barge moving along a body of water
an aerial view of the horizon lines cruise boat in action
a large cargo ship full of lots of containers
a ship in the water next to some big containers
a big bridge with some water in it
a large cargo ship in the water near a city skyline
a huge boat with boxes sitting on top of it
large boat full of containers riding across the water
large freight ship is loaded with containers and cargo
large ships floating on a body of water
there is a large cargo ship docked in the water
large cargo ship docked in the ocean next to several smaller boats
a long red ship behind a fence with a gate
a large ship has orange rows as it sails on the ocean
the large boat is out on the water
a large shipping ship floats in the water in front of the backdrop of a city
there is a building that is built in red and orange
a big ship full of containers and cargo containers
large barge sitting in the water and cargo cranes are in the background
large vehicles parked in containers behind an industrial area
a large ship sailing on top of a body of water
the ocean liner docked with cargo in its containers
a very big long train in some big water
the large ship is docked at the dock
a ship on the water with lots of containers nearby
a huge ship sits in the water near smaller ships
some people are standing on the beach with some shipping containers
a red and black boat on water on a sunny day
a large ship that is in the water
the large container ship is in front of a very large building
a large crane lifting stacks of cargo on to the side of a body of water
two cargo ships docked at an ocean port
large container ship loaded with containers along the side of the ocean
an airplane is flying by a big cargo ship
the huge ship is parked along side of the dock
a large ship with two men on it
the large boat is sailing near a very huge ship
a large crane is pulling a large boat
a large cargo ship being unloaded by a dock
large cargo ship parked near a terminal waiting to load passengers
a large cargo ship filled with red containers on it
a bunch of large cargo containers stacked together
an orange cargo ship traveling in front of tall buildings
a large boat docked at a port in the ocean
a large container ship sits docked under a bridge
a boat floating on the water at night
a large cargo ship passes over some water
a big cargo ship is in the ocean
some cranes are on some docks and boats
a large blue ship with lots of containers on top
a large cargo ship next to other boats in the water
a ship with a big cargo vessel in the ocean
a large container ship sails past a bridge
the large cargo ship is carrying lots of containers
a large ship traveling down the width of water
a big blue boat floating in a large body of water
a yellow boat traveling toward a large cargo ship
a large cargo ship sitting in the harbor
red and green cargo containers stacked up on top of each other
a large ship sailing on the water with a mountain in the backgrouund
two large ships under a bridge on the water
large ship in the water being maneuverd
cargo ship with cargo stacks aboard the ocean
a ship with cargo containers on it in the ocean
a large cargo ship is in the ocean
a large cargo ship passing by a bunch of containers
the large boat has red boxes on top
the barge is carrying various cargo containers and supplies
a large container ship being loaded on the water
a large ship floating on top of a lake
a large boat sailing under some power lines
a large blue cargo ship near another body of water
cargo ships under the bridge pass over water
a large boat on top of water passing near a shipping ship
a boat traveling across the water by the city
a large dock with a large boat near it
two men are sitting on a deck looking at a large ship
a large truck in the middle of a big body of water
the large container ship is moving along the bay of the ocean
an image of a big ship with some containers on it
a ferry boat floating along a river next to two docks
a large blue container ship on the water with a bridge in the background
big rig and big blue ship on the water
a large cargo ship traveling across the ocean
large cargo ship docked in harbor with crane
an artistic photo taken on a boat during the day
a large ship that has containers all over it
a man in black water board under a big blue cargo ship
ships in a port at dusk with a steam pipe sticking out of one of the chimneys
very large container ship with a larger boat and flag
a big boat with containers is in the water
the ocean freight ship has its sails on
large white and red ship in open body of water near mountains
there is a large cargo ship and a boat
an ocean freight dock with a large ship passing by
a large ship that is sitting in some water
the large cargo ship is taking in the sea
a large container ship with many stacks of containers on it
a ship sitting in the water with a crane next to it
a large cargo ship sitting next to a dock
a large cargo ship in the water at high tide
the giant ship is parked on the water
a large container ship and a boat are seen in the water
a large ship passes under a suspension bridge
a barge with many containers sailing along the water
cargo sits in a large container ship dock
there is a man laying on a dock next to large containers
a boat is parked near the shore in the ocean
there is a black and white photo of a cargo ship
a large container shipping ship seen out the window of an apartment
there is a boat sailing on the water
a large cargo ship floating on the water
people are walking toward a large container ship
a cargo ship with many boxes on the top
large cargo ship sailing in open ocean with lots of containers
the cargo ship is sailing in the open water
a huge shipping ship docked in the city
there is a large container ship with some sort of smoke coming out of it
a barge moves slowly across a large body of water
a large boat that is sitting in the water
a large cargo ship loaded with orange boxes
a view of multiple cargo containers stacked one by the other in front of a container ship
a large ship sailing across a sea under a bridge
large cargo freight ship in the middle of the water
an aerial shot of the large cargo ship in the ocean
an airplane is above the ocean beside a large boat
an overhead view of a large container ship parked at the dock
a giant cargo ship docked with the appl logo on it
a man watches ship pass by in calm water
a large ship that is hauling crates in the ocean
a large cargo ship docked at the end of a waterway
a big blue ship near some grass and sand
"container ship sailing through open water, with sky in background"
model of a shipping ship loaded with containers
a big ship full of containers traveling in the ocean
a blue container sitting on top of a loading dock
there is an ocean liner boat out on the water
a large cargo ship in an industrial port
a large cargo ship with blue containers
a large orange boat in the water in front of a large white ship
there are two big ships in the water
a large boat with many containers attached and a crane mast
an image of large white ship docked in the ocean
a cargo ship is in the distance behind some rocks
a bunch of boats that are docked at the beach
the large cargo boat carries several containers up close
a large cargo ship in the open water under an over sized bridge
a large cargo ship sailing down the ocean
a cargo ship in the water has lots of cargo
a small boat near a large container
there is no picture for this one to describe
a boat on the water with cargo in the background
a large cargo boat with containers stacked on it
cargo train on a long blue rail and water
a large cargo ship anchored next to a small boat at the harbor
a large ship sailing next to mountains and mountains
an airplane is seen in this picture flying in the sky
people sit at the edge of the ocean watching a large ship sail through the water
a large container ship is docked at a dock
a huge container ship with a large crane in the back
a big cargo boat floating in the middle of a bay
a large cargo ship in the sea next to cranes
several stacked up containers atop of a large ship
a large cargo ship under a very long bridge
an industrial ship docked at a dock
a large cargo ship docked next to another ship
a huge container ship on a gray day in the dock area
a cargo ship with a lot containers stacked on it
an ocean train traveling near a dock with buildings in the background
a very large cargo ship out in the ocean
a big boat sailing with lots of large containers in it
a large ship is in the water during a sunset
a very large colorful cargo ship in the sea
an ocean front filled with lots of shipping containers
a large cargo ship sitting at sea port
the large ship is headed down the river
a tug boat pulls up a cargo ship
a group of boats sit outside a dock
colorful container containers are stacked together beside each other
a large boat carrying shipping containers travels past a barge in the water
an enormous ship is loaded at the port
a boat in the water next to some large containers
a ship in the distance on water near palm trees
large trains are stacked with cargo and containers
a large container ship is sailing through the water
a large boat filled with cargo sails in the ocean
a boat is on the water beside hills in the back ground
ships out on the ocean with some hills in the background
a large ship is loaded with containers at the dock
several containers stacked on top of a small wooden pier
there are many cargo ships parked next to each other
a large red shipping container sitting in a body of water
the large cargo ship is carrying many containers
the large container ship has been designed to transport cargo across the ocean
a large container ship traveling across the water
an empty container ship in the harbor in front of a large city
a cargo ship floating on top of a large body of water
a large container ship traveling through the ocean
a large green boat traveling down a body of water
a big green ship in the water with lots of containers over its back
cargo ship with large containers passing the shore
large shipping ship at harbor near dock with large container buildings and cars
the large cargo ship is leaving the dock
a ship has many containers on the side
there is a large cargo boat that is in the water
the large cargo ship has many containers piled on it
a large boat carrying some cargo and cargo containers down the river
ships in the harbor with several cranes attached
"the view from the far bank of the water, there is a large container boat coming towards a city"
a large container ship sitting next to a cargo dock
a large blue and red container ship on the ocean
a large ship with many different sails at a pier
large container ship with large containers on the front and side
two large docked shipping boats with stacked shipping containers
there is a woman that is taking pictures of another woman
cargo shipping in the port on the river
a large container ship is seen cruising in the water
a large container ship with many cargo containers on the front
an industrial container ship carrying goods on its way to the city
the large cargo ship has containers on its side
a large boat in the middle of the ocean with many containers stacked on top
a huge container ship containing more cargo sits in the water
a container ship loaded with containers and cargo
a cargo ship sailing through a black sea with lots of smoke behind it
a large container ship is heading under a bridge
a large ship travels past the big city
a shipping ship moves past swans on the water
some boys walking down the grass towards the water
a large cargo ship in the middle of a body of water
a large blue boat sitting on top of a water field
large ship out in the ocean near harbor
a large cargo boat floating past a barge in a canal
a huge cargo ship anchored at the dock
the container boat is on its side as it travels in the sea
a large cargo ship in a very big water way
blue and white boat with two wings near beach
a large ship sits in the bay between its two larger sails
a large long ship docked at a large port
a large cargo ship with many containers behind it
a huge cargo ship with some containers in the background
a big cargo ship sailing on the ocean
there are two people standing near the large ship
a body of water with a large ship in the foreground
a big cargo ship that is in the water
"an assembly dock has a ship of cargo and containers, many cranes, and boats"
a large ferry boat passing the dock to the shore
there is an animated picture of a ship in the ocean
a large cargo ship that is traveling in the water
some very big docked ships at the end of the sea
there is a very large colorful large ship coming in
two cargo ships parked on the side of a dock
a large ship riding through the water on top of another boat
large blue and white ship in a big body of water
two large ships are docked by a large crane
the giant boat is docked by a dock
container ship in harbor under elevated overhead crane
the big boat has two cranes above it
a big ship is moving across the water
two tug boat are racing away from a large cargo ship
a cargo ship under some huge bridges holding containers
"a cargo ship in the water, in front of a lot of containers"
a boat is carrying large cargo for the port
a city skyline as seen from the sea
a large container ship is sailing through the water
a large long cargo ship docked at an ocean port
a large boat floating along a large body of water
a large ship that has several engines on top of it
a cargo train pulling lots of containers on a barge
a dock scene with some containers stacked on to a ship
many cargo containers and cranes in an open area
the shipping containers are waiting in the night
a large barge sails close to the horizon with the tall buildings behind it
there is a big ship in the water at the dock
the huge container ship has two large blue containers
this is an artist's rendering of a shipping ship
a very tall and large blue boat on a dry dock
cargo being loaded onto a large ship at a dock
the large red ship is sitting still in the water
a large blue cargo ship sitting next to a docked boat
the big ship has many containers on it
a view of a large tanker ship from another boat
woman gazing out the window of a large cruise ship
a boat at a dock in front of cargo containers
a large blue boat is sailing close to a city
a woman holding up a sign while standing on top of a field
several large ships near the shore and docked
a large boat that is under metal containers
a large ship is docked at a harbor
a ship under a bridge that looks like a large ship in the distance
a large crane in front of shipping containers in a harbor
big container ship with smaller cargo stacked on top of it
the view of a huge long river near a river
a large ship is loaded with containers on its deck
there is a large boat sailing through water
a massive ship parked in a harbor with a crane
large container ship in the middle of the water next to tall buildings
ship with two cargo containers behind it next to tugboat
a tug boat sails near the cargo ship
a large ship sails in the water
an ocean vessel in the middle of a body of water
two large containers are stacked in a dock
many people are standing in the stands near a large ship
cargo ship in front of an ominous looking sky
a long - range ship loaded with lots of color boxes
"a large, large cargo ship traveling in the ocean"
the large boats are in a harbor next to each other
"a cargo ship full of shipping containers, with skyscrapers in the background"
"there is an over the shoulder view of a large boat and several smaller boats, including one in water"
a small pontoon is passing a large container ship
a large ship floating out into a large body of water
a large black and white object sitting on top of a body of water
an image of a bridge being lit up in a city at night
a large cargo ship out in a harbor
some big lights over a city by the water
container ship passing through port from another island
a large ship sits in the middle of the water under a bridge
an ocean container ship under construction in the ocean
large container ship docked on the ocean
a large ship is moving through the water
large cargo ship sailing down the river
large group of people walking in front of a large blue ship
a massive container ship with containers on the deck
a large cargo ship sailing next to a dock
a large ship is in a calm river
a large boat is parked at a dock
container ships are carrying cargo through a port
a train of containers crossing a bridge over a body of water
an cargo boat driving along the shore in front of a city
the large ship is floating underneath an overpass
the container ship is carrying containers and cargo
the red and white ship is next to some other boats
a large barge with some cranes behind it
a large shipping ship with cargo containers on it's sides
there is a large ship in the water near a lake
large white ship with lots of shipping containers on it
many boats floating in blue water on cloudy day
two boats are passing an enormous cargo ship
an aerial view of a cargo dock with lots of cargo
a cargo ship is docked in the ocean
a boat is sailing in the water and has metal cranes on it
large boats in a body of water near tall buildings
tug boat in the water by a container on it
there is a large cargo ship in the middle of the water
a large cargo ship docked at the port
a large dock full of container ships in the water
a big boat is traveling on the water
a big blue and white cruise boat at the dock
a large ship moving along the ocean surrounded by mountains
a large boat in a harbor with cityscape
two women on the beach watching a ship and the water
a green ship in an open ocean next to another boat
"a large, blue and red boat out in the water"
ship in the middle of the ocean with people on small boat
a big boat that is on the water
an enormous container ship docked with a lot of large containers
a large ship is passing through the water
a large cargo ship in front of a dock with multiple other ships
two tug boats on a body of water with big ship in the background
a large cargo boat next to a larger one
there are many boats and some ships in the harbor
a long cargo ship with many containers on top
the stack of different colored boxes is arranged on top of each other
large shipping ship in the middle of the ocean in front of city
a large ship with red squares stacked on top of it
an orange cargo ship at sea with two smaller ships in the background
a large cargo ship with it's dock in front
there is a large container ship on the water
tall white tower by the river near large boat
a large boat traveling down a river under trees
three people are walking on a beach near a large cargo ship
a huge shipping ship with several stacks of blue containers on it is shown
large industrial cargo ship docked at port
there is a large green boat near some ships
a large barge is sailing across the ocean
"large crowd outside of large ship, waiting to enter ceremony"
a large boat that is on the water
a city in the night with neon skyscrapers and lights
a large ship is moving through the ocean
a large tanker ship surrounded by docked cargo containers
an ocean port filled with large ships sitting next to each other
the large ship is next to a tugboat
a large ship is full of containers in the water
a large ship sailing down the ocean past a pier
a large boat is moving across the river past tall buildings
a large shipping ship in the water by shore
the view is of cargo ship in harbor
a large ship on the water with containers
an enormous cargo ship is in the water
the ships at the shore on the water are sailing
a large cargo ship is sitting idle in the water
a large boat floating down a body of water
an airplane sitting on the tarmac next to some water with shipping ships
a large red lighthouse sitting next to the ocean
a cargo ship that is on the side of a body of water
container cargo on the dock and under construction
a large ship loaded with cargo and containers sitting on top of the water
an orange boat is docked in the bay
a big cargo ship sailing past another large boat
a large blue cargo boat travels down the ocean
"green boat, green and white cargo ship and bridge in a harbor"
the cargo truck is pulling his containers away from shore
a big boat floating on top of the ocean
a large boat that is docked in the water
a man sitting on a motorcycle in front of some water
a boat and two large cranes near the ocean
the ship is full of cargo and has some containers stacked under it
the blue boat is carrying cargo into the harbor
a tall ship in the middle of a body of water
a huge blue and grey ship in a body of water
two large tug boats with some smaller ones in the water under it
an image of a cargo container boat in the water
a big ship sailing by an empty boat in a harbor
two large containers are seen side by side in the ocean
a large ship on a body of water with container stacked up against it
a cruise ship moves across the ocean towards shore
a large shipping ship sailing across the ocean next to shore
a large ship traveling through the ocean under cloudy skies
a large ship that is sitting in the ocean
a large ship parked on the water near some rocks
an image of a huge cargo ship parked in the field
a cargo ship with a very long line of trailers
a large ship near the shore of a body of water
several ships are parked in a harbor near some buildings
this is a very large ship loading cargo
a cargo ship loaded with shipping containers passes a mountain
a ship sitting next to a docked cruise ship
some cargo shipping vehicles and a crane
large cargo ship in a harbor under a crane
a large train traveling along the ocean
large container boat carrying cargo on ocean
some very big boats and a large ship in the water
this is a large ship with several cargo
an oil tanker ship in the middle of the ocean
a large boat going past a huge tanker boat
a large passenger vessel in the harbor waiting to sail
two large boats are floating near the port
a large ship with containers in the water
a large ship out in the water with a smaller boat
ships in a body of water next to a large ship
a large container ship with cargo on top
many shipping containers stacked together for sale
a large boat sails through the open ocean
an aerial shot of a large shipping ship that's coming through the water
a container ship in rough waters next to another cargo ship
an overweight ship sails towards the coast
some cargo ships are anchored in a large body of water
a huge tanker container travels across an ocean
a tugboat sits near the large containers in the water
the boats are parked next to the ramp
the big boat is carrying the large cargo container
large container ship in the open water
the boat is carrying packages on its back
boats are in the water outside an extra large boat
some large cargo ships with massive containers on them
a crane in the water is lifting cargo to another location
a large cargo ship moored at a port in a harbor
a bunch of docked boats sitting in water
the ship is carrying many containers with it's sails
a toy boat is displayed on the side of a table
a large barge has green and red stacked containers on it
an aerial view of a boat passing under the bridge
a boat is anchored on a dock in front of a container ship
the boat has a large long container on it
a large container ship with containers docked near the shore
a large cargo ship sailing next to the city
a big cargo ship sailing in the ocean
the large long boat has many stacks of stacked containers
the container ship is ready to enter the port
a large boat sailing across the open water
a cargo ship sailing in the ocean on a sunny day
a large boat is traveling in the ocean
the container ship has two masts on its side
the view of a large ship floating in the water
multiple rows of different colored shipping containers at a dock
there is no image on a page to provide a caption for
a man riding a bicycle next to a river
the city in the background is san francisco
large cargo ship in port on cloudy day
the containers are stacked on top of the flatbed
the cargo ship is coming through the water
a blue cargo ship in a body of water
some kind of dock by the water with boats
some containers in front of a bridge
large cargo ship entering the harbor at sea
a large cargo ship on its way down the water
a bridge is full of containers and a train
a large passenger ship is loaded with containers
a very big pretty ship on the open water
the view of the water and bridge with a boat out of the open
a ship with cranes and a boat in the background
a white truck parked in front of a big body of water
some cars are near a very large ship
a large ship in the port of oakland island
the large boat is parked by the crane
a man watching a ship in the harbor
a group of cargo ships that are next to each other
the container boat is waiting for its passengers
a big ship sits behind green buoys on the water
the container ship is carrying many goods across the body of water
a big cargo boat is full of boxes
an illuminated large cargo port at sunset
a large ship sailing along a lake on a cloudy day
this is a boat loaded up with cargo and ships
a cargo ship with blue skies and an orange cargo vessel
a large body of water next to a city
a large blue boat is sailing in the ocean
a large blue boat traveling down the ocean on a sunny day
the big ship has two large ships on each side
a large boat sailing across water with a lot of containers
there is a large boat on the water that has a container on it
the large black and brown ship is in the water
a tall brown and green building sitting on top of water
people looking at a ship on a body of water
this is an intricate model of a boat
the large cargo ship is sailing near mountains
a large cargo ship sits in a harbor
a large ship that is floating in the ocean
two large cargo carriers sailing next to a shipping dock
a stack of cargo trucks sitting on top of a tall building
an artistic picture of a tug boat and an old container ship in the water
two people walking on side of road near the water
a large blue and orange ship is sitting next to a smaller boat
the man is standing by the yellow railing
a large black boat with lots of freight containers on it
a large cargo boat is docked at the dock
a large cargo ship floating past a bridge
a ship going past the very tall city
a ship sitting on the water in front of a dock
a large ship with many containers sitting on it's sides
a big boat in the water with cargo
blue ship is parked in front of the bridge
an image of cargo ship coming into the shore
the back door to a hotel is in silhouette of a bridge and an ocean
the man is sitting in the water watching the huge ship
a large red and white ship sitting next to the shore
blue and red container stacked up and docked at the sea
a very large boat sitting in the middle of a body of water
this boat has pulled up to a large container
a large ship that is floating in some water
a large boat in the water during a sunny day
a large container ship on a body of water
a large container ship sits docked next to it's dock
large cargo container ship with a massive portion of blue and orange shipping containers
a river with boats and ships with lots of grain cranes in the back
a large cargo ship parked next to a dock
some boats are going down the water and one boat is going to the shore
a large cargo ship with many containers on the side
a large boat moving past the city
large container ship floating in the middle of the ocean
a man in a small boat on the ocean
an aerial view of the ocean near a bridge with a traffic
green and white ferry building on water next to other docked boats
two large cargo ships sit docked beside each other
a large cargo ship in dry dock being worked on
a huge ship on the water is close to shore
there is a very large boat in the water
a crane is on top of a shipping container
a large cargo ship moving past a concrete walkway
a boat is floating in the water out on a sunny day
a large cargo boat going through the water
freight train on the water with a floating building
the front of a large ship with balconies on it
two boats sit side by side in a river
a big cargo ship with some crates on it
a large blue boat docked to a dock
there is a train going along the tracks with large cargo containers in front
a large boat that is in the water
cargo containers sit parked under the bridge over the water
large cargo ship sailing on top of calm water
a large container train traveling over a body of water
a huge ship sailing across the ocean in foggy weather
large ship with multiple containers traveling across water
a large cargo ship with a huge amount of containers stacked on the stern
a giant container container that is made out of shipping containers
a collection of different kinds of containers and buildings
a large boat sitting near an orange and white building
a cargo ship has smoke coming out of it
some large cranes are next to a large ship
an aerial view of a docked container port
a large red boat floating on top of water
a long train is traveling down the tracks near mountains
the ocean has a large container ship parked up against it
a large boat is on the ocean near many other boats
two large ships passing each other while one is not moving
the cargo ship is moving through the water
the ocean is just across the coast from the large ship
a green cargo ship sitting in the water
large cargo ship sails in front of tall ships
a very large building with some lights on it
shipping containers on the deck of a ship at sunset
a very large container ship is on the water
a large boat that has cargo on it
smokestacks are blowing from the top of a ship
"a large cargo ship and a smaller boat, viewed from the ocean"
the view is quite as fascinating as i can see in this picture
the view of a cargo ship in front of a bridge
a container ship with big cargo containers on the front
a large tanker ship in water with another boat
a giant ship docked in a very snowy port
stacked cargo shipping containers are sitting in different stacks
a cargo ship is full of containers as it sails through the water
a large container ship with very much cargo on the front
a large ship sitting in a harbor area near an airport
an ocean filled with boats and large containers
the cargo ship is on a calm body of water
a large ship next to a long pier on water
large cargo ship carrying cargo between land and sea
large cargo ship sailing in the ocean next to cranes and machinery
a large container ship is loaded with containers at sea
a port area with lots of shipping containers
large ship docked with multiple smaller ones in background
a cargo ship loaded with boxes on it's side
large blue and orange container ship loaded with freight
several large boats are anchored on the shore
large cargo ship going close to its stop in the water
large blue ship passing through harbor with cranes
a large green ship with cargo on its deck
cargo ship and containers at oceanport under a tall bridge
the toy is in a white blue and orange color
a large cargo ship transporting containers and cargo cranes
a building sitting behind a tall building next to a grass covered field
a large boat carrying several containers in the ocean
a large body of water sitting under a cloudy sky
there is a large container ship that is in the harbor
the large boat is on the water near other ship
man floating in the water near a brick wall
some tugboats on the water and one bigger in a body of water
a cargo ship sitting parked in the bay
large vessel in the sea under a cloudy sky
a big ship is parked in the water
a train carrying containers going through a gated area
a large container ship filled with lots of containers
several blue boats are sitting on the calm water
a big blue ship in the open water
a large ship in a body of water
a large ship and some cranes in the water
a big ship is sitting near some docks
a very large ship in a big body of water
a cruise ship carrying containers to a port
a large ship is docked in the port
a large barge loaded with lots of boxes floating in the ocean
two large boats sailing through a large body of water
some cruise ships in a large body of water
a large cargo ship being pulled in to the dock
a boat model displayed on a shelf on a shelf
a large container ship with a large load on it's back
a huge ship is docked on the water
the large ship has containers on its hull
a large cargo ship with big stacks on it
a big blue ship floating on top of the ocean
an ocean port with boats in the foreground
an advertisement for a ship's transportation project
an industrial cargo ship sitting next to a larger body of water
a large ship sits docked with several people
a plane flying in the sky over a city
large cargo ship sitting anchored in the ocean
cargo ship carrying cargo down water near shore
a cargo ship with blue and orange containers passing under a bridge
a group of people standing on the side of a stone wall near a large ship
an image of a large cargo ship under the bridge
a large container ship loaded with many stacked containers
a ship that is floating in the water
a large cargo ship sitting in front of a cruise ship
there is an oil tanker truck traveling on the water
an ocean liner is loaded with cargo and sits in the water under some cloudy skies
a huge ship is loaded and waiting for passengers
a large ship next to a smaller ship in the ocean
large blue and white container being loaded onto a ship
large cargo ship coming in close to a smaller one
a large ship is docked at a dock with many cranes in the background
a cargo ship loaded with boxes sailing through the ocean
a large container ship in the water
a large tanker boat is in the water
red cargo ship at a port with other container cranes
a large container ship near the dock on a beautiful day
a cargo ship has a smaller boat on it
a big blue ship in the ocean with a long pier
a huge boat near some big city buildings
cargo ship sailing in the water on its way to shore
"large, blue and white ship out on the open water"
a cargo ship loaded with large containers at sea
a large cargo ship sailing past a city dock
a boat moves through the water in front of a large cargo ship
a very big cargo ship with several boxes on the bottom
cargo container on the ocean being loaded
a sail boat sailing in front of an enormous container ship
a large boat out on the water sailing near a larger ship
the large cargo ship in the harbor is carrying cargo
the large ship has a crane at the top and is in the middle of the ocean
a catamaran cruising in front of shipping containers
a large ship is sailing across a large body of water
a group of containers stacked up under a crane
a blurry photo of an airplane near some rows of books on the ground
a large cargo ship in a body of water
a train passing by a couple of large shipping containers
there is a boat that is in the water
chinese shipping vessel is docked on the water
a large ship docked at a well harbor
train going under cloudy skies during sunset over the ocean
a large shipping vessel passing by an empty harbor
a large cargo ship at dock with lots of cranes
the container ship is going under the bridge
"the view from across the trees, shows a large container ship in the background"
the ship is loading up containers into the water
a huge cargo ship docked in the ocean
an oil tanker ship loaded with containers passes in front of a dock
two trucks sit near a loading dock in the foreground
a big boat traveling across the open water
a large ship next to a cargo dock
a very big and very large barge moving through the water
a large ship sits in a harbor in the country
cargo containers sit in the water from a tug boat
a large boat docked next to a big container ship
a boat that is floating in the water
"a large colorful boat in the water, with other boats in the background"
large industrial cargo vessel floating in the open ocean
a cargo ship with large cargo containers on board
a large ship in the middle of water
a large ship with many containers on it
a large cargo ship loaded with cargo on it's side
a huge cargo ship with containers stacked along the sides
the large ship is loaded with several containers
a large cargo ship in the water with buildings attached to it
the huge cargo ship is headed to its destination
a huge ship sailing in the ocean next to another one
a cargo ship on dry dock moving in the water
"large cargo ship in the dock, with giant cranes"
an industrial cargo ship sits in the water
the ship travels through the waterway through some rocky banks
a large boat with a larger ship on it
a big ship near some very tall buildings
a large white boat floating on top of water
a big boat floating in the open water
a large ship with lots of cargo stacked up on it
several cranes and containers are on the water next to a ship
a boat made from marine shipping containers on the water
a large boat in the water with huge cranes
a container ship loaded with lots of containers on its side
a big boat that has cargo all over it
a tall white ship sitting next to some other boats
a boat with some containers on the deck is traveling in the water
three cranes are behind large containers of a large boat
an enormous white boat with many windows on the front
this is a blue ship with cargo on it
a boat floating near some large long docks
an industrial harbor with a large freight train
a ship with cargo being loaded and a sky lift behind it
two rows of luggage containers stacked up on a street corner
a large ship sails across a body of water
there is a speedboat that is passing the dock
a large barge is sailing through the water
a large boat sitting at a dock near some hills
a large cargo ship in the ocean with mountains in the background
two people parasailing on the beach near a cruise ship
a very big nice looking cargo ship on the water
a large large ship with many cargo containers
a large boat docked in a busy port
a large white and blue boat near a tall building
the large boat and crane are in the ocean
"the container ship aerbiskk linden in front of its dock in seattle, washington"
a large ship with stacked containers on top of it
a container ship at the dock with cargo on board
a large cargo ship in a harbor between a row of containers
the sailboat is moving through the ocean
a huge green and blue cargo ship in a harbor
a boat that is floating in a body of water
a large cargo ship with a large container on it
a container ship in the distance out on the water
a cargo ship has many containers stacked on it
a big boat in the sea and two big ships
cargo ship with giant signs on the front sails into a body of water
a young man in an orange jacket looking at the top of a blue cargo container ship
a boat on the water with no sails in it
two men are working on a large cargo liner
a large barge moving past a large cargo ship
many different containers sitting in front of a large ship
there are many large ships in the port
a large boat is sailing out in the water
a large ship passing under an over pass bridge
blue and brown cargo ship sitting on water
large boat sailing out onto the river through water
large green ship leaving a harbor in front of hotels
an open air boat traveling past a large shipping ship
a large cargo boat with containers stacked on it's side
a large ship sailing down the river under blue sky
an empty cargo ship with cargo containers on its back and deck
a large ship moving along the water in an open ocean
the boats are at dock waiting to be loaded
a very large cargo ship in a harbor
a ship with cargo containers is in the ocean
the big boat is floating under the bridge
a large shipping ship with several smaller boats in front of it
a large boat with two tugs in the water
a giant boat that is sitting in the water
a large open ocean with an enormous dock filled with shipping
a large boat in the open water by a dock
the lights on the large cruise boat lit up a bay
a large boat floating on top of a river in front of city
a giant container boat floating along side of the water
the large white and red boat is going out in the water
a cargo ship floating underneath a bridge in the water
"a big ship sitting in the water, with a very long container behind it"
there is a large container ship moving through the ocean
cargo trains on the railroad tracks and at the edge of water
there is a large cargo ship in the water
large ship sailing in open water with a city behind it
cargo container on board docked with smaller containers behind
a large ship that is sitting in the water
black and white photo of containers stacked in a loading area
two large ship in a body of water
the large blue ship is carrying the most cargo
a very nice looking building on the water
a boat on the water near a large ship
the container ship is about ready to leave the port
two ships in the distance with many containers stacked on each
a large ship coming in to shore with yellow buoys in the foreground
the container boat was parked beside a boat in the harbor
a cargo ship in the ocean loaded with containers
the outside view of a multi - story building lit up at night
the container ship has many large cargo containers on it's side
large ship with many containers attached to it's sides
a large boat filled with lots of cargo in the water
an ocean liner sitting at the side of the ocean
there is no image in this box it looks wonderful
a large cargo ship sitting in the middle of a body of water
the large ship is traveling in the ocean
container ship with containers stacked on top
a large ship is in the water and containers are stacked up on top
a large ship moving along the water near the woods
ship sailing with cargo ship and stacked containers on back
a large container ship is pulled along a shore
a very big ship that has some smoke coming out of it
several boats are docked as a large ship floats in the background
a ship sails as it travels across the water
a large boat is traveling down the ocean
a large ship full of shipping containers is riding down a river
a large cargo ship travels across the open water
a crane with a sign that says texas on it
a small boat is sailing beside a huge ship
a cruise ship being moored at a port
a huge blue boat floating on the water
a large container ship parked in the water
a very big boat with some huge ships
there is a ship that is docked at the harbor
there are four large blue and white containers on the pier
the blue boat is docked near the beach
a cargo ship sits in the ocean with its container
a large cargo ship in the water
shipping dock with a large crane and ship and cranes in background
a large ship is coming through a harbor
a big white docked boat with containers
a white boat in a body of water with boxes on it
large blue boat in front of many stacked containers
a large ship with a lot of multicolored containers on it
the ocean is clear with many cranes at sea
a big boat is in the water near other boats
a cargo ship approaching an ocean with a city skyline in the background
a big ship traveling along side of a large body of water
a large building is shown with stacks of shipping containers
a big ship in the water by a large building
large ship with stacked containers being unloaded
a big cargo ship sits in the harbor near a city
two large cargo ships in the middle of a body of water
a large cargo ship in an ocean terminal
a large cruise ship is docked beside a marina
a large container ship in the water with very large containers on board
a large stack of cargo containers sitting next to a shore
a large blue ship with lots of cargo containers on top of it
the boat is riding on the water
a blue and white container ship passing by an island
a large container ship is traveling down the river
a large boat that is floating on a lake
"a large, well - built tanker boat in the water"
container ship is on the water near many other ships
a ferry boat at a port is sailing the water
the large boat is docked by the side of the ship
two cargo vessels sitting in the ocean together
a cargo ship loaded with large containers sailing past
large cargo ship docked beside a jetty on an ocean
a large ship near two smaller ships
a big blue and brown boat in a body of water
a cargo ship with many stacks on its front is driving through the ocean
"an evening with light clouds and buildings, a long barge moves through the open ocean"
the lights of a building are in a smoggy night
a huge container ship with the words nine written on it
many people with their backs to each other
a single bench sitting in front of the ocean with a boat docked
large ship and some cargo containers docked in the ocean
cargo ships near a larger body of water
a large ship with a name in the water
a field of people and a building with large amounts of color
some people are standing in front of a large ship
there is a boat that is parked next to the pier
the tug boat is sailing through the water
a big ship with many containers on its front
a large boat that is floating in water
a very large ship is at the dock
the container ship is loading its cargo at sea
a large shipping ship makes it way down the ocean
a large boat that is going through the water
a large cargo vessel floating in the water
a large cargo ship with a full long deck
large cargo ship floating in water near shore
a large white boat floating on top of the ocean
cargo ships at port in the distance of the ocean
the large cargo ship has containers on top
a large cargo ship loaded with containers in a river
"large cargo ship in ocean, with a pier fence around it"
a tug boat on the water near a bridge
a large ship sailing along side the beach
a large cargo ship with many containers in the bay
a long ship is carrying several brown containers and cargo
the shipping dock with shipping barge and skyscrapers
large cargo ship with cranes docked at shipyard
a big boat and other boats are coming in close to each other
the large ship is parked beside a dock
a ship that is going through the water
a large cargo ship sitting in the sea
a large barge moves across a wide channel
a big cargo ship with lots of containers on it
a container ship in a harbor carrying cargo
a big cruise ship on the water with ships coming
a large cargo ship is sitting in the middle of the ocean
a boat that is sitting in the water
a large ship in the water under a blue sky
a very large boat that is in the water
a group of containers sitting at the end of a pier
people are standing in front of the ocean
red cargo ship passing by some boats and rocks
ships in an ocean with high winds and large containers
a large boat in the middle of the water
a building in the middle of a city
a huge ship on a body of water
view from the steps looking up into an industrial building at dusk
a large cargo vessel that is near the ocean
a distant boat out on the ocean during sunset
blue and silver train with people figurines near tracks
two ships sit in the water near a dock
the back end of a cargo ship with containers in the foreground
several birds stand in the water with a cargo ship behind them
a boat sits tied up in the ocean
an ocean shipping yard with a large cargo ship in the background
the large cargo ship is transporting numerous goods on it's daily trip
a large cruise ship floating on top of a blue ocean
a large cargo ship floating in the water
aircraft flying in formation behind a large aircraft
large ship dock at the waterfront port with rows of barges
a large cargo ship in the middle of the ocean
a large boat being loaded onto a barge
a large boat being moved by a crane
a large cargo ship full of containers in the water
a large container ship going down a river
a model airplane being flown near a black and white boat
an image of the top deck of a ship
some people are running around in the green grass
"two models, a boat and several other toys are displayed"
a large boat is in the water and a large white ship is behind it
a beach with people walking along the sand
a big ship on the water being built to go by some people
a tall building that has many windows under a blue cloudy sky
the structure of the ship is made from metal and steel
boats of various sizes in a harbor near a city
a large ship floating across the ocean next to a giant ship
"a large, blue boat near by an auditorium"
the container ship is sailing in the ocean
a large boat on the water near the shore with mountains in the background
a scenic view of a harbor with buildings and boats
a large container ship in the middle of some water
a train is at the top of the bridge
the boat is carrying many containers on its deck
a ship is sailing across the ocean
cargo containers and cars parked on the docks of a port
the rear end of a cargo ship on water
large ship with red and blue containers in the water
a large boat moving across the water
a very big container ship on the water with clouds in the sky
two huge ships in the water with containers floating in it
a large cargo ship with lots of containers on it
a large boat that is floating in the water
a big red and white ship on the water
there is a big cargo container sailing under a bridge
containers atop a large cargo ship with words stating its full state
an image of a dock with the caption of a ship
a boat docked with containers stacked high on the dock
a very big boat sitting at the dock
a large cargo ship travels across the water
a cargo container ship in a large body of water
a large train crossing through a river
the boat is sailing past the cargo carrier
a very large barge filled with big containers
large boat parked next to the dock near shore
the large ship is full of many containers
a green and orange ship traveling over the water
a cargo boat that is moving on some water
a cargo ship under a bridge at night with the lights lit up
a large black and white ship filled with lots of red containers
a very large dock with some big ships
a boat with lots of windows on it
a large cargo ship sitting in a loading bay
large cargo ship with orange and blue cargo containers
the large shipping ship sits in the river
this is the back view of an ocean shipping ship
a long train on the tracks is seen over the water in front of a building
the large ship is being towed by large cargo containers
a large barge and a container vessel on the side of the water
a large ship under construction in the water
a large sailing on the side of water
large blue boat sailing in the water with tug boats nearby
a silhouetted giraffe in the dark at night
an over head image of a boat pulling a large container ship
"an old fashioned looking, close up of a large ship with logo on the hull"
the view from boat's deck of cargo ship loaded with containers
a large cargo boat carrying large containers moving on the water
an oil tanker ship passes a buliding dock
a large cargo ship with lots of different containers on its bow
a large container ship in the water
large blue boat parked beside smaller boats in water
a blue and red container ship in the water
a ship on the water with a city in the distance
two people are walking on the beach beside an ocean
large cargo ship parked in the open water
a ship passes by a mountain in the ocean
cargo containers are stacked near a large container ship
a large boat in the water close to a larger ship
a large red and white boat in a body of water
an empty river running close to a grassy hill
a large cargo ship with a lot of boxes on it
a large cargo ship with containers and containers on top is sailing through the ocean
"large container ship in the ocean, loading on top of it"
a ferry boat traveling near a large container ship
some cargo is docked near a large body of water
the view from the ocean shows an enormous ship sailing into dock
four people on a boat watching the big cargo ship
a shipping port with large blue and white cargo ships
a large cargo ship loaded with containers is docked
a large blue and white boat near a cloudy sky
a boat is docked by its rig on the water
large cargo ship with a lot of containers for docking
"two men walking a beach at the edge of the water, with shipping in the distance"
a large chinese ship floating in front of a big cargo ship
a large cargo ship is in the water outside
this ship is carrying many stacked boxes on the back
a cargo ship is pictured with several ships out on the water
a very large cargo ship in the open sea
there is a tugboat that is pulling up to an enormous ship
a large container ship in the water near another container boat
a huge container ship loaded with lots of shipping containers
a tug boat sailing by some golden gate bridge
a large container ship traveling along side the ocean
a boat is taking its way through the water
a ship in a body of water with the city behind it
a large barge that has some type of building on the side of it
a boat moving through the water carrying cargo
a large green and white ship full of cargo
a boat sitting next to the loading yard
large cargo ship near very tall building on water
a blue and brown passenger ship is shown
a large boat sailing down the river with many containers
there are many different pieces of art made from cardboard
cargo ship in the background with large cargo tanker
there are several big stacks of containers on this huge cargo ship
a tower that has different items in it
a boat docked with several cargo containers on deck
a large blue and red container ship sitting in the water
there is no image here to provide a caption for
there is a container vessel sailing through the water
a large cargo ship sailing in the water
orange cargo ship passing a tugboat and a large tug boat in the background
a large blue and white boat filled with containers floating across the ocean
an orange and white cargo ship in the middle of the ocean
a huge ship loaded full of containers is in the water
a large container being loaded with cargo on the back of a ship
the large cargo ship is traveling along the water near a city
a large boat sitting near a large shipping container
two cargo ships in the water near each other
a large amount of different colored trains stacked together
a boat in the water is pulling a load on it
a big building near by some water and a bridge
"cargo ship in background, possibly container cranes on shoreline"
a large cargo ship that is sitting in the water
cargo containers loaded into the back of a large boat
the ship is sailing on the water near the boats
many ships are anchored in the ocean under cranes
a large cargo container next to a fence
a boat is traveling along in the water
a large cargo ship passing through the water
the huge ship is next to the dock
the coast line is empty and barren as a large boat sails by
a large boat loaded with cargo by the waterside
container ship with a word reading yangng ming line
a blurry picture of a city near a body of water
a large cargo ship sailing on the ocean
two boats sailing in the water by a bridge with buildings in the background
large industrial cargo ship being loaded on a boat
an image of two men standing in front of a shipping dock
a large container ship sailing down the river
a container ship filled with lots of containers in the ocean
this is an extreme close up view of the back of a boat on a ocean
there is a truck driving down the street with a large container ship in front of it
a large ship docked in a lock on the water
large cargo ship with multiple containers docked at pier
two large boats in the ocean near each other
two ships in the harbor waiting for loading
a big boat made of blocks with a building
ships are docked in an area on the water
a long cargo ship with a man standing in front of it
"a white, red and black boat and other ship"
a large boat in a body of water with containers
an image of a ship loaded with many containers
"several boats moored in a marina, with cranes behind them"
the ocean is filled with seagulls in front of a cargo train
a large container ship loaded with containers sails through the water
a large cargo ship traveling through the ocean
a large ship moving through the ocean
a large container boat in the water
a two large ships in the water with boats approaching
two adults watching a large container ship with many containers
a large ship with a lot of cargo behind it
a large cargo ship that is sitting in the water
two massive ships in the ocean with containers on the top
cargo containers wait on top of a large container ship
an ocean train is loaded with cargo on it's dock
cargo ships with multiple stacked containers at dock
there is a cargo ship hauling red crates
a ship moored to a dock in an urban setting
a large ship with its cargo is docked at a dock
a black and white photo of a large boat
there is a large container ship on a river
an overview of a structure at night time
a container ship and some small cargo vessels in the river
a blue and orange ship is in the water
a big cargo ship with many containers on top
the back of a cargo ship sitting next to a dock
some kites are flying high in the air above the water and cargo ship
a large ship sails on top of the ocean
a man is standing on a boat near a large cargo ship
a large cargo ship going through the locks
many containers that are in a large container dock
a large tanker ship in a body of water
a large boat is in the water
the large container ship has been launched for shipping
a large cargo ship on the ocean under heavy transport containers
two people on wooden poles stand in front of a cargo ship
several large cargo containers sitting on top of a shipping container
boats sailing beside large boat with a crane
a large ship floating on top of water on a sunny day
some boats are in front of cargo ship
a ship passing through some water near a land
a very large cargo ship on the open water
a big boat makes its way across the water
the ship is sitting in the water next to other boats
a large cruise ship sailing across the ocean at sunset
a large structure with lights and some kind of furniture
a large cargo ship sailing down the ocean
two boats sitting next to a big ship
a blue large boat is sitting near the water
an ocean liner is moving on the far side of the hill with rocks
blue smoke coming out from a large body of water
a boat on water next to a large container ship
a large boat in the water at sunset
a group of people stand on wet sands in front of a ship
a large container ship sailing through the ocean
blue and white cargo ship with cargo loading containers
two large ships are stacked up next to each other
"three people stand on the sand in front of the ocean, with a container ship in the background"
"a large, colorful ship with some containers all on it's side"
a large container ship passing under the bow of another boat
people standing in front of a large boat at a harbor
a large container ship in front of a cityscape
a large boat moving through the ocean by the land
two rectangular shaped objects in the sky with clouds
a large ship with containers attached sailing across the water
an aerial view of a large port with an amusement park
a large ship that is in the water
a log that looks like a long piece of wood is sitting in the sand at the beach
there is a large cargo ship in the middle of port
an airplane flies over a big ship in the water
ships on the side of a body of water with big ship in background
the cargo is full of various sized containers
a large green ship that is out on the water
a dock on the side of the ship that is loaded with many containers
a passenger train going down the rails
the light from many different lights are on a docked ship
lots of shipping containers stacked up on the dock
man standing next to docked cruise ship in port
people in front of a large cargo ship on dry land
the boats are by the dock with shipping containers in the background
an over grown large ship is parked on the shore of a lake
a small boat is sailing next to big ships
a very big ship in the water
a large red boat traveling across a lake filled with cargo
an industrial structure over looking the city
there is a big ship out on the water
an image of a large container ship at sea
a large ship filled with cargo under a bridge
a huge boat sailing in the water next to a crane and a ship
a large light house on the ocean with a boat behind it
some big containers that are being loaded onto the ship
a large commercial cargo ship with many containers on top
large cargo ship loaded with containers on the deck
a large container ship has containers stacked on the bottom
a large ship sitting on the side of the water
a large boat with many cargo containers on its top deck
a large boat is moored in a bay
a large ship in the water with cranes
a large ship full of green and orange boxes
a lot of ships parked and waiting on the water
a very large ship under some dark clouds
ships are traveling down the water with a bridge in the background
a large container train is driving across sand
a tug boat in the water near large buildings
a large boat is docked by some big containers
a large boat that is sitting out in the water
a picture of a ship in the ocean water
an empty dock with a huge container ship docked
large ship docked at dock while city is in the background
a large cargo ship docked in the water
a woman and two children playing on the beach
a view of two large ships at the port
large container ship docked in harbor surrounded by cargo
a large blue cargo ship in the water
an image of crane at the cargo ship being loaded
a cargo ship with a crane in the background
a cargo ship sailing in the ocean off the coast
there is a large ship that can be seen in the water
a large commercial ship in front of a smaller boat
an image of a huge container ship that is docked
a large green and white boat in the blue water
a giant ship is seen at sea port
large passenger ship with many large containers on its back
a very tall bridge spanning over some water
the large ships are moored in the harbor
a group of cargo containers attached to the side of a bridge
the cargo ship is near to the dock with the huge boat
the cargo ship has many containers on its back
an enormous container ship is parked in the bay
the boat is loaded and ready to go
a massive boat and two white ship in the water
a large boat with many containers attached to it
three large ships in a harbor with very big cranes on them
the large boat is carrying cargo in the open water
an aerial photo of a shipping dock at a large amount of freight
a crane is lifting cargo around a large building
a large cargo ship is carrying many containers
a large cargo ship traveling on a body of water
a large boat in the water has container docks on top of it
a ship traveling in the water surrounded by small houses
the large boat is moving through the calm water
a large blue truck with a loading area and several red trucks
a very big cargo ship in the ocean
a large green cargo ship that is in the water
there is an image of a large boat on the water
a large crane is lifting cargo onto a ship
a large grey cargo ship loaded with shipping containers
the large boat is carrying several containers in this body of water
a cargo ship with lots of freight containers in the sea
a barge moving under a bridge with a train on it
a large red and orange boat sits near the shore
a small tug boat is coming around some containers
a very big ship in the water with some white foam
a large ship with containers on it is floating
a boat with several big boxes in it
a large container ship with large containers on it in the water
a large container ship sitting in front of a shipping dock
an image of large container ships in the water
many large containers on the side of a large boat
large ship sitting in the middle of the ocean with other boats nearby
a lighthouse on a small island surrounded by cargo barges
a large cargo ship in an open body of water
large cargo ship anchored at bay with tugboats approaching
a green and blue ship sitting on top of water
a large boat being docked at the harbor
a large container ship sitting in the water
a stuffed teddy bear with a soccer ball
a young girl holding a soccer ball against her face
a close up view of the ball on the table
an orange haired kid holding a soccer ball in his hands
a blue ball with the word barcelona written on it
cake decorated with the words'congratrats and great team '
some balls are stacked on top of each other
a brown dog playing with a ball on a field
a yellow and black soccer ball is in the grass
a white and blue soccer ball sitting on the pavement
an isolated soccer ball in the green grass
a little boy is sitting on the floor holding a soccer ball
the ball sitting on the ground has different things on it
an old soccer ball is sitting on the green grass
several young men are playing soccer on the court
a ball shaped toilet paper sits on top of the counter
a ball on the ground with an autographed name
a young man is holding a soccer ball on the field
large size of soccer ball sitting on the ground
soccer players with foot ball kicking at goal during a game
"soccer ball in a grass field, with trees in the background"
a set of four brightly colored balls on top of each other
soccer players pose with a giant ball while watching a game
a large white ball on top of a soccer field
a close up of a soccer ball on the grass
two young men playing soccer with brown dogs
a women who is on skis kicking a tire down a snow slope
a close up of a soccer ball with russian lettering on it
a worn up football soccer ball with a leaf on it
men are running around on the field with soccer balls
a big black and white ball with eyes
the young boys are playing soccer on the field
a beautiful young lady in a black and white bikini preparing to kick a football
a soccer ball that is flying in the air
a white soccer ball is sitting on a surface
toy brown and white dog eating a blue ball
a person in a uniform and some people on the field
the girl smiles and holds a soccer ball
a young girl is running with a soccer ball
"an apple, soccer ball, and sign next to windows"
a soccer ball sitting on the grass next to a goal post
soccer balls painted with colors sitting in a basket
several boys playing soccer on a field
two soccer balls on the ground with water drops on them
this is an image of a boy holding up a large soccer ball
a close up of a large black and white soccer ball
two people play soccer on the grass next to each other
a dog playing with a large ball on the ground
some soccer players are playing with the ball
the dog is laying next to three soccer balls
several men are playing soccer on a field
a soccer ball sitting in the grass on a field
the small dog is holding on to a giant ball in its mouth
a cat sleeps with the ball on the bed
soccer balls in blue netting and their names are schoee
a boy in white jersey holding a soccer ball
a young man in white kicking a soccer ball
a soccer player kicking a soccer ball across a field
people holding on to each other at a game
a striped tabby cat on the ground near a soccer ball
a man is kicking around a soccer ball on the field
a dog lays in the grass near a soccer ball
children playing soccer on an open field with a red coat
a group of people on some grass playing soccer
a small white and brown dog sits in front of a yellow ball
a soccer ball in the air with the sun behind it
soccer balls and a person standing next to each other
the top of a soccer ball flying in the air
a soccer ball is shown on the field
a soccer ball sitting in the middle of a goal
a soccer ball that is on the ground with green grass
an image of two soccer balls side by side
a group of children playing soccer on a sunny day
a soccer ball sitting on top of a green field
the dog is biting out at a ball on the carpet
an oddly shaped ball is featured in this image
a close up of a soccer ball on a table
a soccer ball sitting on top of a field with many people
a dog in some grass with balls
two people watching a soccer ball on a field
little girl kicking a soccer ball in front of her
a large red soccer ball sitting on top of a field of grass
black dog lying in grass with a soccer ball
assorted soccer balls are in storage boxes
young boy holding up a white soccer ball
a dog is running on the grass near a ball
a woman on the soccer team is getting ready to kick the ball
a soccer ball that is on display for the camera
two young boys are on the same team in a game
man holding up black and yellow baseball jersey
the woman and two children are playing with the ball
a white colored soccer ball with the blue logo k on it
the two signs are in front of the ball
a young boy standing in front of some grass
two women are playing with a ball on the beach
a computer generated image of a soccer ball
two guys are playing soccer with each other
a man in an all white shirt holding a soccer ball
there is an illuminated soccer ball with writings on it in the park
a soccer ball is shown covered in snow
a soccer ball is sitting in the grass
a man is giving children a line up with coaches
a group of children playing with a soccer ball on an open grass field
a couple of men kicking soccer ball around on a field
a soccer ball on the side of the field
dog laying its head on a suitcase in a grassy field
soccer ball on the back of his hands
two dogs on the grass playing with a toy
two men playing soccer against each other on grass
a green and yellow nike soccer ball sitting on display
a young boy wearing a camouflage green vest plays with his soccer ball
a dog catching a large object in it's mouth
a white ball with letters and triangles written across it
two cupcakes with fondant topped black and white balls
a group of young girls playing soccer on a sandy beach
soccer ball sitting in the dirt in front of some green grass
"an adult, and a young boy play with a ball in a field"
an elaborate black and white soccer ball is viewed on a white background
a woman with long brown hair holding a white and blue ball
a red soccer ball with the logo of the international league
there is a football displayed on display in a case
the young children are learning to kick a soccer ball
a dog sitting on its hind legs looking at a ball
closeup of white and black ball on concrete area
"a ball in the middle of a flight, on dirt"
a woman standing on top of a soccer ball
three balls that are different color and size
a dog with a ball that's next to him
a soccer ball that's on grass next to a goal post
dog laying down next to a soccer ball
the girl is holding a soccer ball and smiling
black dogs playing with the same ball as it appears
the dog is playing with the ball next to the bench
a neon orange ball has a lion head on it
a man on a field tossing two frisbees
a soccer ball laying on the ground
a woman is swinging a tennis racket at a ball
the small child is sitting in the grass with a soccer ball
a ball with two golden cups on it
a man in action on the soccer field
two people hold a sculpture up towards the sky
a girl standing with her legs crossed and near a soccer ball
a brown dog playing with a soccer ball on the grass
the two girls are playing a game of soccer
the puppy is playing with a ball on the floor
several sports player running in a game
"boy leaning over in front of two shoes, about to catch ball"
people playing soccer in an open field
a group of men playing soccer in the middle of the grass
people with soccer socks on standing by a football ball
a brown dog chewing on a soccer ball
two dogs in the grass playing with a ball
one player kicks a soccer ball while the other gets ready to kick it
a blue and white ball on the ground
four white and black soccer balls sitting next to each other
soccer players are jumping to get the ball
men play frisbee as others look on in the distance
a black dog is holding up the soccer ball
the four young men are playing soccer in their field
a group of people on a field playing soccer
a group of young men standing on top of a soccer field
the young men are playing frisbee on the field
two soccer balls are sitting on the grass
three young men in action on a soccer field
a purple ball laying on top of green grass
two teams of men running during an outdoors soccer game
a man standing in front of an entrance wearing a tee shirt holding a soccer ball
"two children are holding soccer balls together, while others watch"
a giant white soccer ball in an open green field
men play soccer on an indoor field as a crowd looks on
little kids are on soccer field playing with a large group of ball
some children playing soccer on a grass field with others behind them
a close up of a soccer ball hanging on a wall
soccer ball on grass with only one painted
a nike soccer ball signed by a fan
a dog is waiting on the grass in the yard
three people in bikinis are running along the beach
three official soccer balls hanging on a goal
someone standing with their feet on a soccer ball
the soccer team is competing in this match
a man standing on one foot while riding a surfboard in the water
the football sits on a table with different flags and states
a small child holding a soccer ball on the front porch of a house
children playing soccer at park on grassy field
a group of men kicking around a ball on a field
a large soccer ball sitting on top of dry grass
a young child with several balls in the grass
a row of young black children holding up their hands to light candles
a brown dog playing with a soccer ball in the yard
several women kicking a soccer ball on a field
two girls in soccer uniforms near two cones on grass
a black and white image of soccer balls
an image of a group of people that are playing soccer
close up of a soccer ball on the court
a dog licking a soccer ball with its head
white and blue soccer balls stacked together on display
close up view of a soccer ball in grass
two children playing soccer in the snow
children holding a toy ball in their arms
a man's foot that is standing on a soccer ball
a shirtless man balancing a soccer ball on his head
soccer ball with stars on it is displayed
the gold nike soccer ball is on display
two young men stand near the soccer ball
a soccer ball is setting next to a goal net
soccer ball with green ground in front
two men playing soccer on a field with grass
a boy on a street kicking a ball
a boy with a soccer ball in hand
an image of the soccer ball that is on display
a dog that is holding some kind of ball
a beagle laying on the floor near other toy dogs
a soccer ball that is laying on a floor
a baby girl sitting with a stuffed soccer ball
"the ball in red, blue and purple"
a womens soccer player in action at night
the soccer ball is sitting in the middle of the grass
two people in air on their feet with one person jumping into the air
the soccer ball and stands are in a very unique shape
a white soccer ball in the goal by a net
a display of white soccer balls on the grass
a large piece of paper tape on top of it
silver metallic - colored metal round object with small hexagonal shapes
soccer balls are stacked on top of each other
a little girl that is holding a soccer ball
the texas flag is on a soccer ball in the stands
a shiny purple ball sitting in the grass
a dog is playing with his ball outside
several soccer balls and the pitch at a stadium
a person holding a knitted ball in their hand
the young girl is getting ready to kick the ball
a very cute little girl sitting by a football
black and white of a person holding a soccer ball
a soccer ball sitting on some grass
a dog has his head near a soccer ball
white and black soccer ball shaped birthday cake
large turtle shells sitting next to each other on the beach
green plant with blue ball coming from it in front of a grassy bench
a figurine standing on a giant soccer ball with someone else on it
a woman is kicking a soccer ball while wearing a uniform
some kids are playing soccer on a field
a man that is in mid air kicking around
the ball is sitting on the surface with the television in the background
a very large white soccer ball on a black surface
children on a field with five people standing around with soccer balls in front of them
a bottle of alcohol that is next to a small soccer ball
a white soccer ball sitting on the grass
two guys kicking balls as they jump for one
a large soccer ball on a table with a black stripe around it
there are people standing on the grass near easter eggs
a white ball with a blue and green pattern is on the ground
a young woman dressed in bright clothes holds two soccer balls on her head
a football sitting in the grass near a building
an image of a glass ball with patterns
a white soccer ball on a white background
a large white soccer ball sitting on a lush green field
three young people are playing soccer in a park
a soccer ball in the middle of some grass
a male is posing for a picture in front of a stairway
the young boy is kicking an overly ball outside
a young boy is kicking a soccer ball on a grass field
a dog that is holding a ball in its mouth
a soccer ball lying on the ground near a body of water
two soccer players are lined up on the field
a soccer team getting ready for their next play
two women on two teams playing a game of soccer
a small white ball sits on green grass
a soccer ball left on a sidewalk near the sidewalk
young men in uniforms playing a game of soccer
"a big soccer ball with blue, orange and silver stripes on it is in the grass"
an empty green field with soccer balls sitting on the grass
an orange frisbee sticking out of grass
this is the official ball for the 2013 world cup
a soccer ball on display in front of a white wall
a man that has just been set up to kick a soccer ball
soccer themed decorated cookies with blue ribbons on checkered tablecloth
the boys are running after the frisbees and one has been knocked to the ground
soccer ball laying on the ground beside green plants
two soccer balls on the grass are colorful
a young child plays with a soccer ball
a large white ball sitting on top of green grass
an old soccer ball by a net on the grass
baby elephant putting a ball in front of a larger elephant
a soccer ball on a rail outside
a soccer ball resting on its self on some blue grass
an official soccer ball for the atlanta united
three young men stand in front of two tennis balls
the football is lying on the ground
a dog running towards a large soccer ball on some grass
a ball lies on the ground next to a plastic trash can
a man holds out a soccer ball in front of him
two old worn ballons on the ground
a soccer ball on a field of grass
"boys at the park on a soccer team, with some holding their players behind them"
a group of people on a field playing soccer
a soccer ball laying on grass in the rain
a football that is sitting on some rocks
a dog that is holding onto a soccer ball
a pair of rusty metal balls on the ground
a woman putting something on her baseball cap while wearing a scarf
soccer player preparing to kick ball on field
two men kicking soccer ball on a field
a white and black soccer ball shaped object with a black spot
four soccer balls sitting in the grass and a person walking by
several boys dressed in red and white playing soccer together
three girls sitting on a sofa next to a wall
a bunch of soccer balls with different designs
people are playing soccer on the grassy field
boy sitting in grass with soccer ball on one knee
a large white round object on some grass
a soccer player runs after the ball in a game of soccer
a soccer ball with the word happy face painted on it
"an image of two men, a white ball, and a black cat"
several photos of soccer players on display inside a store
a large giant soccer ball in front of an outdoor crowd
a couple of women kicking around a frisbee on the beach
young boys play soccer with their parents and an instructor
a soccer ball sitting in the middle of a grass covered field
two girls playing with a ball on the beach
the soccer ball is in position to be placed on the grass
two figures sitting on top of one another
a soccer ball with a blue stripe pattern and the word campbell on it
the women are playing soccer together on a field
a white and green soccer ball with colorful stickers
an old worn soccer ball on some grass
four children look at two young boys holding a ball
three children are sitting on the bench with balls and a basket
a dog that is bending down next to a ball
man holding up soccer balls in front of other men
a soccer ball with a logo on it
a small boy in pajamas playing with a soccer ball
a man in blue shirt balancing a soccer ball on top of a head
three men are running towards a soccer ball
a very colorful ball shaped ottoman with a black iron grate
a male soccer player in action on the field
guy with a soccer ball in his hand
a small boy playing soccer with the ball
a ball in the air with a blue sky
boy wearing blue uniform kicking a soccer ball
an inflatable soccer ball with a pair of scissors and instructions
"a dog playing with a red, white and blue ball"
a little boy wearing blue hitting a soccer ball with his finger
two soccer balls on the grass near a house
a bag of soccer balls on the ground
the small child is holding a soccer ball
a soccer ball on the ground next to a tree
a soccer ball is laying on the blue table
this is a photo of a person that is bowling
a dog that is jumping to catch a ball
young boy on grass with his feet on soccer ball
there is a white and black dot on top of the ball
person standing by soccer balls in field with white socks
children are lined up playing soccer with ball on the field
a soccer ball on the ground for a photo shoot
boy with blond hair standing in a green field next to an old soccer ball
a group of young men on soccer field playing a game
a large soccer ball lying in the grass
a woman sitting on top of a bench in a park
small child with pink clothes playing with two red balls
two men trying to beat the ball in the field
a group of people that are holding soccer balls
a child wearing a blue and red shirt with a soccer ball near by
some little children playing soccer on a grass field
a dog playing with a ball in the grass
the ball laying on the sand has been photographed
a close up image of an over sized soccer on some grass
a dog with a large soccer ball on his mouth
an official soccer ball signed by famous players
soccer balls in different sizes displayed on surface
a ball that is sitting in some grass
there is a large ball that has cracked off of it
the beach volleyball is shown on a white background
some small stuffed animals playing in the snow
a young man plays with a soccer ball in a park
there is a man standing next to a soccer ball
a large white and black soccer ball sitting in the grass
many soccer balls piled inside of a store window
a soccer ball stuck in a tree with snow on the ground
a woman holding a giant soccer ball and a smiling man
a child stands atop some soccer balls on a soccer field
a white ball with blue stripes on it
a dog that is holding a ball in its mouth
a blue and white striped volleyball ball laying on top of blue
a young girl poses next to a soccer ball
young boy with football on hand posing
soccer ball of various various types and colors
an arrangement of soccer balls outside in an outdoor market
a woman is playing with a soccer ball
a soccer ball sits on the ground as people stand around
a woman holding a soccer ball in front of another woman
a young child is holding onto a soccer ball
a woman in the air jumping around a soccer ball on the beach
a close up of a robot chasing a ball
a bunny rabbit in an open field next to a soccer ball
a puppy chewing on a large white ball
two people with soccer balls posing in front of them
two dogs playing with a frisbee in the yard
a young person posing for the camera with a soccer ball
a man is outside balancing a ball on his shoulders
the soccer team is playing in the field
an image of men playing a soccer game on field
a stylized image of a black and white soccer ball
young boy with shaved hair holding a soccer ball
"a baby holds a soccer ball, with the child playing behind him"
toddler in white shirt holding a ball smiling
a painting of soccer balls being thrown into the sky by people
dog with soccer toy on couch in large living area
a man standing in front of a display case holding onto some soccer balls
the dog is outside beside of a large ball
a soccer ball sitting in some tall grass
there are many soccers and goalies for this photo
there are many different sports balls in the bin
a baby with a dribbing on a soccer ball
the girl is playing with a soccer ball
a close up of a child playing with a soccer ball
there are soccer balls in a large pile
a soccer ball is in front of the net
an image of a woman kicking the ball
a yellow and black soccer ball sitting on the ground
a boy holding up a soccer ball up above his head
a soccer ball laying on top of the green grass
a close up of a soccer ball on the ground
a young boy drinking some kind of liquid from a jug
the man with red hair is kicking the red and white soccer ball
three guys are playing soccer with long socks
a man sitting on the ground next to a soccer ball
red football ball attached to a brick wall in a black and white photo
a soccer ball that is in the fire
a large soccer ball in grassy field with sticks
a close up view of an image of a soccer ball
a soccer ball sitting on top of a green sheet cake
two soccer players in uniforms are bouncing soccer balls
a yellow and blue soccer ball with blue stripes
three soccer balls sitting in a group in goalies gear
"two baseball balls, one in grass, another on the side of the field"
a very pretty close up of a ball on the ground
this is an image of a large soccer ball
a soccer ball that is sitting in the grass
the adidas soccer ball is sitting on the desk
a giant soccer ball sculpture in the middle of a plaza
a boy holding a ball is posing for a photo
a soccer ball on the ground in a net
many small balls in a rack sitting on the shelf
a soccer ball and two flags of brazil
a close up of a soccer ball with different designs
"three men, two are standing on soccer balls and the other leaning on the wall is holding a soccer ball"
a man who is standing on top of a ball
a little boy holding a soccer ball on a lush green park
a young girl is holding a soccer ball
a soccer ball sitting on the ground with other balls
a soccer ball lays on top of some green grass
soccer ball on christmas tree decorations under christmas lights
a close - up shot of the nike soccer ball
a big soccer ball sitting in the middle of the field
a group of children play with soccer balls
a colorful blue and yellow soccer or football ball
a painting shows a dog playing with a ball
a large gray and white ball with an ornate design
the dog is playing with a soccer ball on the dirt
some children are standing on a grassy field holding a soccer ball
several bright colored balls stacked in a basket
a couple of kids playing soccer on a field
a soccer ball is pictured on the grass
a close - up of a soccer ball with the sky behind it
three soccer players are competing for control on the field
a young man holding a soccer ball while looking in the park
the soccer ball was just as high as a mans legs
a little girl with her soccer ball behind her
different styles and colors of soccer balls
a soccer ball is laying in the grass
several children in uniforms with legs braces on playing soccer
two boys are playing soccer and one boy is leaning for the ball
a young boy holding onto a soccer ball near a park bench
some soccer balls that are sitting on the ground
two dogs stand on the ground with soccer balls
a soccer ball on a field of grass
the soccer players are engaged in competition on the field
several balls and balls stacked close together on top of each other
a ball on a soccer ball is in a shiny red and black suit
the young children are playing outside near the giant soccer
a team of boys playing soccer on an outdoor field
one soccer ball attached to the head of a player
a soccer ball resting beside an old fenced in garden
a soccer ball with the name kriski written on it
two girls who are dressed up like they are about to play with a ball
a boy is kicking a soccer ball on the field
group photograph of kids and adult posing for photo
a dog standing next to a ball and another one standing on the grass
some soccer balls and one ball are in a net
several boys on a soccer field with a referee
a young boy is pushing a large object
the man is kicking a soccer ball on the beach
a young man holding up a soccer ball next to a woman
a white ball is sitting in the grass
two young men are playing soccer with one another
a young man is kicking the ball towards a soccer goalie
a dog is playing fetch on the grass
man stands over soccer ball in grassy field
a white and black soccer ball on some brown grass
a person on the ground with a soccer ball
a close up of a soccer ball on a black surface
a dog standing next to an outside soccer ball
a soccer ball is in a goal post
a dog that is standing in front of a ball
a soccer player standing on the grass with his foot on a soccer ball
a black labdog chewing on a ball in grass
a soccer ball that has a dog on it
two boys in a field playing soccer
a couple of boys on the field playing with soccer balls
the dog is playing with a soccer ball
a large pink ball sits on a blue background
a chef decorating three soccer style balls
children kicking a soccer ball around a soccer field
this is a close up photo of several old footballs
the young woman in swimsuit is playing beach soccer with other people
a large soccer ball sitting in the grass
a man holding up a soccer ball and yelling
a large soccer ball sitting on the side of the road
a group of soccer players kicking around on a field
a soccer ball is sitting on the grass of a soccer field
young soccer players chase after the ball in a soccer game
a close up of a soccer ball in the grass
a soccer ball sits in the sand outside
a ball laying on the ground with his feet up
several boys are getting ready to kick the soccer ball
two dogs sitting next to each other in front of a car
some very bright colored soccer balls in some plastic
boys and girls in uniform are standing on the field
a ring with several colors of green diamonds
the back view of a man holding a white frisbee on his head
three soccer balls on a field with markings
the team is practicing their moves on the grass
a little girl wearing pajamas and her leg out by the sunset
the ball has different names and number on it
some toys hanging on the ceiling in a room
a soccer player is preparing to kick a ball in a room full of people
the feet and soccer ball are on the pitch
several different sizes soccer balls sit in the grass next to poles
there is a little kid that has a ball on the ground
a soccer ball spinning around with wire work
soccer balls sitting on carpet near a wall
a kid is balancing on a round object
the soccer ball is sitting on the grassy field
a young boy holding a soccer ball near the face of another boy
a black and white image of soccer players and balls
a soccer player is holding a soccer ball
a cat playing with a ball on the floor
a young boy is next to an empty ball and a wooden object
there are three men holding a large ball
a bunch of people are holding on to a soccer ball
an image of two girls playing soccer on the field
a soccer ball on a field with some grass
the signed football balls are displayed for fans
a close up shot of a soccer ball
two soccer teams in action against each other
the bottom of a large turtle is in the grass
a white and blue ornament sitting on top of a table
man with a soccer ball on his head standing next to a bench
man holding a soccer ball while looking at camera
a ball sitting on the ground with the number 5
a number of men running towards a soccer ball
a dog holding a soccer ball near a fence
"a soccer ball sitting on the floor, against a red and yellow background"
a soccer ball sitting on the grass with a green line behind
the soccer balls in front of the woman are stacked high above
a person holds a ball and walks away from a wall
two different kinds of metal balls in front of a black background
a young boy in the grass on a skateboard
a young boy holding an odd looking ball
a girl wearing shoes stands near a blue and yellow ball
a ball laying on the ground
some soccer players are playing on the field
the little boy is holding a soccer ball in his hands
a white dog standing by a soccer ball in a field
two soccer balls that are in the grass
two small shoes and a football are laid out
men are on the soccer field playing soccer
a small girl is holding a soccer ball in her hand
a soccer ball in the green grass on a sunny day
a boy in the middle of playing a soccer game
three men are posing for a photo with soccer balls on the field
the soccer ball with flags on it is on display
two young children posing with soccer balls on grassy field
a large white ball laying on the ground
three women and two boys standing on the grass next to soccer balls
a woman is kicking the ball around a field
a soccer ball sits on the ground next to the fence
a soccer ball in grass with a vehicle behind it
a baby in a pajamas is playing outside
a white and blue soccer ball on display on a black background
a child in a lion suit on the bed with a soccer ball
a black dog stands next to a soccer ball
several white and red balls sitting in the middle of a room
a dog looks sad as he tries to retrieve some tennis balls
two men on the field playing soccer during the day
there is a large soccer ball painted on the front of a building
the soccer ball sits on the park bench
three ball sitting in front of a basketball and hoop
there is a huge round ball on the ground and grass
a white and blue soccer ball sitting in the grass next to a fence
an image of a white and yellow soccer ball
a person holding up a soccer ball in a crowded area
a dog standing next to a soccer ball
a trio of children pose with a ball in hand
a group of boys in action during a soccer match
a green soccer field is shown with some balls on it
a person on a slide that has a soccer ball on it
a close up of a soccer ball on the field
the boy in the baseball uniform is holding a ball and throwing a bubble
a man holding a ball on his back as he walks in a hall
a close up of two children holding a soccer ball
an open soccer ball is in the grass
girl in black and white uniform chasing the soccer ball
two children that are sitting in the grass
a girl holds an interactive soccer ball as she stands next to a pond
three different kinds of soccer balls in the green grass
an older man smiling while walking through a grassy field
a soccer ball sitting on the grass in the sunlight
a person's bare leg standing next to a soccer ball
two children are playing soccer while another kid looks on
dog playing soccer with his owner with a ball in the grass
a woman with a toddler playing with soccer balls
a close - up of a football sitting on a floor
a young boy holds a soccer ball outside
a child holding a book standing next to some blocks
a soccer ball is painted black and white and has colorful balls in it
this is two men on the grass playing with soccer
a kid sitting on the ground between a goal
children standing in front of a fire truck and wearing soccer balls
the dog is running on his hind legs toward a soccer ball
lots of soccer balls lined up together on display
two young women are playing with a soccer ball
a fire hydrant covered in pieces of paper
the boy is standing beside the soccer ball
a group of boys on a field kicking a soccer ball
four soccer balls have been pushed on the edge of the street
a giant soccer ball is shown flying above a park
a person that is holding a large soccer ball
an item with a number five on it and a person's feet in the sand near it
youngsters play soccer outside on a lush green field
man on a boardwalk wearing sunglasses and with sports equipment
man on roller skates wearing soccer uniform with a ball
a couple of people play with a ball on a beach
an ornament or pattern on some sort of object
a woman laughing and biting on to a soccer ball
a white soccer ball lays among a variety of leaves
two ballons that are laying down on the ground
"the small, white ball is standing in the grass"
the official soccer ball belonging to the usa
a group of people watching balloons float in the sky over an airport
soccer ball with the american flag printed on it
this shadow image shows a person holding a soccer ball
young girl holding large blue and red ball in grassy field
a man holding on to two strings and unraveing a ball that has been suspended over a wire
the young girl in striped jacket is throwing a ball
there is a man holding a large toy ball
a black puppy lays next to a soccer ball in the grass
there is an action shot of a little boy on the street
soccer ball sitting in grass in front of the goal
a woman is kicking an oversized soccer ball
young boys who are playing soccer together on green grass
an open sandal with several small animal pins
there is a child wearing a storm trooper helmet in the room
a young person playing soccer on a field
a woman kneeling down with a child next to soccer balls and toy cars
several men play frisbee on a crowded beach
a blue ball laying on the ground next to an enormous spatula
a young boy holding a soccer ball in a park
a group of people playing soccer on the beach
a group of white bags that have different colors balls in them
a soccer ball sculpture on top of a dark base
young boys playing a soccer game on grass
white and red soccer ball laying in the middle of snow
the baby is playing with a toy on the floor
a pair of legs with white shoes standing next to a red ball on the grass
a black sign with a group of soccer ball in it
a little girl that is sitting down with a frisbee
children are participating in soccer in the field
"a father and son sitting on the floor together, all looking at something"
a big dog playing with a soccer ball
little boy in grey and green shirt playing with a soccer ball
a vase of some sort in the middle of a swamp
a woman kicking a soccer ball while three girls are playing
a volley ball is sitting on top of the carpet
two people standing near a soccer ball in the middle of green grass
young men playing soccer in a green soccer field
a close up of a soccer ball from the side
a large ball sitting on top of an airport
a panda bear that is sitting in the grass
a dog catching a ball on a lawn
a dog is holding a white soccer ball
a soccer ball is shown on some green grass
a soccer ball sitting on a field and the image of a cross
a large black and white panda sitting in a cage
"several people, dressed in black and orange, are facing different angles"
the boys are practicing their soccer skills on the field
a soccer player with a ball in the grass
a group of people playing ball on a field
"woman on beach ready to hit ball with racket, volley and headband"
a little kid holding a pink ball in a pink area
a little girl carrying a ball in her hands
the young boy is catching the ball in midair
young man kicking ball while doing kick to his leg at the beach
there is a soccer ball hanging from a bush
two men are playing soccer outside in the sun
a black and white soccer ball a woman's feet
a black dog holding a ball and some toys
a child holding a red and white soccer ball
an old skateboarder is riding his board in the concrete
a tower that has several kites in the sky
this is an object that looks like a ball
a group of people standing on top of a field playing soccer
the young child is holding his kite while smiling
"soccer ball laying on green grass, ready to kick"
a man dressed as a football on top of head
young boys hold and demonstrate their soccer balls
three men standing on top of a soccer ball
an elaborate looking ball mounted in front of a building
a little boy in a blue uniform playing frisbee
girls and boys in soccer uniforms are playing soccer
an oversized soccer ball with several different photos on it
"a ball of yellow and blue, with words on it"
a young boy running after a soccer ball on the field
two people play with a soccer ball in a park
a man wearing black standing by a rail kicking a ball
a soccer ball is shown with the logo on it
a young boy sitting in an inflatable castle
three young men playing soccer on a beach
two elephants with one foot on its back playing soccer
two boys running after a soccer ball on a field
several soccer players competing in a soccer game
two people in the middle of a walk in the woods
a soccer ball sits in a field on some short grass
a painting with shoes and a soccer ball
several players are playing soccer on the field
the men are in red are running after a soccer ball
a group of people are standing in front of soccer balls
the little boy is in his yard with the soccer ball
several different soccer balls with all international flags
there is a boy that is standing on the football field
a very large soccer ball on the ground next to a wall
a boy on a street with gloves on his knees
a small soccer ball sitting on the grass
there is a male kicking the ball during a game
a close up view of an old worn brown turtle on a bed of wood
three plastic soccer balls and a bottle of water
two images of a woman standing in front of a group of girls
"large, shiny ball sitting on the floor inside of a store"
an extreme high - flying shot of a man with his soccer ball on their head
a man is holding two ball in one hand
a man holding an orange pumpkin with rubber ducks on top
a woman on a beach with sand and three balls
a large ball that has some writing on it
two dogs playing tug rope on the lawn
a large black dog chewing on a white soccer ball
the man is holding up a soccer ball in one hand
men are kicking around while one kicks the soccer ball at a game
a man and woman playing with a ball on the beach
a soccer ball sits on the ground behind a fence
young boy holding up a tennis ball and a tennis racquet
an image of a ball with a design on it
people and some men playing in the sand at a soccer match
a yellow soccer ball on some green grass
an outdoor basketball court with balls laying on the ground
a dog is looking at a purple and green ball
the brown and white dog is sniffing a large stuffed animal
a close up of a soccer ball in a field
an image of young man on field playing soccer
several guys on the soccer field playing soccer
a little boy holding a soccer ball by his hand
soccer balls are sitting on the grass near a net
a soccer ball sitting in the grass on the ground
two dogs sitting in the sand by a ball
two small children and a yellow ball on top of the bed
a dog sniffing a ball on a grass lawn
a young man kicks a soccer ball during a game
a team of young people on grass field kicking a cheer ball
two female soccer players are in the middle of kicking on the grass
several young men playing with soccer on a beach while people watch
"a cake made to look like a stadium, with a soccer ball, is on display at a table"
a closeup photo of a pink and red soccer ball
net with balls laying on ground at pitch
the front end of a soccer ball
there are two men playing soccer in a field
a dog jumping up in the air to a ball
"young boy standing up, holding a giant ball"
a white and blue soccer ball with black and blue design on it
three people who are on the field playing soccer
a group of young ladies standing around each other
a soccer ball sitting in the grass and a barcode sticker on it
a girl stands on the sidewalk with a soccer ball
a young girl is looking at a white ball
a big soccer ball that is laying on the ground
large white soccer ball sitting on the ground with black dirt in front
a large soccer ball and two soccer boots in the grass
a child is holding a soccer ball on its back
young male soccer player holding ball on grass field
a ball that is sitting on some grass
soccer ball sitting on the grass with its light red trim
small kitten holding soccer ball with paws in park
a ball on the cement with grass in the background
a baby holds up a bright colored ball
four ball shaped like soccer balls with a word voht on top and various designs
a kid sitting on a couch playing with toys
two men are playing soccer on the grass
a boy holding a soccer ball in front of a bench
a boy with white and red paint covering his face holding a yellow ball
a dog is looking at an outside soccer ball
an official soccer ball used by the paris soccer club
an old style soccer ball in a grassy field
large red and white ball laying on a grassy field
several soccer players playing soccer in the field
a small blonde girl standing by a soccer ball
boys are competing for the soccer ball in a game
a birthday cake shaped like a soccer ball
"a black and white image of a young man, with soccer balls"
a cutout sitting on top of a desk near a window
young adults play on the grass as children look on
boys in blue and red playing soccer with the same team
a dog sitting on the grass with a ball in its mouth
a player is kicking at the soccer ball
three girls playing soccer and they are wearing uniform and shorts
children are kicking ball during a game of soccer
two dogs that are facing away from a soccer ball
a soccer ball sitting in the grass
a little boy kicking a soccer ball around
a young boy on the field playing soccer with others
the soccer players warm up with balls on the field
the ball is lying in the grass next to itself
young kid standing behind two soccer balls that look like they are kicking around together
"an aerial view of several football field balls with two men, one man, in uniform"
a young boy with a helmet on standing by a soccer ball in a hallway
a dog laying down next to a soccer ball
a little boy that is standing in the grass with a soccer ball
a boy kicks a soccer ball on a green field
a woman is running and kicking a soccer ball
a smiling man holds two soccer balls and a small screen tv
a little boy and girl are holding a soccer ball wearing sun goggles
two teams playing soccer while fans watch them
a dog that is standing in front of a soccer ball
a group of young children playing a game of soccer
a group of boys kicking a soccer ball down the field
a boy in a blue shirt playing with a soccer ball
a close up of a ball laying in dry grass
a young man riding on top of a blue skateboard
boy holding up a baseball in the dirt
a man in fatigues walks next to a model dog
young ladies in action on the beach while another watches
a young man is holding a skateboard in front of his head
black and white photo of soccer balls stacked on top of each other
women playing a game on the field with blue balls
two soccer balls sitting on top of one another
the young boy is carrying the soccer ball
a young woman sitting on a big foot ball
women soccer team in the field during match play
little boy chewing on a large soccer ball
soccer players on field kicking up soccer balls
a very shiny soccer ball shaped like a face
a cat is on the ground looking up at the dog
a group of people throwing a frisbee in a field
a group of people standing next to a giant soccer ball
a large soccer ball sitting in the grass
the young soccer players are playing on the field
a soccer goalie hangs from his net next to a ball
a young boy holding two soccer balls standing in a doorway
two soccer players in the middle of a grassy field
a woman kicking a soccer ball on the sand
a group of kids play a soccer match
there is a brown and black puppy playing with a ball on the floor
the ball is displayed on a rug for display
this is two young boys chasing a soccer ball
a man playing with several soccer balls on a field
a soccer ball on a field near the fence
a person putting eggs and flour into the shape of a football
a dog is running with a soccer ball
an official logo with a soccer ball
a soccer ball sitting in the dirt on the ground
a boy wearing blue shirt holding soccer ball behind his head
an old soccer ball sitting on the ground next to a soccer goal
two children in front of stacks of soccer balls
two girls in uniforms kicking a ball onto the soccer field
man and two kids dressed up in the middle of the park
a large ball sitting in the windows of a black and white building
a group of animals standing on top of a grass covered field
a woman standing next to a soccer ball on top of grass
the small boy is holding a ball in his hands
a man stands next to a soccer ball
a picture of a young girl playing baseball
a big ball in the grass by a fence
large group of white soccer balls stacked together
a dog and his own toys are being shown
people standing around an array of decorative baskets and balls
lady smiling while standing with her arm around her baseball mitt
an image of a dog in the grass with a soccer ball
a close up view of a nike soccer ball on the ground
a baby girl playing with a soccer ball
some people are gathered together for a team picture
many different types of soccer balls and helmet
two female soccer players playing soccer on a field
man pointing at an olympic soccer ball
a white ball sitting in the grass near other white balls
an extreme ball standing up against a white background
a man standing in front of a blue soccer ball
young children play soccer in grassy field with cars parked along the side of the road
"a blue and white ball with a red white and blue stripe, and a france logo"
a young man with no shirt holds a soccer ball in his hands
some people are playing with a ball at the park
two males are getting ready to play soccer on some grass
men holding soccer balls in their hands while people watch
a soccer ball on a wooden surface on a table
a person stands on a tennis court with a racket
piles of cans and cans on wooden pallets
a young asian boy playing soccer with the ball on a field
a man and his son are looking up and at the camera
a row of sneakers sitting on top of a carpet
the soccer ball is moving down the soccer field
an image of man holding large soccer ball
there is a large paperweight that looks like a big money
group of men playing soccer in sand area
children playing soccer on a field in a stadium
two women in shorts and white shirt next to rocks on a shore
the ball is laying in front of the person
a man hanging off of a street lamp with a bunch of people standing around in front of it
a kid posing with his hands to their temples
several men wearing blue and red play soccer
a man sitting on a bench next to a tree
"a black and white photo of young men, one holding soccer balls and the other holding plastic gloves"
a little boy kicking a ball through the grass
closeup of a soccer ball on a blue background
"a team photograph of a soccer team, including one player and two players"
a group of boys playing soccer on a field
a woman and a small child sit on some steps
a soccer ball in the grass with the shadow cast on it
the baby is in his bathtub playing with a ball
a group of men kicking around a soccer ball around on a field
a child holding basketball in front of a chain link fence
a person walking along the beach with a soccer ball
a man sits on top of a giant soccer ball
a shiny blue and yellow soccer ball sitting on a white table
a woman holds a child's hand out towards each other
four men in red shirts kicking soccer balls on a field
four boys in red and white uniforms running for the ball
a boy holding a soccer ball and posing for a picture
a baby in white shirt laying with soccer ball
a woman stands on grass watching a large clock at dusk
a soccer ball is in the middle of its display
a toddler in grass with his foot next to a soccer ball
"two balls sitting on the ground, one green and one black"
signed football ball being held by man in white and blue shirt
a child sitting in a vehicle with a small pink soccer ball
an adorable young boy wearing a silly head and big hat
dog is laying down with several balls in its mouth
a dog sitting on the grass with it's nose in a ball
a black dog carrying a ball on it's back
a group of people play a game of soccer on a field
a display in a shop filled with different sized colorful balls
the boys are playing soccer together in the sand
a man in blue uniform kicking around a soccer ball
two guys have blue wings surrounding their ears
orange balls and candles on shelves with lit candles
a red ball covered with an emblem on the front
a soccer ball sitting on top of a green field
a soccer ball is on display in a case
blue soccer ball lying on the ground in grass
a red soccer ball is shown for pictures
soccer balls sitting next to each other on the ground
a boy is playing ball in a grassy field
soccer players and coach walking on grass during daytime
a close up of a soccer ball on grass
girls are playing soccer on a sandy beach
several players on opposing teams are in mid - air soccer
a black and white dog standing next to a blue fire hydrant
there is a male soccer player on the field running
several people playing with their dog in a grassy field
a dog with a collar sitting beside a soccer ball
a person holding up a white soccer ball with red blue and white lines on it
all kinds of decorative balls placed on top of each other
a group of people playing soccer in a grassy field
a young man playing soccer ball in a park
a soccer team is about to start hitting the ball
girl sitting on bench leaning up against wall with soccer ball
a small boy holding a soccer ball and other items
an object that is on the ground with grass
a group of people playing soccer on a grass field
a white ball on top of a green field
a soccer ball is sitting in the tall grass
a ball sits on the grass near a concrete curb
a soccer team posing for a group photo
a young boy with soccer gear sitting on a soccer ball
the girls are playing soccer in their uniforms
an abstract photograph of a soccer ball
a dalmatian dog dressed up as a soccer ball
a group of kids playing soccer in a field
kids playing soccer with each other in the grass
several young men are playing soccer against each other
a small boy with dark hair reaches down for a small soccer ball
an soccer ball made of metal sits on display
a soccer ball on a table close up
a soccer ball that is sitting on a table
a white dog paw is holding a large soccer ball
a soccer ball is on the grass during the day
two young men who are playing a game of soccer
a very pretty soccer ball on display for people to see
a kid stands before two soccer balls in the room
a person sitting on grass with a ball by their legs
a little girl holding a red ball with a mouse
a young child wearing glasses standing in front of a ball on the grass
a dog sitting next to a soccer ball
a pair of shoes next to soccer balls
a young boy who is standing in front of a window
"four photos, one showing three different shots of something upside down in the air, the other of trees with some other objects up around"
"several abandoned soccer balls are scattered on an empty, gray roadway"
two balls sitting on the edge of a field
someone standing on their legs playing a game with a soccer ball
three children play with a large red ball
a child playing with a soccer ball
a black and white image of a soccer ball next to a boot in a grass field
a close up view of a worn soccer ball
yellow soccer ball sitting on the ground of grass
white discs placed on top of each other
a boy with soccer equipment sitting on a small bench
three girls jump to head the ball with each other
boy in orange shirt kicking a soccer ball
a small child sitting on the ground and playing with a ball
"an old, broken golf ball sitting in the grass"
some kids are playing soccer on an open field
the boy is playing with the big ball
two little girls are on the sidewalk at a soccer game
there is an orange and black ball that is on a carpet
the brown dog runs and is holding the soccer ball
a young girl sitting on the ground next to a soccer ball
children in soccer uniforms run along the field
a white ball laying on top of a field filled with grass
three soccer teams are competing in a game
a young boy wearing a baseball cap while holding a soccer ball
a person is kicking a soccer ball around
dog biting at a ball on the ground
a dog holding a ball in his mouth
a woman running through a field with a soccer ball
two young men playing soccer in the field
a man holding a ball in his hands
three women are running in the sand with one woman running
a man and two children are holding some balls on the beach
this is a dog sticking its head inside of a ball that is covered in snow
a large white frisbee with writing all over it
"a woman, a man and a boy on the grass near a soccer ball"
a black and white photo of a woman wearing an adidas soccer ball
some soccer players playing a game of soccer
a blue and white soccer ball on grass at night
two cows that are sitting on top of a soccer ball
a soccer ball on a plain surface with the name of a man
a blue soccer ball with shiny highlights in the pattern
a young boy holding a white soccer ball
a boy with a small soccer kit on his chest walking up a set of steps
four different colored and sized balls in a row on the grass
a young boy holding a soccer ball with one hand
a soccer player is on the ball during a game
two people are playing outside on the grass
an image of a shiny soccer ball on display
an asian boy is playing with a ball in the court
the people are running in the park by himself
a small girl is sitting on a side walk holding a ball
a small child sitting on top of a field next to a soccer ball
person holding up a yellow soccer ball in their hand
there are many people playing tennis in an indoor court
boy floating in water holding up a soccer ball
a group of children playing a game of soccer
a soccer ball near some kind of trees in front of a building
three soccer balls sitting side by side in the dirt
a pair of ball sitting on top of a white and yellow floor
young girls are competing in the competitive soccer game
the boy is holding out his balls for an action photo
"many colored frisbees, sticks and badminton balls on a table"
young woman outside on grass with soccer ball
legs and ankles of a person standing on a soccer ball
a brown and white dog chasing a white ball
a ball on a lawn on a pair of legs
a girl in striped shirt holding two balls
two people are holding something next to a wall
a dog licking at a soccer ball on the ground
an up - side view of the camera with a black area on top
closeup of a soccer ball with the black stripes on it
three men are playing ball outside on a nice day
a man kicking some ball in the grass
a dog taking part in a game of soccer with a ball
silhouette of man in the sky with disc thrown balls
man throwing a ball on top of another person's head during a game
a dog that is playing with a ball in the grass
a giant soccer ball is flying over the park
the white ball is on the field surrounded by grass
men on a field with soccer balls near by
a dog sitting on the ground wearing a red shirt
a black dog is sitting down and holding an empty frisbee
there is a yellow soccer ball that is on the floor
white and blue soccer ball sitting on a sand beach
soccer balls arranged in an artistic pattern on a surface
a young man is wearing blue and white while playing frisbee on the grass
two boys are playing soccer one is in the air and one has an orange and white ball
an old picture shows soccer players standing on their legs
two teams of soccer players in action during a practice session
an individual is doing something and is taking some pics
black dog sitting near a ball outdoors in grass
a white and blue soccer ball sitting in a net
several soccer balls on the grass on a grassy surface
soccer players with shints standing in the grass near a pink ball
a female holding up a ball while wearing a white t - shirt
a photo of a soccer team playing against the goal
an individualized kid sitting down on the ground in front of a ball
the child has a soccer ball in his hands
"two teams of boys playing soccer together, playing the ball"
little kid with a stuffed animal looking at a soccer ball
a soccer ball is on a surface in the dark
an soccer ball sitting on a cement block floor
a group of kids are hugging next to a soccer ball
a black and white dog playing with a soccer ball
a soccer ball sitting in an indoor hallway
a black and white soccer ball on a grassy field
a man holding a little baby while playing with an inflatable duck
"a picture of the legs of a person, standing on a blue ball"
a boy in blue shirt kicking a soccer ball
young girls kick a soccer ball as they wait to compete
a large soccer ball sitting in the sand
two little girls playing soccer on the beach
a group of people on grass playing with soccer ball
a close - up of a lit up soccer ball
a dog with a ball in the yard
a person holding a soccer ball on the ground
several young men playing soccer and kicking a ball
people on a tennis court playing with tennis rackets
a yellow ball in a window with a man's head visible
a person who is holding a tennis racket
a small kitten playing with two soccer balls on grass
the boy is holding three balls in each hand
a close up view of soccer balls on a green grass field
an official soccer ball on the ground with waterproof adhesive
a woman hugging a mans arm at outdoor event
two boys on the grass with soccer balls
two small children playing outside on grass next to a brick building
two people playing soccer on the beach during the day
the coach holds his ball and kisses it on the face
a black dog chewing the tail of a white soccer ball
there is a dog that has fallen asleep on the grass
several soccer players jumping in the air with a ball
a close up of a soccer ball in a room
a soccer ball on some grass looking photo taken by a child
soccer ball sitting on the ground in the grass
a soccer ball sitting on top of the grass
young men play a game of soccer as others look on
the group of young girls are playing a game with a ball in the sand
a worn soccer ball sits in the sand
there is two little kids sitting on a patio with two balls
this is an image of soccer balls on the field
some balls that are on top of a table
a young person playing soccer on a field
the girls are kicking the ball around the soccer field
a group of young men kicking around a soccer ball
a large dog chewing on a stuffed animal
soccer ball buried in snow in middle of snow
a silver ball sitting on top of green blades
two young people are standing by soccer balls
a dog and a ball in the sand
a boy wearing a mask and a green sports shirt with his nose partially closed as he carries a soccer ball
a young child playing with soccer balls in the grass
a man looking out the back window while driving in a car
several soccer players are seen at the goal
the yellow object is attached to the small soccer ball
a young girl is playing with a white ball
a signed ball being held up to by a soccer player
someone standing next to a yellow ball on the grass
a young boy carrying a lot of garbage bags
"the person wears a shorts and socks, with a soccer ball in the background"
the soccer ball is blue and white with black dots
a soccer ball with stripes and the number 5 on it sitting in front of the legs of several players
boy holding soccer ball in front of other children and sitting in chairs
a close up shot of the upper part of the soccer ball
a soccer ball sits in the grass with a patchy patch
several soccer players passing out with their balls
colorful soccer balls lined up against a fence
the dog has a ball and cowboy boots
a boy playing football on a grassy soccer field
a soccer ball sitting inside of a soccer net
a man holding a soccer ball that has black stripes
soccer balls that are being tied up on the ground
a close up of a black and white soccer ball
this is a nice looking soccer ball in the front yard
two black dogs are in the grass with something
a group of girls playing soccer on the field
this is a closeup of a soccer ball on the back of the flag
the baby sitting on the grass playing with a soccer ball
a man with three soccer balls on a platform
blurred blurry photograph of person on beach with ball
a soccer player in a red and white striped shirt kicks the ball
german shepard's playing with two soccer balls
an illuminated football signed to soccer players
a boy plays with a soccer ball in the water
dog sitting on the ground next to a ball with the name'khunru'on it
several people on a field playing a soccer game
someones foot on top of two soccer balls
a man in a yellow jacket holding up some balls
child holding up a soccer ball in the grass
four different balls are sitting on a shelf
three women who are standing on the beach
a soccer ball in front of a brick wall
rows of colorful soccer balls lined up in a display
a stack of assorted ball sitting on top of a field
a close up image of several colored soccer balls
a baby boy holds his father as he holds onto an air ball
several white balls and black and white baseballs are lined up on a line in a garden
a soccer ball in white and black stripes with a logo
"a soccer game is on, and the ball hits the grass"
a girl holding a soccer ball in her hand
people are sitting on benches and playing with a soccer ball
a child and a ball in the yard
there are two pictures of someone playing soccer
two boys in an empty hammock hold up a soccer ball
a group of people are sitting together in chairs
a ball that is on top of a shelf
several people are playing soccer in the field
three young children are playing with soccer balls on the beach
a guy playing with a soccer ball on the grass
young man on soccer field about to kick the ball
four young women playing with an over sized frisbee
the young boy is trying to kick a soccer ball
soccer ball in the middle of the field
a dog that is laying down with a soccer ball
large tires are made to look like soccer balls
two black dogs are playing on grass with balles
a person standing next to a blue ball
a girl plays with an object on a beach
a soccer player wearing blue and white is kicking the ball
boys wearing red and white uniforms running after soccer balls
an unusual clock above the front entrance to a building in the city
soccer goalie's nets sit behind a white rubber ball
a family standing in a sports team uniform
a soccer ball on the grass in the shade
a dog with a large white frisbee walking across a grass covered yard
a dog is carrying a plastic soccer ball in his mouth
the soccer balls are laid on top of the net
an old tire with a soccer ball on it
a man holding a baby holding a white ball and soccer soccer
a group of soccer balls laying on grass with the colors and pattern
a little boy that is standing by a soccer ball
an metallic soccer ball laying on top of the sidewalk
the two teams are playing soccer together in the field
two boys playing soccer together with each other
the black and white soccer ball has white stripes on it
two blue and white balls sit in the middle of the grass
the man is trying to kick the soccer ball
young people kicking balls on the beach at the same time
some young men in grassy field playing with a soccer ball
a soccer ball laying on the ground in front of a goal
a close up of a soccer ball on a metal drain cover
toddler standing in front of a park holding a soccer ball and putting it to its face
the boy is holding the soccer ball he has just played
a soccer player reaching for the ball on a field
young boys in front of an advertisement and a water fountain
a group of young men playing soccer in the rain
there is a white soccer ball on display in the museum
a little boy standing behind a soccer ball
three soccer players are on grass playing and one is running toward the ball
blue and white soccer ball on grassy lawn area
several dogs are playing in an open area with white balls
a close up view of an soccer ball in the goal
a small toddler is sitting on the grass with a soccer ball
the boy dressed in pajamas is playing with the huge soccer ball
a white and blue soccer ball is laying on the ground
a black and white picture of a soccer ball
the small child is holding the toy near his face
a soccer player with one leg on the ground near the ball
a dog has a brown face with white nose and is by a ball on the hardwood floor
a couple of kids playing with a soccer ball in a field
a soccer ball and three balls in different designs
a young boy with his hands around the soccer ball
a soccer ball sitting on top of the grass
a young man is holding a blue football inside his car
"a soccer player moves across the field, to score a goal"
three women are playing soccer on the beach
two soccer balls depicting the logos on different sizes
two young men are standing by a soccer ball on a field
some players are playing soccer on the field
a soccer ball is sitting on a table
a young child holding a soccer ball sitting on a floor
soccer ball with the logo of the club is sitting in a field
two men in soccer uniforms are kicking a ball around
two knitted balls sitting side by side
many children holding up their soccer balls
two dogs running on grass with a ball in their mouth
a black and white dog standing in the grass next to balls
a white soccer ball sitting on top of a wooden stand next to an empty brown sign
the soccer player is on his knees throwing a ball
a boy playing with a soccer ball sitting in the grass
a man kicking a soccer ball on a field with other men watching
a ball sits in a green grassy field
a giant balloon with an unusual design sitting in the air
small soccer ball on the edge of the grass
four colorful soccer balls sitting on a grassy field
man playing soccer in front of a small group of trees
a close up of a soccer ball that is on the ground
three soccer balls that are next to each other
several giant soccer balls sitting on the ground
red sports car being driven down street beside motorcycles
the unique red car has lots of large spokes
three racing cars making their turn around a track
a toy car is shown on a white surface
three golden sports cars lined up in a row
an old racing car that is on display
an image of a car sitting on top of a runway
an orange exotic car parked on a black and white checkered floor
a yellow car parked near a mountain range
an orange supercar drives on a parking lot
this shiny pink car is parked very safely
the reflection of a sports car in its window
a red sports car is parked near other cars
orange sport car with passenger seats on track
a black car painted in silver with chrome accents
a yellow sports car driving down the road
the front of a blue car is on the street
a silver sporty car is parked near glass windows
the car has a lot of different features in it
the red car has a convertible top
there is a racing car that is on display
an aluminum gray sports car parked on the cement
a car driving down the race track during a race
red car with stripes displayed on large display area
a photo of a neon green lambrwo concept sports car
a very nice shiny blue colored car
the rear view of an automobile is shown
an image of a sport car that is red
four cars are shown on display in a garage
a futuristic car displayed in an auto show
a racing car is shown with other cars and it's engine
a three - wheeled racing car drives along the track
a car is shown parked on an empty road with a bright blue sky
a bmw car parked on the road near grass
a model car inside of a glass display case
a modern sports car rides down the racetrack
a white sports car with blue and white stripes
a silver sports car with a black strip on the hood
an image of an automobile with two people inside driving
the back end of a car driving on a road
black sports car in a showroom on display
two red vehicles are lying in the street
a car parked on the sidewalk beside a building
a red sports car sitting at the top of a hill
a very weird looking car parked on a red carpet
red and white sports car parked next to each other
a pregnant woman stands near a car wearing sunglasses and an unusual skirt
a sports car parked on the side of a road
the yellow car is parked on the grass
a yellow car that is sitting in front of a crowd
black and white photograph of cars lined up
a black car has a blue design painted on it's side
a gray sports car driving down a city street
this is a very nice sport car with a chrome hood
a sports car drives around a track
a big red car that is driving on the road
a car driving fast around a track with blurry background
an aerial view of a silver audi coupe driving down a road
the concept car is on display at the show
the front of a grey sedan with white rims
an orange race car parked next to other race cars
a group of cars are parked along side the ocean
a red car driving down the road on its way to a stop sign
there is a yellow sports car driving in the street
this is a blue sports car in the grass
a beautiful red sports car parked by a street
a car with some paint job on it
a blue race car with a dog top on the roof
an image of a very clean red mustang parked
an advertisement with a silver car with lights on it
a large red car sitting in the dark
a close up of an orange mustang car on the road
an suv is shown on display at a show
the front of a red car parked in front of a street
a tan car sitting on top of a street
a very cool looking car parked in a show room
a car parked in front of a building
a silver car is parked in a parking lot
the blue buggy is driving on the road
a yellow car driving around a track next to an orange traffic cone
a car and a car race on a track
a motor racing car on the road
a yellow porsche car parked along side the street
a black sedan is driving on the street
there is a car with different wheels that are both unique
a sports car in blue sitting on white background
a yellow sports car is shown with palm trees in the background
many cars are parked together in the street
a rendering drawing of the new mercedes - benz sports car
a silver colored car parked near an evergreen tree
bright red sports car sits parked next to a fire hydrant
a bright orange colored sports car parked on the road
a close up of a very bright orange sports car
a red car surrounded by other cars on display
an old vintage racing car made out of shiny red paint
closeup view of a car hood and a badge on the side
a close up view of a sports car parked
a delectable car driving along the road during daytime
car turning on racing track with yellow and red side effects
a red sports car parked on the floor
this is a car with a large open hood
red car with four spoke tires in an empty spot
an orange sports car is parked on the side of the road
two cars are parked inside a parking garage
the yellow sports car is parked on the side of the street
a red sports car is shown in the grass
a yellow and white vehicle in a grassy field
the car is parked near a group of people
a car driving in the road in the sunshine
very nice looking yellow sports car with open doors
a yellow sports car sits in the desert
this race car is very fast and looks good
four race cars that have been painted to yellow
a red sports car sits with its hood open
a very bright orange sports car that is parked
this is an original rendering of a futuristic car
a group of people standing next to racing cars
a blue sports car parked in front of a building
the front end of a red car in a parking garage
a silver sports car parked on the road in front of a building
a silver car parked on the street during the day
a silver car traveling along the empty road
a race car with two cars sitting on a track
an old red car sits in front of a stone wall
"a parked vehicle made in metallic tin, with other cars parked nearby"
a car is painted blue with silver striped detail
a silver sports car parked on the side of the road
a bunch of cars and trucks parked on the grass
an orange sports car with its lights on in the road
a car driving down a hill with trees in the background
a car on display near a huge clock
the racing car is equipped with an air vents
there is an individual driving an old car
a sports car parked by an iron fence
a very cute yellow sports car on the street
a close up of many different color cars
a convertible sports car sits in parking lot with a purple sky
car traffic on a road in the fog
"a red, white and black striped sports car parked on the wet ground"
an all round vehicle at an event with an audience
a mustang car that is on display in the showroom
the silver sports car has been driven along a curved road
two cars parked on the side of a road with a clock
a black car driving down the road near a red hillside
"a rendering of a green car, and in the beginning the photo is in an open space"
"a small, red race car driving on a track"
sexy woman in red coverall and boots leaning next to a car
a white and blue ford mustang sitting on top of a white background
the car has number 23 on it
two cars parked next to each other in front of a huge building
white sleek sports car front wheel view on a reflective surface
a very nice silver sports car with its cab
the front of a yellow car with chrome wheels
a very white sports car driving through a tunnel
an image of a mercedes sls car driving down the street
a gray racing car on the track with a number forty7 on it
a white car sitting in front of a black fence
a bright orange car parked in front of other vehicles
an extremely big pretty blue modified car with very many features
a red and white car that is driving down a race track
the new 2013 model of the rolls royce estate sports
the inside of a showroom filled with different types of vehicles
cars are parked near each other near trees
there is a silver convertible driving down the street
a red sports car driving on the highway
a yellow car is in front of a camera
two people standing next to a yellow car
two yellow cars are parked in the middle of an empty parking lot
a car parked on a city street near a white cup in the background
cars parked in a lot filled with passengers
a small number of cars drive through a parade
a picture of the side view of a car
two race car driving on a wet street
the futuristic car is parked in the driveway
an red car with large numbers and matching paint is pictured
three guys in a open area driving a large red race car
a red and white car parked next to other cars
the large white car has black headlights on it's front side
"there are three cars in the showroom and one of them has yellow, red, and blue"
a blue sports car in a blue color background
a ferrari in front with people around it
the woman is posing next to a model car
three men standing on the side of a road while taking pictures of other traffic
three red pontiacs sitting on display in a car museum
a very shiny yellow sports car in a field
a silver car sitting on display in front of a window
a car with a sport stripes painted on the body
a yellow sports car sitting in the grass
a silver colored sports car sitting on the floor
this is an image of a car traveling in a blurry image
large vehicles driving on a race track with a huge crowd watching
cars parked in front of each other with the sun going down
an automobile with racing gear on taking part of a track
the front of the car is shown with its rear lights
an orange sports car sits in the grass
several wheels and seats stacked in a chair like structure
a white sports car sitting in a dark room
the back of a shiny silver sports car with its trunk open
"a silver, sleekly designed car on display at an expo"
"a white, black and silver car on some kind of street"
two cars on a race track one is a grey and the other is black
a number of cars parked in a parking lot
a car is parked next to two smaller cars
two red racing cars parked near one another
a yellow sports car is parked with a lot of tools
"the front view of a sports car in yellow, on display"
a red classic convertible car on street next to grassy field
a futuristic sports car is on display at a convention
a silver sports car driving down a street
"three vehicles in a row, two of them are chromed silver"
this orange sports car is parked outside in an open parking lot
a yellow sports car driving down a mountain road
a group of orange cars sit outside of the building
people in line to get into a racing car
a very nice looking blue supercar on the street
a blue car being displayed at a car show
a close up of a white car parked at night
a very beautiful car being displayed at an auto show
a white porsche sits parked in front of a green field
a silver sports car parked in a room
a classic vintage car sitting on the side of the road
the big red sports car is on display for spectators
a car with a hard top in the open
an electric car is sitting in front of a glass building
sports cars 2000 car manual
a new sleek silver and blue color on a car at a show
this is an exhibition showing the cars on display
a white porsche parked in front of a gray truck
a car driving down a race track during the day
a blue sports car driving down the road at night
a green supercar drives down a street lined with parked cars
a honda car parked on the side of a road
a car being driven on a wet road in the rain
a yellow sports car driving down the road in a town
new york auto show features three concept cars
the black mercedes car is sitting parked on the curb
the all - new red car is seen in front of people
an exotic car in front of a red and red canopy
several people are behind the yellow car as it's on display
two different colored surfboards sit on display behind the same car
"car is parked in the parking lot, some are selling cars"
white car with yellow and black letters
a rear view of a modern car with the windshield turned down
a long row of red parked cars in a street
a very shiny green car sitting on a red floor
two cars parked next to each other in the grass
close up of the front of a sports car
an orange mustang on display at a show
a black and yellow race car is parked beside a silver wall
a white and red sports car driving on dirt road
several cars lined up on grass to sell some
the very interesting white sports car is parked in front of a building
an old fashioned white car parked on the street
the yellow sports car is next to the three parked cars
a black and white racing car is at speed
a silver car is shown in a dark room
a red car driving down a city street
a side by side shot of a silver car
a close up of a small racing car with an emblem on it
a car that is red and white with stripes on it
an older red car sits in a yard
the orange sports car has numbers on it
an image of the front end of a car in a parking lot
a white bugach driving in the desert surrounded by dust
a silver car parked in front of a group of people
a very attractive shiny car on display at a museum
gold and black color scheme on a orange and silver sport car
a racing car driving down a track during the day
an old red sports car parked next to another
a red car driving down a highway by itself
there are many people watching the vehicles on display
the front of an automobile parked on display
"a silver car with chrome stripes, under glass"
a red car that is parked on the street
a car with a hood down next to the ocean
the front view of a large sports car with its doors open
a red car drives down the road as people look on
several people looking inside a sports car with open doors
there is a yellow car driving down the road
a blue convertible driving down a street past a line of parked cars
the front end of a silver car is pictured
an automobile moves along the road surrounded by orange traffic cones
a dog riding in a race car near it's side
a silver sport car driving down a street with trees behind
a white sports car is parked near a wall
the new concept car is in the showroom
a red racing car with its side wheels is driving on the track
the blue car is on display for people
a classic race car driving around the track
a car parked on the side of a highway
two workers inspect a bmw car on display
a red car with white stripes sitting on the side of the road
the red sports car has been parked in front of colorful walls
futuristic vehicle going over bridge in a black and white photo
"three very nice looking cars, some one yellow and two green"
a metallic mercedes cabria is shown against a mountain background
a race car driving along a track on an open racetrack
the yellow sports car is driving down the street
a concept car is on display in front of an audience
a line of racing cars lined up next to each other
a beautiful woman standing next to a convertible car
a silver model car parked in the garage
two people driving a buggy race car around a bend
a very nice looking racing car on a race track
the blue car has all its doors open
a room with four bmw model cars in it
a large number of parked cars on a green field
this red mazda is parked in a showroom
an unusual race car with a strange driver driving
two cars sitting beside each other by a building
people standing near a silver car as it is parked
the new white car is parked on the green floor
a row of fancy yellow cars in different angles
a row of dark colored cars on display on a carpet
red sedan parked inside a building with metal trim
"the small, red car is parked in the road beside some trees"
blue sedan parked in parking space by an intersection
the racer car is decorated to look like it has an umbrella over its head
a close up of a red mustang with white stripes on it
the blue convertible sports car is parked outside of a store
a car sitting on top of a show floor in a convention center
a picture of a car on a road
a car with black and white paint is in the parking lot
a black convertible driving down a street in front of tall trees
an old silver car with the number 50 on it
"an old, antique mercedes convertible is parked by a roadside"
a line of parked red cars in a car yard
a red sports car is driving down the road
the large grey sports car is sitting on the display
a close up of a car on a street
this is a car art work done in photoshop
blue sports car sitting on gravel with people standing around
a blue car parked next to two other cars
a sports car parked inside a building
the yellow and black car is parked in the desert
the blue convertible car is driving around the parking lot
red mustang car driving around a desert like setting
the car with paint designs is parked along the curb
the yellow car is parked near a tree
a red acura car is parked in the parking lot
"orange, well restored, well maintained sporty car"
this museum has many different cars inside of it
a red and white car is sitting outside
the 1965 dodge special racing car takes off on the road
a red car drives down a race track
"two race cars with an upper left and lower right, surrounded by spectators, are parked along the street"
the car is painted like a futuristic white one
three men sitting in open convertible in formation of four roads
a red sports car parked on the side of the road
a car is shown sitting in the middle of a paved area
blue car parked in driveway at residential home
there is a small model of the car
a silver car parked by the side of a road with trees in the background
a bugatti car has an antenna attached to its hood
the yellow sports car is parked beside two other cars
a red sports car sitting on top of a black floor
a shiny metal car sits in the middle of a photo
a pair of people ride on the front of two racing cars
this is a white sports car in the lot
a person with an umbrella on the street near a red car
several sports cars parked on the side of the road
a car that has stopped at a bus stop
"four formula race cars are seen, and the two drivers are driving down the track"
a white sports car parked in front of trees
there is a chrome car with a top down
a shiny red sports car sits in front of a large city
the front end view of a gray futuristic car
a futuristic car that is parked on a parking lot
a blue car is parked next to another vehicle
a red car is parked in a parking lot
one large sports car parked next to some people
a silver car is parked in front of a white house
a futuristic looking grey sports car sitting on top of a lush green field
a red car sits inside a show room
a silver colored car is near other cars
a yellow sports car parked on grass next to a house
a car that is sitting down in the room
a car that is next to the words advanced sports
a car that is under the hood near many other cars
a blue race car driving down the track
a car is on display at an event
a man standing next to a yellow sports car in a parking lot
"red mustang on display at an event, with background and name in white and black"
a crowd of cars parked in a parking lot
two adults in a sports car driving down the street
a blue convertible car is among others on the road
red car on city street next to white car
people are standing around the exhibit of a car show
this is a yellow supercar parked in front of a blue house
a firetruck on the road with a fire and ice race car in front
an old red car is parked in front of a stone wall
a man that is sitting in the back seat of a car
this blue car is driving around a track
an old red fire truck is going around a track
a close up of a blue sports car on the ground
a car showroom with convertible - looking red sports cars
a person is standing beside a silver car
a painting of a car in the middle of desert
a girl in a dress standing next to a car at an event
the sleek red sedan sports very much from the car
the car is very nice and it has people milling around
orange sport car on the street with its hood open
a red sports car is on display during a performance
there is a very shiny silver car on display in this display
an old green convertible parked in the grass on a day with people
an red sports car with chrome rims in traffic
the black sports car has a racer number on it's side
a woman standing next to a parked red car
an interesting silver sports car with two large hoods
a futuristic car parked in a parking lot
the new nissan concept car will be shown in the future car?
a red car parked on the sidewalk in front of a group of people
the sport car is on display as others look at it
two cars that are parked side by side on a race track
"a lego car with red, yellow and black accents"
a car show poster with two classic sports cars
a man leaning on the side of a very sexy red car
the rear of a silver sports car speeding down a road
two vintage race cars driving down the track
a picture of a car that is parked
three race cars driving around a corner
an older car sitting outside in the road
this is an antique car race with two drivers and two buggies
a red car being worked in a garage
two race cars driving around the bend and one on the road
this red car is parked in a parking lot
two female posing near a red sport car
a rendering of the 2013 acht - concept coupe
an old red race car driving by the curb
the racing car has big wheels and drives fast
the yellow race car is sitting on a track
two models are standing next to the car
the new red car is parked next to a large house
the very cool sport car with artistic painting on it
a red car sitting on the road with it's windshield open
"a classic sports car with a hood hood vent, nose and light on,"
there are many people standing near the cars
the car is shiny gold at the museum
a very nice looking bright red sports car on display
a red sports car in parking space next to hedges
a person in a motor bike racing car
a car doing some tricks on a road
four different images of an automatic car that is on display
there is a racing car that has been converted for a race
the front of the car is shiny red
an image of a red car with two open windows on it
mercedes benz slks convertible with a flat tire and three - wheel drive
silver convertibleed car parked in grass area and white building
the black car is parked by the side of the road
an old fashioned black sports car is parked in the driveway
"a vintage red, three - door car with green ivy growing on top"
three sports cars parked side by side next to each other
a red and white sports car on a red and blue background
a large blue car that is driving down a road
the front view of the orange cars with the hood up
"a sports car in orange, with orange stripes"
a man in a grey shirt and a yellow car
a collection of shiny sports cars sit parked in line
a black sports car is parked beside another vehicle
a motor car drives on the race track
a yellow car parked in a garage next to other vehicles
a white car parked next to a brick building
a police car driving on a paved area
the blue car is driving on the road
an older race car with two men standing behind it and one man driving the side of it
a red car parked in front of the eiffel tower
a very big yellow sports car in front of an art installation
this blue sports car is on the display shelves
an orange car is traveling down the street
the car is parked on the dirt road
a car is shown with bright lights on the hood
a sport car with engine installed and hood in
a shiny black sports car is parked with other cars behind
the lambinor is driving through a desert
a racing car driving past a crowd of spectators
a red sports car parked in a line on grass
the blue and black sports car is driving on a road
a race car that has been painted red with numbers
a red car parked behind a large red billboard
a red car is pictured in this image
the car is very similar to the one that was originally built by a driver
the blue concept car looks like a car that is in motion
a silver and black racing car is driving on dirt
several cars are driving on a street near grass
"a red car with two cars on top of it, near orange traffic cones"
three racing cars are lined up beside each other
an image of a sports car going down the track
there is an image of an orange car that has hood up box
a convertible sports car on an open road
a car with decorations sitting in front of a wall
a very colorful looking sports car parked in front of some graffiti
a blue car parked next to another car in front of a sign
a red sports car parked in front of some mirrors
this futuristic car is parked inside a building
a car drives on a track with no wheels
there is a red race car that is on the street
a car that is stuck in the street with people looking on
some red sports cars are in a show
a large white car with a lot of writing on the bumper
a blue lotus six car parked on a black tile floor
the front of a silver sports car parked in the driveway
this is the very best car you can get from the manufacturer
a woman stands next to a woman's dress placed on the hood of a car
a yellow porsche racing car on a track
a vintage car is parked on the grass
"a cartoonized image of an old model car with red, white, and blue stripes"
a group of people that are standing in front of some cars
an unusual looking car sits inside of a showroom
a couple standing next to a car and man on the street
a grey car is parked in front of a gas station
there are many cars parked on a checkered road
the car is orange and black in color
an extreme shiny car parked on a grassy field
two blue sports cars driving on a highway
a white bmw sedan driving down the road
a red sports car in front of some people in a building
red and white automobile is parked beside an outdoor stop light
a bugatth car driving on the highway
a red vehicle that is parked outside on display
the gray car is driving down the street
two men are standing behind the old style cars
a sports car is on display in the showroom
this beautiful bright orange sport car is for sale
two beautiful women posing in front of a blue convertible
two large cars are being displayed in front of some people
a bright red car with the number thirteen78 painted on it
an exotic looking sports car parked inside a building
an old muscle car painted red with striped stripes
yellow convertible with silver wheels parked in parking space
the blue car is parked near a street cafe
a car that is parked inside of a building
a orange racing car moving along a curve in a race
a yellow car speeding down the road with two rear view mirrors on it's sides
people look at an electric car on display
a blue car parked next to another car in the street
a red sports car parked in the parking lot
an orange sports car is parked beside other cars in a lot
a small old fashioned vehicle speeds down a track
two vehicles driving down a city street next to tall buildings
smart car on roadway of metropolitan area during urban activity
two mercedess are racing around on a track
a black sports car that is sitting in the driveway
a red car parked in a parking lot
a car is going down the track in a race
an antique race car is shown at high speed
there is a man standing next to a yellow sports car
a red car sitting on top of a metal structure
a yellow sports car parked in a line
a white car that is parked in a driveway
a red sports car speeding around a street on a track
a silver car is in an otherwise black background
a white and blue race car on a track
"a toy car, which has some parts attached to the doors"
a green car with white numbers driving down a dirt path
a large model of a red sports car in a lot
car is very bright red on display at an outdoor event
a black car with decals parked on the side of a street
this car is painted all different colored and has wheels with stickers around it's tire
a car with two seats on it parked
a very well decorated car with red leather and dashboard
antique cars are on display with men in suits
some red sports cars parked on the side of the road
the yellow car is driving on the road
two silver cars sit parked as people look on
a bright yellow classic car is parked at a gathering
a yellow sports car driving through the street
the red car with the number plate has a sign on it
a white car sitting on a metal floor in front of other cars
this is a picture of the front end of an attractive sports car
a red sports car parked in front of a building
this old time car has green ribbon around its fender
two kids ride in a classic race car in the country
orange supercar parked in front of an assembly line
a car parked in the street is reflecting in a glass windshield
a black sports car with a license plate and lights turned down
orange toy car model with bumpers displayed
a large silver and red automobile car on display
a large red sports car parked in front of a building
a red ferrari parked in a row at a race track
a bugattri looks great on an empty road
the two cars are parked next to each other
"an elaborate car with shiny, large tail lights"
a picture of two exotic sports cars that are a bit bigger than a real one
a orange car parked in a lot with a red roof
a car that is on the display at a show
various colored cars sit parked on the side of the road
"the front end of a orange, red and blue car"
the bugatti cars are displayed in a car show
a car sitting outside with its lights on and the roof down
an elegant car sitting on the street with the front hood up
red sports car with people watching inside
an older model buggy driving on a street
two sports cars with drivers in their seats
this silver vehicle is on display at a show
a blue chevrolet camaro convertible with an open hood driving on a road
a red classic truck traveling along on a street
a white car parked on top of a road in a display
a modified car driving around a race track
a row of yellow sports cars on a race track
an artistic car drives on the road with very motion blurs
indy car lined up under the cables in the auto museum
a red car with a number and the number attached to it
a red carpeted room with several sports cars
"a silver sports car is parked along a street in front of a couple of men standing at the back of the car, wearing blue"
the two men are driving a sports car down the track
a black car driving down the middle of road
a car that is parked on the street
"a racing car on track, ready for the turn"
the driver driving his car on the grass
a man drives an electric car with four wheeled tires
blue car speeds along a track with speed
a man driving a white car up the side of a racing track
a red sports car in the dark with nothing else in sight
a red race car speeds around a racetrack
"an old model car with two people in it, on a track"
a red car driving down a street at night
two vehicles driving on a road under a blue sky
a group of cars that are parked side by side
a red car parked outside in the sunshine
this car has multiple stickers on the front and it has yellow writing
a picture of some cars racing around with a lot of people
an open convertible car parked outside of a building
the cars are lined up in rows on the red carpet
an image of a race car that is driving
old race car speeding down a road
a white car with blue and red letters driving on the street
a car parked in a lot next to a parking lot
a toyota sports car is on display at the auto show
a vintage sporty racing car with no top down
a picture of a yellow car parked outside
spectators look at antique cars parked in an open field
a red car is parked in a lot near some other cars
the car in red is driving around a track
a car in front of other cars on a road
"a purple, low - rider sports car is shown on a street"
a very pretty car on a showroom floor
two smart cars race each other along a highway
a very pretty small red car with a statue on the side
car is white in color
a white convertible car in front of a park
an image of a car in the front and back
yellow sports car parked inside of a building with spectators
an orange sports car in an illustrated photograph
a yellow mustang sports car in front of a studio backdrop
a yellow car parked next to a black fence
a green sports car sitting in the middle of an unfinished building
two men stand in front of a unique red car
a fake yellow sports car is on display
a red car that is sitting on a race track
a rear view of a porsche sports car
a classic car parked on display at a red carpet
two different colored and shiny cars on display
a racing car driving down a dirt road
a grey sports car is parked in front of a fedex truck
red ferrari spy in front of a commercial building
a car parked next to another vehicle with its hood up
a close up view of a red race car
two people standing in front of a white car
a car with a happy birthday sticker on it parked in front of a building
the front end of a silver ford mustang
red car with painted flames parked outside in a parking lot
blue older sports car sitting next to the sea
three cars parked outside each other in front of each other
a toy car on display on the pavement
a car on display with a number plate in front of it
an old race car driving down the road
a black car driving by the trees on a track
a very nice looking red race car sitting on a plain
a blue mercedes sls with hats on top
the car is red and there are only three cars
sportssplay car driving down the street with wheels turning
a woman looking at the top side of an older model car
a car that is parked in front of a glass building
a yellow car parked on a road in front of several people
car with license plate in california on it's windshield
several different cars on the shelf by each other
three sports cars are arranged in a showroom
an orange car is parked in the parking lot
the red convertible car is driving through a grassy field
red sports car with the roof down
silver sports car on a dark background with side view
an image of a black car driving down the track
a racing car being driven through an obstacle course
a car coming across a pole with a car covered in paint
a blue car with the words nedley painted on it
a red sports car parked at a curb
an older - looking red sports car in showroom with open seats
a very interesting looking car parked near a building
the three parked cars have advertisements on them
toy silver sports car displayed in room with dark floor
a couple of race cars in front of an audience
a group of antique race cars on display
"a car is driving on the track, but is blue and white"
an old red vintage car is shown with a background
a silver car is shown with no back lights
an image of a silver race car on display
an old american sports car is on display
an orange sports car parked on the side of a road
a sports car parked on the side of a street
a red car parked in a lot near another one
an old style sports car in red color
a red sports car is on display inside of a building
an ultra modern silver bmw car in front of a building
a man holding up the race trophy while standing next to another man
several racing cars sitting in a garage full of people
the very detailed car is red and shiny
a red sports car driving down the road on a sunny day
a beautiful old - time blue mercedes sitting in front of a crowd of lit trees
the race car is being exhibited by its passenger
red chevrolet z - car parked in grass near two other vehicles
a man driving an older style car in racing
the strange looking sports car is parked along side of the river
a silver car on display at a show
the yellow sports car is on display at an outdoor event
a vintage racing car races down an open race track
a red sports car sits in the middle of the night
a red car is parked outside on the street
a gold colored sports car parked next to a building
a red toy model of a car on white
a red car is parked at an exhibit
a number of cars on a race track
the front grille of a red and white pickup truck
two car race on a track with no other vehicle
an image of back of a yellow race car
three men looking over a race car at a field
a group of people standing around a red sports car
a very long bugatt sports car going down the road
the photographs show all the different type of things
a number of cars at a car show
a computer generated photo of a car with two men in it
a red car that is parked in a driveway
"the shiny, colorful chevrolet zr1 was photographed on track"
this is an older race car next to a pair of cars
the rear view of a silver mercedes clk cabrio
two sports cars lined up in the grass
"a modern concept car, painted white with blue accents"
an automobile with the hood up sitting on a red carpet
a yellow ferrari car in black with a red interior
a blue car parked on the sand near the ocean
car parked on street next to large structure with graffiti
many black and white helmets sitting in a row
a red car parked on display in a room
a small silver race car on display in a shopping center
a red sports car on display at the chinese motor show
a white car driving down a road near trees
two men in an modified car at a car show
a sporty white car parked outside of an office building
two cars on a race track in the city
parked cars under canopy tents at outdoor showroom
the car is being pulled into the course
a race car is driving along a road
an older car with a number on its side sitting next to a fence
a silver corvette car driving down a road
a yellow car parked near a light in a building
two cars are competing with each other on an airstrip
some kind of racing car with stripes on it
the car has numbers on it
a silver sports car has opened the hood for it's vehicles
a group of three racing cars in motion
a black car parked with a reflection in its side windshield
bright red and white sports car sits in front of other cars
orange and orange cars are in front of an elaborate building
a man looking at a car with yellow numbers on it
an old muscle car parked in a parking lot
a blue sports car driving down the road
a yellow racing car drives down a race track
an image of a red sports car with open roof
a big pretty blue car parked beside a street
there is a new convertible sports car in a desert
"a car with no hood, and people behind it in a field"
a couple of people stand in line to get the car
there is a very nice race car with numbers on it
three older fashioned cars at a showroom
a bunch of cars sitting in front of people
a red sports car sitting next to a person with a baseball helmet
"a silver and black car sits in front of large, shiny fans"
red car parked on road next to trees
an image of a sports car driving on the track
a yellow sports car driving behind three green cars
a vintage car is parked in the spotlight
the gold sports car is painted in metallic
the rear end of a very modern car on display
red convertible convertible parked in an empty lot
a silver sports car with an oval door and some white cars
a pink car that is sitting in the parking lot
a guy with big tires riding on a motor bike
a car with open doors that appears to be a bmw
multiple cars make their way up a hill
the yellow sports car is parked next to the desert
there is a large blue car in the trunk of this truck
a man with glasses sits on top of an automobile
the front end of a green car in a garage
a car sits parked on a shiny surface
a car painted in bright pink with a white stripe on it's hood
an extremely shiny black sports car is parked on the side of the street
this is an artistic rendering of the new cars
a row of sports cars sitting in a room
the image shows a unique design that is not suitable for those cars
a row of red cars are shown near each other
a man sitting in the driver's seat of a black sportscar
two people are sitting on the top of a blue sports car on a street
the black car is parked beside the parking lot
a red car parked in front of two smaller vehicles
this is the white and black car in front of the building
"large, red car in a parking lot"
a silver car open with it's front doors wide open
"the large, red sport car is parked near a building"
the red sports car is on display next to other vehicles
an older yellow car is parked in front of a field
this is an image of an orange sports car
people stand near a red sports car with open hoods
an extreme high angle view of a car from above
a car is being displayed in a showroom
a yellow car with black stripes driving down the track
a grey black convertible car in a studio space
model car on white surface on plain background
the red sports car is parked in a garage next to another car
vintage photos show boys standing beside a race car
three pictures of a red car parked in a garage
an older gentleman driving with a number of children in a vehicle
a grey car is displayed in an artistic image
a very blue mustang concept with chrome rims on display at an automobile show
a red sports car with black rims and chrome roof
the car is parked next to the grass
a black sports car is speeding past a red sports car
some fancy exotic cars parked on the side of the street
a picture of a very clean ferrari parked in a garage
a red sports car parked in the driveway
a red sports car on the street in a park
people stand by a classic car that is for sale
woman standing near parked car in show room
this unique looking car looks incredible with an unusual design
a close up of a car on a shiny surface
two men talking at the end of a red car
old style red car parked next to another red car
a silver convertible car is parked in a lot
this is a shiny red sports car with red tires
a red sports car with flat bumpers parked on a reflective surface
a red sports car with white accents on the front driving down a road
"two toy models, one red, the other white and one red"
a red car with a number 76 on it is going down the hill
the car is a blue with two different colors
this a painting of a convertible car on the highway
a blue sports car parked in front of a covered shed
a gray car is going down the road
an antique black car sits in a field with a flag
the black sports car is driving by itself on the racetrack
there is a red convertible car with white stripes
the racing car drives through a race track
an orange and black car is in front of a truck
an orange vehicle on display at a museum
people standing in front of an suv near a building
a group of men standing next to an inside out race car
the bmw is driving through the track with the yellow cab
the red mustang sits on a black reflective surface
a red sporty car driving on the road
a group of race cars that are outside of some tracks
the red and blue car is driving down a track
an old model car is parked in the grass
a car driving down a rural road with two people in it
a row of different colored sports cars parked in grass
"the rear view of a small, modern car"
the front of a car with silver stripes parked in a field
the two identical cars of porsche drive next to each other on the track
a car on the street with american flags and stars on it
the front side of a yellow car parked in a garage
two cars are in a parking lot with people in the background
a fancy red car parked with other classic cars in the background
antique police cars and policemen stand next to old police officers
a very fancy car sits parked next to a red truck
red race car on track with the number 24 on
a group of car parked next to each other on top of a field
a black sports car driving on a street next to a clock tower
the vehicle has been painted black and silver
"a metallic, very nice looking car with rims"
two cars racing down a long track with trees on the horizon
the sports car has black wheels and yellow
some parked cars at a car show
the gray and gold sports car is shown
an empty red car with its door open at the rear gate
a very pretty yellow car with a nice design
white car and orange cones lined in parking lot
a silver sports car sitting on a race track
red alfa convertible parked in front of a blue wall
the silver sports car is parked on the street
a man in an convertible drives down the road
a yellow car on a road with trees in the background
a black race car parked on the street with two red cars in the background
a car is traveling past a body of water
an image of a car in front of a wall
a silver sports car that has red seats
a white sports car is sitting on display
golden convertible car speeding on city road with trees in background
a picture of a super car is shown in a street
"a shiny, chrome and red car is being displayed"
a green convertible car sitting next to several other cars
a blue car with yellow and purple graphics is driving along a track
the front of a mercedes car with its grille and fog haze on
the yellow sports car in this image is very interesting
two cars being driven on the racetrack side by side
a sports car in a driveway with large exhaust
a chrome finish sports car in a showroom
this is an unusual concept car designed for a contest
a silver colored sports car parked outside with red lights
a white car driving on top of a wet road
there is a blue car on display at this convention
a red vehicle sitting in front of a building
a car sitting under a sign at an automobile show
a computer generated photo of a sports car with gold accents
an image of a car and a person working on it
a silver car is parked next to other cars
a close up image of a race car on a track
a close up of the front of a car on display
there are many cars that are in the highway
a mercedes roadster cabriorior is parked on the side of the street
a silver car is reflected in a window
a purple car sitting on top of a floor
"an unusual, futuristic car sits near the buildings"
a car sculpture covered in fluffy white material
the sports car is driving along the highway
a large orange car with a lot of numbers on it
a car that is driving in front of a red umbrella
people admire some different looking cars sitting in a car museum
some race cars and a man are lined up
this is a very nice black sports car
a woman stands next to a black car that's wrapped in a racing sticker
a silver car is shown at a show
a man and woman are watching a couple show off their cars
an open hood car engine on display
race cars sit in line while people look on
a delorex is a movie car that appears to be the same as the delorex
a yellow sports car with headlights that are slightly visible
silver sports car driving on paved roadway during daytime
the red sports car on the road has a hood open
a race car is driving on a street
a very nice looking car on the side of the road
yellow mercedes benz sport car on display inside of a building
"a red, white and black striped sports car sitting on grass"
two cars on a road with grass and trees in the background
a black and silver car driving down a city street
a car sits in a building next to another car
there is an orange car with black stripes in the parking lot
two cars that are next to each other in front of a building
two cars are parked in a spot with cherry blossom
the new concept sports car is designed for children
a red and white four door hatchback car drives on a city street
an old - fashioned blue fire car is going down the road
a red concept car is shown at the 2012 chicago auto show
three cars passing each other down the road
the people are standing around in orange uniforms riding a car
a car is riding down the road with people standing around
there is an antique blue sports car with two people in the back seat
the two vintage racing cars are speeding down the race track
a silver car with black stripe on a race track
two cars with numbers driving on a race track
ferrari badge on the exterior of a car in a parking lot
a gray bmw parked in a show room
there are some men riding around behind a track
an orange mustang muscle car parked on the side of the street
a car speeding down the road with number 19 on the front
the red sportscar driving down the track is fast
there is a white car that is in a garage
a blue and black car on a paved road with green grass
a car sitting in a display room with its door open
the silver bmw convertible has many seats and windows
two cars parked on the side of a road
a racing team is competing on the track
vintage cars are sitting on display in a museum
a drag car speeding along a road while it blurs the image
a green car with a large wheel and some white tires
"red expensive car with window view, from bottom up"
a yellow sports car parked on the street
the silver sports car is parked in front of the wall
the large beetle has four clock on its face
there is a blue and white sports car in the driveway
an odd and odd looking automobile with two men in the background
a two wheeled car sitting on top of a parking lot
a car parked by some sand with a few people inside
a person in a very large racing car with red trim
two racing cars with numbers for ten and number 71 on them are on a track
a rear view of a black mustang with red bows
a very cool looking car on some grass near some people
a large vehicle with its doors open on display
a red sports car drives down a road in the desert
vintage racer racing a vintage black car on the track
a yellow and green car on a race track
a silver car with a lot of head lights on
a red race car with flames all over it
two people sit behind the wheel of an expensive car
a person sitting on top of a truck with a dress
the new all white car is on display at the show
an automobile is transported off the truck by another vehicle
an image of a sports car parked in the street
the red car is driving in a fast tunnel
a vintage blue car driving along the road
an orange car parked on the road in front of some cars
two different cars that are parked very close to each other
a large orange car on a road in the sun
a bright red sport car parked in a garage
the rear end of a car that has its hood open
a orange car parked on a black background
"blue sports car parked in garage, surrounded by spare accessories"
a cars next to each other is on the road
a car parked in front of a building with flowers on it
many cars on a race track lined up
people standing next to vehicles with them in an open area
the car on display at an auto show is red
an automobile parked inside a car showroom
an older model race car with a flat top in blue
the grey vehicle is covered with black ink
a close up of a silver sports car on a road
the drawing of the red sports car is easy to draw
old time style car on street near trees
an assortment of cars are shown behind the show counter
the front end of a very pretty looking car in traffic
a toy car on display with other toys in the background
yellow sports car driving down road in the daytime
a fancy car driving down a street with two horse drawn carriages
the white car is sitting on the ground inside
an old purple sports car parked on top of a rain covered field
"three different designs of the same car, from front, to back, for four dimensional models and two of which features chrome paint"
this is a photo of a car and yellow
a very small sport vehicle parked outside an office building
the car is painted blue and is driven by a woman
"a car is shown, with the license plate license plate added"
a small red car parked on the inside of a room
the rear end of a red porsche 911
the rear end of a yellow sports car
black car parked on a driveway next to water with trees
a silver muscle car with red light on the hood
a white car parked beside a traffic light
this is what looks like an automobile racing car
the drag cars in front of the track have stopped for drivers to observe
a car has several wheels with numbers on it
a photograph of a blue modified car driving on display
"a yellow, sport car sits in the parking lot"
an orange sports car with chrome rims is seen here
a room filled with cars that look like cars are on display
a very shiny gray sports car parked in front of a building
a sports car is driving along a tropical road
a modified car displayed at the museum to look like it is racing
the orange mustang sits on display in a showroom
the car is painted orange and sits on the street
the car is parked under one of the lights in front
a woman standing next to a car with its hood down
a car on display in a building surrounded by ceilings
a man walks past the front end of a blue mustang
a silver car parked on the side of the road
a blue sports car on a city street
a racing car is on display in a case
there is a bright yellow car in the green grass
a grey colored convertible parked on top of cobbled stones
a toy truck with orange rims is parked behind a barrier
"two cars race down a straight, hilly racetrack"
"a gray, luxury car that's parked in a studio"
a shiny silver car parked on top of a track
a racing vehicle with the number one toto
"a car with several similar cars parked outside, beside it"
some men on the front of an old car
this is a silver car parked by a house
a closeup of a super car with lights on
a man wearing a raincoat standing next to a car
the racing car is driving on the track in turn 6
people looking at a silver car on a conveyor belt
a close up of a gold sports car on the street
a silver car is parked in front of a wall
some traffic cones are around a large group of cars
a bugatt is parked outside of a building
the red car is parked in front of a reflective surface
silver sports car parked in a tiled room
a city street view from a car window
several classic cars lined up at the car show
the front end of a black mercedes cla convertible parked
red sports car parked in a parking lot next to trees
"the front of a blue, white, and black sports car"
a red sports car sitting on the street
a large sports car on display inside of a building
the back of an abstract drawing of a silver car
a car that is driving down a road at night
a car sitting in the street with two on board top
a white car sitting on top of a white tile covered floor
the sports car is white in color
a car on display at an event or show
people standing near a vintage car sitting on some grass
a yellow sports car with the hood raised
the car is parked next to some people
a car that is driving down a road
"a blue car parked in grass, behind it it has its headlights turned"
this concept rear end features a futuristic design
a car is parked on the street behind some trees
a black luxury sports car driving on a road
a red sports car sits on the street in traffic
a yellow car sitting on the ground with clouds in the background
a car is on display in an upscale building
a red classic car and some vehicles in traffic
"a silver, audi car sitting parked near some buildings"
a red and blue car is parked on the street
the new jaguar car is being displayed at an event
a sleek sports car parked in front of a brick wall
red sports car parked in street next to motorcycle rider
a blue car parked on the street near bushes
a shiny blue car on display in front of people
an orange colored vehicle parked in a parking lot
a modern car with chrome trim on display
a red sports car viewed from above the photo
a large blue car parked on a street
red sports car with black wheels and white wheels parked
three cars on the track going by
car parked near another with a design painted on the side
a yellow car drives down the road near other cars
a bright yellow sports car that's been pulled over
a red car is sitting on display
several cars in front of a wall in a showroom
a yellow car parked on the side of a road
the large yellow sports car sits in front of the wall
an older blue porsche with a matching roof
two men standing on the hood of a race car
men stand by the convertible as they look at an image of a man in a suit and tie
a race car is shown with a lot of other decorations
red car on display at showroom during day
an electric car in a gray background
red sports car parked in parking lot with many moored boats
an old convertible parked in front of a door of an older building
cars racing on the track during a race
there is a black and white car on display
a red car with several men standing behind it
a red sports car driving on the road
a green vintage car is parked in the grass
a close up of a very small sports car
a race car driving on the road with no wheels and a helmet on
the white car is driving through the orange cones
a black sports car that is parked on the road
there are two cars in the same parking lot
the front cover of a nintendo game car
an artistic photo shows a detailed look at a sports car
a burgundy supercar driving down the road
two orange cars with the windshield removed
a close - up photo of the front part of a blue sports car
an old fashioned car being driven on the back of a vintage pickup
man driving car around curve in large open area
a car with no hood is parked in a garage
the rear end of the car is shown in this picture
a group of people around an extremely sleek car in front of a line
an old yellow colored sports car parked near some trees
an back to the future era vehicle on its side
two formula racing cars are on a track
this is an image of a corvette sports car
"an green, racing car sits on the road"
the shiny red vehicle has shiny silver accents
the bright yellow sports car is parked outside a brick building
this is a red car in a room with other things
a bmw cab is driving down the street
the silver porsche sports car has a red seat and top down
a yellow sports car sitting in the spotlight
the blue car in front is parked at an auto show
a model of a sports car on a black background
the red corvette is parked in front of other people
a white car with the headlights off sitting by some bushes
a red ford mustang parked with a white and blue striped wall
people sitting on cars in a grassy area
an image of a car in the street
a red car is parked on a grassy lawn
a white car is shown from the front
an old car with numbers on it parked in the grass
the blue car is parked inside of a covered area
an old school colorful race car driving down a race track
a red car that has a bunch of exhaust tubes on it
an aerial view of a sports car parked on a street
there is a large orange sports car driving down the road
a white car parked on the side of the road
a white convertible with black top driving down a road
a gold sports car sits in a big area
a car with different stripes on the side driving down the street
sports cars by jf sports marketing for sales
a metallic lamb car parked near a crowd of people
orange car parked in front of steps with stairs behind it
a red sports car parked on the side of the street
a sports car parked in the parking lot
a car sits parked next to a road barrier
a vintage racing car sits parked on display
a new concept car is shown in an undrecopied rendering
old cars sit in dirt near a field
the silver masera on display at show
an old race car with striped white and blue stripes
a sport car is driving around a track
an automobile that has turned sideways to drive
a car on a track with advertising on its sides
a car with shiny paint parked in a parking lot
cars parked in line with other items on them
a woman poses in front of a model's sports car
the car is parked in the showroom for people to see
a red car parked on top of a street next to tall buildings
cars in a line driving on a racing track
the sports car in the grass is silver
an automobile sitting on a car show ground
"the porsche sports car, driving on a race track"
people driving down a street by the building
a man driving a car around the turn line at a race
yellow lambera is sitting on display at an exhibit
this car is displayed at the tokyo auto show
"car driving on roadway, rear end, looking towards beach"
there is an older style of blue car on this parade
the front of an old silver sports car
this sports car is very fast and has the number 30 painted on it
a man sitting on a bench looking at a car display
a car is shown in the middle of a studio shot
a close up of the hood and grills on an automobile
an amazing white mercedes sports car is parked on the street
an old - style race car speeds along the track with the number
red sports car driving on the side of the road
a car that has a engine under it
three very different colored cars parked side by side
an all silver sports car parked in a room
a close up of a car with the number 27
two racing cars with no riders pass each other on a track
a toy sports car in an open room
several race cars on display in a building
a group of cars racing on a race track
the car in yellow is parked on the ground
man and woman smiling next to a bugatt with balloons in front of it
a yellow sports car sits in a line at an auto show
"four cars in a parking area, some in the background"
four buggies are lined up in a row
the people are standing beside of the red sports car
a car that is parked with a white background
the front of the new yellow muscle car
a car going down the road in a race
a green sports car is on the road
a sports car parked next to other cars outside a building
an animation version of the beetle car model
red sports car on display at display at store
a car that is gold with two windows and a black top
many different kinds of convertible and convertible cars
a car that is parked on some concrete
a red sports car is driving on the road
an older car painted to resemble a bmw on the road
the car in the parking lot is red
a woman standing in front of an orange and black car
a silver car sitting on top of a wooden table
the silver car is driving down the road
a car with a race stripe painted on it is parked on the road
a red race car on the side of the road in the city
an old red race car on a street track
the car is involved by a truck in an accident
the car has two seats on it as a large windshield is shown
sports cars are lined up by the track
the car is going down the race track
the green sports car has been painted to look like it is racing
a yellow car on display with a red carpet behind it
a close - up of a car with the hood on
the yellow sports car is front end view
a car parked in front of a building
a racing car turning a corner on the racetrack
green sports car on grassy field near clouds
this is a rendering of a sports car
a red car sitting in front of a store
the interior of an automobile showing its hood and engine
the front and side of a silver and black car
many drawings of cars in color and shapes
a person standing on top of a parked cars
a racing car in motion by itself with the number twenty on the side
a red sports car with the hood open
cars lined up in a row on a race track
the front view of a sports car painted in black and green
an electric car driving down the road
a white and blue race car driving down a road
two different views of a car in one picture and another in another photo
"a large, yellow sports car is shown in the shadow"
the cars is yellow with chrome wheels and a black roof
this is an image of a racing car at a track
a painting of three guys standing behind a formula formula car
a large black car is on display at a show
a porsche coupe with silver paint is parked
"a close up view of a very shiny, sporty looking car"
many people gathered around cars sitting in the sand
a blue porsche car is on display for a photo shoot
an older man walking toward a sports car with chrome
a red racing car sitting outside of a blue tent
a red car has a broken hood and some kind of paint
this chevrolet corvette is going to be a topless car
red sports car is parked by the wall
the driver's car sits in a pit near two men
an image of a model mustang car in a black and white photo
"a silver sports car, front view, on grey background"
the car is parked by some very cute cars
two cars with designs racing near each other
there are two cars that are parked near each other
the gold sports car was spotted for sale at car dealers
a silver sports car parked and some wheels
an orange colored sports car on display at an automobile show
yellow sports car sits parked on a city street
a red police car sitting in a parking lot
a car racing with an advertisement on its side
cars sitting in the center of a turn during race on a track
a red car that is in a very big garage
an antique style car speeding by on a track
a sleek gray futuristic car with bright red led lights
a car that is on the beach next to the water
an elegant car is seen from the front end
a classic ford mustang car is shown from above
a semi truck parked under a building in the middle of a street
a truck is driving down the road with other semi trucks around
the truck is traveling on the road along the highway
a two flatbed trucks are carrying advertising for his company
a large tank sitting next to a truck that's parked on the road
a truck is parked in front of a building
two towers that appear to be made with metal
a semi truck on an open lot with snow in the foreground
a truck pulling a trailer down a street in front of tall buildings
a large transport truck in the middle of road
a white semi truck is driving down the road
"a red tractor trailer is decorated with bright, orange flames"
an alaska trucking association trailer parked in the city
white flatbed truck on street under power lines
a semi truck parked in front of some trees
a number of semi truck hauling a cargo liner on a highway
an extremely decorated flatbed truck on the road
a brightly painted truck drives down the street
a blue truck parked on the side of a parking lot
a red truck parked by a small building
black and white photograph of a truck at a building
the semi truck is traveling down the paved road
a truck with three people parked behind it
a big red semi truck traveling down the road
the large yellow and red bus is parked on the grass
a semi - trailer being driven on an empty lot
blue semi trucks sitting in a lot next to each other
a big rig truck parked in the field
a semi truck is going down the road
a white truck is traveling on the road
the toys have been moved by the truck
large amount of logs sitting in front of the truck and sign
a close up view of the front of a large transport truck
a row of trucks with red paint on them
a big blue semi truck is parked at a light
a semi truck driving down the road in the day
a big truck with two large flat - beds parked next to it
a couple of people standing on an ocean
the truck is going down the street with it's trailer
the tractor trailer is full of different colors
a green semi - truck with a white trailer is in a parking lot
a big truck hauling two giant baskets and a large building
a semi truck hauling a large tanker at sunset
a toy truck is painted white and yellow
two men unloading a large truck full of furniture
there are people and large trucks in the lot
a big bright colored semi truck with the sun on it
this is an image of a yellow truck with ladders on it
semi truck pulling red tanker on track at gas station
a two white semi trucks are parked along the highway
a truck parked at a loading dock on concrete
the cab of the tractor - trailer truck is pulled over to its destination
cars and truck on the road in between two bridge's
"a large, yellow semi truck with a black front window"
three trucks are lined up behind each other
a truck has two large tires on it
a large semi truck parked next to a multi - car
a large red semi - truck traveling down a road
a semi truck parked in a parking lot
a truck driving on a road in the fog
there are two men standing in front of a big truck
an aerial view of some trucks in traffic
this is an image of a semi - truck pulling a trailer
a semi truck with four trailer trailers and large machinery behind
a semi truck and two men in the back
a man standing next to a semi truck
a large semi truck hauls a load through the road
a yellow semi truck with logs behind it on the road
a truck is shown driving across the road
a truck traveling on the highway with mountains in the background
two trucks passing on the street at high speeds
a freeway and traffic with a city in the background
a very large red semi truck that is parked
black and white photo of large trucks in a row
a semi truck with chrome skin on it
red vintage looking vehicle driving next to container semi
cars are parked in the lot of a car dealership
a big truck that has tires and is on a trailer
a fedex truck drives on a city street
"a large, white semi - truck carrying a large load"
the semi truck with no trailer is white and brown
a truck parked next to a field and a building
the truck is hauling the trailer and carrying it along
a truck is going along the road near a red tractor trailer
a big semi truck drives in the middle of nowhere
a tractor trailer sitting next to two large trucks
"three semi trucks are hauling a large, metal tank"
a tractor trailer semi truck and it's lights
a group of security officers on the side of a street near cars and buildings
a truck with white and red paint is parked
a semi truck with large containers in the back
a truck parked at a gas station with a metal tanker
the woman is standing next to the large blue truck
there is a orange semi truck with a large trailer attached to it
a large white semi truck riding down the road
two men walk down the street with truck and cars
some logs on the flatbed of a truck
a large semi truck driving past a group of trees
a large truck truck made out of red material
two semi trucks parked side by side on the street
white delivery truck with red lettering driving down a snowy road
a truck is involved in collision near its damaged tires
a toy model of an orange and white truck
the front of a truck parked at a stop sign
a white and maroon semi truck driving down a road
"a truck loaded with huge, semi tires is parked at an event"
a red semi - truck on a city street
two semi trucks and a tractor trailer at dusk
a truck traveling down the road on a cloudy day
the back end of a large semi truck driving down a road
a large semi truck with white and black tires
the blue painted truck is stopped in front of a crowd
semi trucks parked side by side in a warehouse
a semi truck sitting parked in a parking lot
a toy coca - cola truck with christmas ornaments and chicken
a large semi truck with a trailer on it's back
a semi truck is parked next to a road
a semi truck driving down a highway under cloudy skies
a semi with blue cab and white trailer and men in front
semi truck in front of house
a large red semi truck is driving down the road
three toy trucks are lined up in order to be auction bought
the two men are standing next to a large gas truck
an eighteen wheeler truck with a large load attached to the side
an eighteen wheeler truck pulling a trailer behind it
there is a green and white truck that has people in it
truck show - tractor trailer roads reserved from official visitors
a large truck driving down a city street
people walking towards the back of a truck with a man on it
a big truck parked in front of a building
a large truck that is parked on the side of the street
a semi trailer truck driving down a highway
this is an old black and white photo of a tractor trailer truck
the large truck is parked in the dirt
two photographs are of semi truck cabs side by side
the semis are lined up with semi trailers behind it
a semi truck with a load hauling several large containers
semi truck with a massive pipeline on the front
a three - tiered truck riding down an empty road
a large semi truck with an american flag decoration on the front
a tractor truck that is driving down the highway
the truck is parked out in a parking lot
two large semi trucks are parked on the side of the road
a purple semi - truck parked outside of a building
a large semi truck traveling down a road next to a forest
a road with a bunch of traffic stopped on the side
a blue semi truck with a unique paint job
a large red truck is on the road
this is an image of a truck traveling by
a large orange truck with a big trailer sitting behind it
green and white semi truck with gas tank on flatbed truck
a semi truck is traveling down the grassy hill
semi truck with american flag trailer body painted on its side
a large red truck parked in front of some tall buildings
the semi trailer trailer is parked at a parking lot
the back side of a semi truck is on the road
a blue and gray semi truck with a white truck trailer
the green tractor trailer is being worked on
a truck with all the front bumper bars down a dirt road
the view from the top of a red double decker bus
a lego truck in front of a house
a truck is being towed down the street
a black and white truck carrying a semi
a big truck that is driving down the road
a white semi with a new mexico ad on the side
a large red caboose truck parked on a city street
two trucks and trailer being driven on the road
several trucks and tankers stopped in line on a road
a black and orange semi - truck cab sits on the white floor
a pink and purple toy truck driving down a street
this toy truck is very bright blue with white and red stripes
the tractor is driving on the back of the big rig
a big rig semi cab on a residential street
a large semi truck with a painted logo
this is a black semi truck with the hood on
a semi truck has the words roadless and sees for the front of the trailer
a semi truck traveling down the road
a large truck parked in front of a building
this big truck has silver painted on the sides
a very big white truck is on a road
a yellow truck is on the road in front of a warehouse building
a semi truck is parked in an empty lot
a picture of the semi - truck on the road
the view from the side of a large trailer
a tractor trailer being attached to the side of a semi truck
"the large, long train has caught fire as it burns down on the road"
the large truck has many windows on the flatbed
a semi truck with an art work is hauling a trailer
a truck with a large mirror on it
the back side of a truck that is driving down a road
the truck is going down the tracks on a cloudy day
a very big semi truck with an over head display
a bus with many small cars in the street
"a large industrial building with a fuel truck, two tanks and a clock on the top of it"
a tractor trailer parked on a trailer truck
a black dump truck with several tires next to it
a red flatbed trailer truck hauling equipment
there are many trucks and trucks in the snow
a semi truck with a semi trailer attached to it
a truck filled with a massive red stack of boxes
a silver truck is parked outside a building
two trucks are parked next to each other
two semi - trucks with no trailers parked in a lot
an old truck sits parked against the side of a wall
a semi truck is traveling down the street
a large truck pulling into a parking lot in front of a store
a truck is passing by some buildings on the street
a truck with two rear wheels on the side
large truck traveling on a street in a sunny day
a semi truck is parked beside the water towers
silver semi truck parked in front of other trailers
two large trucks stand against an orange container
"a red, white, and silver tractor trailer truck on the road"
the large semi truck is loaded with plants
the truck is on the road and the other is pulling it
there are many vehicles on the highway during the day
a long cab semi truck in a parking lot
a semi trailer truck carrying a loaded piece of sandwich on the back
the two vehicles have been loaded in each other's carts
a man standing next to the wreck of a green and white truck
large semi with a trailer on the back
an orange semi parked at an airport terminal
a semi with a flat bed trailer sits outside near a grain storage
a semi is carrying machinery equipment in the parking lot
many cars line the street as a truck passes by
a large semi truck driving down a road
a red semi truck with yellow lettering is on the road
a big purple truck with signs on its back
a semi truck is on the road and approaching the yellow line
a blue semi truck driving along side of a mountain
an eighteen wheeler truck hauling an extra load
yellow cab of semitrailer truck with large trailer
a close up of the front of a red semi truck
there is a semi truck that is painted multicolored
reflection on a large truck in the front window
a semi truck with its doors opened to show the interior
blue semi truck rides down a road near a grass field
"a semi truck on a snowy road, with trees around"
people standing beside the truck on display
this white truck is parked next to a gas station
the u s interstate interstate signage shows the route 53
the huge red truck is driving down the road
truck on the road with another truck parked in front of it
the big rig is painted on the side of the semi truck
the side of a semi truck drives in front of some other trucks
a semi - truck drives over logs in a field
there is an odd shape of truck and a bus
a group of white trucks parked next to each other
a truck coming out of the tunnel with a person driving down the road
two identical sides of a semi - trailer for the company's business
two semi trucks driving down the highway with trees
a large truck on the side of the road
the large brown semi truck drives down the road
"a semi truck travels down a snowy, landscape"
the back end of a miniature train car
the truck is blue in color and has light grey paint on its face
a big red and yellow truck driving along a road
an empty semi truck traveling down the highway
a white freight truck on a clear day
a truck in blue and white driving along side a building
the semi trucks are hauling a load
there is a very large truck with many things on it
a trailer is parked outside of a building
two identical semi trucks with trailers parked next to each other
there is an interesting design on the back of this truck
large classic car with lights all around it
large semi truck in front of a building
a big truck traveling down an empty road
trees line the hillside of this mountain side landscape
"a tractor show display sign in an orange, white and black case"
a silver semi truck driving down a street
a blue truck has a small toy airplane on the trailer
the vehicle is designed out of legos
a tractor trailer parked next to another trailer
a window with large windows surrounding a lot of blue machinery
two large truck trailers on the road
the semi truck has yellow flames painted on it's tail
the trucks have lifted the truck up into the ground
the semi truck has a big loader trailer and lights
the front of a semi truck parked on a street
a truck with one side of its trailer open and the other being an all red semi - trailer
a long row of black cars lined up on the side of the road
truck on a highway with red triangle crossing
large white semi truck parked in a lot
two people walking next to an express freight truck
a large truck has a large semi truck
a red and white truck rides down the road
a green and white eighteen wheeler truck driving in front of a building
a model train is on display with other toy trucks
large flat bed trailer in a large field
a red semi truck is shown on the street
a group of people standing in the street holding bags
semi truck driving down the road carrying large equipment
a white semi truck stopped on the side of the road
an aerial photo shows the remains of their large overturned trailer
trucks and trailers on display outside in the yard
a semi - truck traveling on a road next to a road lined with buildings
a semi is driving down a foggy road
the pepsi truck has a huge pepsi logo on the side of it
"several tires piled up, onto the back of a truck"
a red and white semi truck in the street
a flatbed truck has its brake guards folded and parked in close quarters
a model car of a large semi - truck with the wheels off
large semi truck parked in a lot with no passengers
woman talking on cell phone near line of parked cars
a large red and white flat bed trailer truck
a large white truck parked in a parking lot
"a dump truck, with two large construction equipment on the back"
blue semi trailer truck on a sunny day
three red trucks are parked near one another
two cars are on the back of an enormous truck
a yellow truck with a black back seat sitting next to trees
a big truck without the wheel and no front tires
there is a yellow semi truck parked on the road
large trucks sit parked in parking lot on a sunny day
workers are loading boxes on top of equipment
semi trucks driving down the highway in motion
a large semi carrying an old model truck
a big white semi truck in front of a building
a red trailer is moving through a field
a yellow truck that is parked on the street
a person with a black hat stands by a big black truck
a big rig truck has its headlights down
a field of yellow grass by a train pulling it on a cloudy day
the crash happened on the side of the road
the semi truck is carrying materials on its track
truck moving down highway with traffic passing by on grass and power lines in background
a truck on a empty highway near the mountains
a semi truck and some toy animals on the tarmac in rainy weather
the front of a semi - truck on the road
a tow truck on the street next to a house
the white and black truck is parked in front of the building
two pink and white trailers in front of an rv park
a yellow car trailer with lots of cars on it's flatbeds
a large semi truck parked on top of a parking lot
a large truck is driving down a snowy road
the front grille of an old red truck
a large semi is parked on the side of the road
a big truck is parked near piles of logs in the woods
multiple trucks are on the interstate with hills in the background
a cargo truck is on the road in front of a fence
a large red trailer truck going down the street
a long red coca - cola truck parked in a parking lot
a train car is being loaded on top of other trucks
big red tanker parked along the side of the road
a row of trucks parked against a wall outside a building
a photo of a very large truck with a bud soft logo on the front
closeup of a truck trailer on the road in front of a skyscraper
a truck is parked outside at night with headlights on
three large commercial buses lined up on a track
white semi truck is parked in a parking lot
the front end of two semi trucks parked in a lot
white truck with orange stripes is being towed by a trailer
large semi truck parked in a parking lot during the day
a fire truck wrecks the trailer of its carrier in a driveway
the truck drives down a road at dusk
a man standing by a truck trailer parked in the parking lot
white tractor trailer parked in front of an empty building
the truck is driving down the city street
a shiny red truck with a grill in the front
a big rig truck is traveling down the highway in the night
a semi truck that is sitting in the parking lot
four cement trucks that are parked on the side of the road
a white tractor trailer parked in front of a storage center
a very large red semi truck parked in a parking spot
the semi truck has been painted red
a large semi truck trailer parked on a city street
a large white truck on street next to stairs
two semi trucks driving on a city road
cars driving down a highway in the daytime
a large semi truck with the hood off is on a highway
the big truck is hauling a large load
a semi - truck rides up the road in a lot
a trailer parked in a field with no other equipment
an empty truck parked in a parking lot
a white truck on a road next to a bush
there are several emergency cars and police officers directing traffic
a big rig hauling a semi truck in the road
"an old truck with two people and a bus bed with a side car door,"
trucks in a parking lot beside banners and white tents
there is a blue truck parked on the street
an icy water river next to a big truck at night
a man standing in front of a large trailer truck
a truck that has been decorated with some designs on the side
a big semi truck that is hauling some boxes
a big yellow semi truck with two men standing at the cab
a large white cargo truck parked near some trees
a large semi truck with cargo on the back of it's flatbed
the large truck is painted black with yellow on its paint job
a truck is shown parked in the snow
red semi truck driving down the highway in front of a hill
a picture of some metal bolts on some sort of structure
a blue semi truck and trailer with a bridge over it
one is a train and the other is on a bridge over the water
the large white semi truck is driving on the street
the front end of a semi truck driving down a road
airliner landing on a runway in the middle of a parking lot
the car that had the engine is missing
a close up of a stereo with buttons and a trees
truck transporting several cars stacked up close at night
a truck has its trailer on the street by trees
two female dancers on stage standing near an exhibit
the logo of the fed - fi company is shown on the side of a truck
a black and white photo of a large truck on a road
a bunch of traffic traveling under a bridge
a tractor trailer is loaded with various heavy machinery
the rear lights of trucks are glowing red in the evening on an interstate road
a semi truck sitting in a field with the back turned to red
a large semi truck driving down a road next to a tree
blue and white truck parked near an airport
the truck is moving along on the road
a semi truck with a covered trailer in the back driving down a city street
this truck has been pulled over because of the icy weather
a white semi truck sitting on the side of the road
"a large, colorfully decorated double - decker bus parked in front of a group of buses"
two large red semi trucks driving on the road
a bunch of semi truck cabs sitting upside down in the yard
a large semi truck in a parking lot
two large semi trucks carrying a grain hauler
a white semi truck and an orange semitruck
a yellow semi truck driving down a street
the tractor trailer has all sides painted in white and blue colors
a photo of a large white semi - truck
a large truck with three trailer attached to the front
two people are standing on the roof of a car
a close up of a truck on a road near a car
an automated freight trailer truck parked in an empty lot
the reflection of a semi truck in its glass paint
three trucks sitting on the side of a street
a semi truck is parked on the side of the road
several blue and white buses with some trees in the background
a tractor trailer has two tractors attached to it
white semi truck parked near other semi trucks
a tractor trailer truck parked near other semi trucks
the big truck is decorated in vivid designs
a semi truck with trailers crosses a bridge on a city street
a long line of semi trucks parked in a line
a big truck is in the road during the day
a yellow semi truck driving down the road
a blue semi truck parked in a parking lot
two guys walking away from the broken semi truck
the side of a truck that sells blooming plant bulbs
yellow and red dump trucks lined up in formation
a big truck on the road waiting to board
a white semi truck that is parked next to a curb
a semi truck parked on the side of the road near some trees
train is at sun set next to power poles
an artistic display of people in blue and black outfits and one is carrying the same kind of object
a man without a shirt is standing on the back of the truck
a big white rig carrying a semi at an airport
a truck parked in a parking lot with the doors open
a large truck parked along the side of the street
a large semi is parked in front of a hangar
a photo of several men in front of a truck
the truck is driving down the road behind traffic cones
a semi truck with a very large trailer is parked on the street
a train car that is on the side of the road
the green truck is hauling a large trailer
the reflection of traffic in the back of the truck
there are trucks driving down this freeway with traffic
the trailer is holding the trailer off of its side
two large semi trucks driving in a street with a crowd
a big green semi truck has a painted eagle on the front and side
a white truck parked on top of a parking lot
a truck with trailer advertising for cattleysville casssket
a big white semi truck on the side of the road
people walking down the street past a big train on the bridge
a large truck is parked in a lot
a blue semi is driving down the road
a semi truck driving around a curve on a road
a large semi truck hauls wooden lumber along the road
a semi truck with many lights is on display
the back of two vehicles on the road is visible from afar
a very large trash truck has its wheels on the ground
a motorcycle and several blue semis parked along the curb
the green truck is parked on the pavement
"three commercial trucks in a row, one with a van"
a white semi is shown being transported in the snow
the large truck has many flags on it's tail
a red truck is parked in a parking lot
a large plume of smoke billowing out from the side of a road
four trucks are lined up outside a city
a view from the outside the car of some buildings and vehicles outside
the big rig has a blue body and chrome
three trucks traveling along on highway in the middle of winter
very long surfboard boat with the windows cracked
some trucks with an opened rear fender and a large blowup on the back
a red semi truck sitting next to a loading area
large truck with a black cab and red trailer
a tractor trailer truck driving on the road
black and red truck parked outside with dark gray clouds
a big black semi truck with semi trucks behind it
large semi cab with rear lights on is driving down the street
large rig rig truck hauling multiple large equipment
four different vehicles in the parking lot
a truck has several smaller trailers and trucks
a semi trailer truck with white cab in the day
a large semi - truck on a street in front of a construction vehicle
a large truck with a white trailer going through a straight road
a big red brick building sitting behind a truck
a large truck is waiting at the rail yard
the white truck is in a parking lot
semi truck driving on an empty highway towards the setting sun
truck cab parked in front of residential building with trees
a blue and white truck in a parking lot
semi truck transporting oil down the country side
two red trucks parked near each other in front of a building
a blue semi trailer that says laguarde with white lights on the front
a tractor trailer tanker driving on a highway near a forest
a large truck has been painted dark blue
semi trailer driving down a street near the forest
a man standing next to a large truck in front of a building
a large semi truck with a painted side view
three white semi trucks are parked side by side
a fuel truck parked at an outdoor gas station
the snow in front of many stores is covered with snow
a red semi truck is seen sitting in front of the crane
semi truck cab with lights on it is driving down the highway
the back of a big truck with a large trailer
the truck was parked in front of the building and parked in front of its owner
trucks are driving at night as the sun sets
people in front of a building that is falling off
two white semi trucks driving down a city street
two big trucks are going down the road together
a man sits next to a train wreck with it's side flipped down
a long haul truck has five large yellow trucks attached to it
two double decker trucks driving next to a building
a silver semi truck cab parked on the road
a red semi with advertising on the trailer
a red truck is parked on the road outside
a white semi truck parked near some trucks
a very big rig truck at the airport
large trucks driving down a road with signs on the side of the road
many orange trucks are parked in rows on the dirt
a tractor pulling a vehicle while standing next to an overturned trailer
man standing near a green and white tanker
large piles of tires and drums stacked on top of each other
the semi truck is being driven down the highway
this is an old truck and its parts
a tractor has been flipped down on its wheels
three dump trucks on the road with no sides cut off
the side of an almost tanker with a banner on it
there is a large red semi truck parked on the street
a truck with orange and black stripes sits on a dusty lot
a group of men standing next to each other in front of a tractor trailer
there is a reflection of cars in the glass at the front of the vehicle park
a black truck on street next to trees
the yellow truck is on the road in motion
a red semi truck driving along on the street
this semi truck is painted like an israeli flag
a purple semi truck parked next to other vehicles
a truck that reads kirindered on it
a red trailer truck drives down a highway
a semi truck that is sitting next to a trailer
a big truck hauling a white and black tanker
a big rig truck drives in the street
semi trailer in red with coca cola on it
big rig tanker truck parked on the road with a green car
two trucks traveling down a muddy path by trees
an eighteen wheeler truck pulling along on a track
the large truck is driving along with the smaller semi
the back of a truck with a yellow trailer and orange lights on it
the eighteen wheeler truck drives in line with other semis
a semi - truck driving down a road in an empty field
a semi truck hauling cargo in the country
a large cement truck in a parking lot
the large semi is parked in the lot at night
an all store truck parking lot with many different cars in the yard
some trucks trucks and men in fluorescent vests
four trucks are stacked together and some have a white and blue top
a group of trucks parked next to each other
semi truck parked on highway in heavy fog
some people on horses are standing near the side of a highway
several people and some luggage standing in front of a large airplane
a white truck parked in a lot with a lot of cars parked on the ground
a yellow truck on the road with a blue sky background
a semi truck is parked in the parking lot
two men in jackets are inside a truck door
a white semi truck with an eagle on it's side
a large semi - truck with a semi parked on the street
the red semi truck has a massive pipe on the rear
a truck drives down the street with its trailer
"the large truck is blue, white and black"
this is a very big semi truck parked in front of the building
a red semi truck traveling down the road
a truck that has the logo of beer store
a large silver tanker in front of a silver one
a big rig trailer pulling a semi tractor behind
an image of cars driving on the highway in heavy snow
a semi - truck is parked next to a highway
"a large, white and blue ad for british express on a long bus"
the truck is moving down the road behind the white truck
a truck with a car painted on the side of it
a large red truck next to a building
some blue and yellow trucks are parked next to each other
semi trucks are parked in a parking lot
an semi truck is carrying heavy machinery across the wheat fields
a large rig truck is parked behind a wire fence
a truck is driving down the road at night
the tractor like truck is driving down the road
a semi truck carrying two cars on it's back
a semi truck hauling a trailer for delivery
a large truck being used for the work in progress
two trucks that are parked in a lot
the back of a large semi truck with two sidecars facing away
a large semi truck drives down the street
three semis are parked in front of each other on the same long line
a truck with two cabs parked on a road
the semi truck is driving down the road
the black cab trailer has a dumpster attached
a large tanker truck at the airport
a big truck parked near the street with two trailers
an image of a semi truck on the road
the front of a big truck cab
the yellow truck is pulling the trailer with an odd car
the front end of a semi truck parked in front of a building
an art work truck driving down the road in traffic
a large red truck going down a freeway
the two trucks are driving down the highway
a semi truck driving on a road surrounded by trees
the semi truck is parked beside other trailers
truck parked next to large warehouse building in city
the trailer for a red truck drives along the road
large semi truck driving down the road next to dry grass
blue semi truck with black cab parked on the street
a truck that is white and yellow with a blue sky on the side
a truck with a large trailer is parked in the snow
a guy is standing in front of the cars on the trailer
a truck riding along a street with large tire tires
the tractor trailer on the trailer is large and has two large tires
a line up of tractor trailers with orange traileres
the large black truck is parked in front of the building
a big truck with the lights on parked next to a fence at night
a semi truck moving down the middle of a highway
the big silver semi truck is parked in a parking lot
"an interstate route in texas, with trucks passing"
trucks with trailers on their sides traveling along the side of a road
the semi truck has an orange painted design on it
there is a semi with an attached trailer
a black and white image of a truck parked in front of a building
four big blue trucks with stars painted on them
a semi truck is parked in the parking lot
a train is on tracks as it travels
the side view of a semi truck in front of rows of trucks
two industrial vehicles parked in front of building
many large trucks sit on a busy road
the back of a truck with lots of pipes attached to it
two people stand on a truck with cargo
mack truck sitting in a parking lot with other trucks parked
the large truck is driving on the freeway
a large blue steel truck parked next to a bunch of trees
many cars on the side of a road with several stacked up large containers attached to a truck
a big red truck is parked in the grass
a big truck is traveling down a road by trees
the truck is painted all different colors and is riding down the road
a big semi truck trailer with the words hby written on it
the yellow and blue truck carries a trailer with two trailers
there is a red tractor - trailer that is going down the road
a large white truck parked next to a red car
a brightly colored semi truck drives along the road
the back end of an american truck on the street
a truck driving down the street covered in snow
a group of large semis parked on a city street
a coke truck parked in front of a building
a semi truck parked in front of a business
two large blue trucks are driving on the street
some kind of big tube type device on top of some shelves
an automobile is being driven down a long line
an all white semi truck hauls cargo while parked at a station
a truck cab with blue engine covers and yellow trim
a red truck that is in the street
three large towers on a farm near a road
a semi is driving in an empty lot
a red fire truck with red railing around its tires
the semi - truck trailers carrying a load sits in the evening
a large bus sits at a station with several onlookers
the truck is blue and has metal rims
there is a semi truck driving on the road
the truck cabs are painted with people on them
this is a close - up view of the headlights on this blue semi truck
the trailer is driving on a road with a crane on it
a large truck parked on the street with people in it
a semi truck driving down the road at night
this looks like a commercial truck with two people looking in it
the back of a semi truck with a fire painted tire cover
a large trailer truck carrying a large load is in a parking space
a big semi with an advertising truck behind it
a large white truck with flat tire
a white and yellow semi - truck driving on the road
a dump truck with a damaged front parked on a gravel parking lot
this is a large red semi trailer
there is an orange tractor trailer on the road with two car on the tow - truck
three white cab truck sections stacked on top of each other
there is a truck carrying supplies and an animal on it coming down the road
a truck parked by an empty highway in the desert
a green semi parked next to a forest
a view of an amusement park ride with the cab down
"a trailer is parked beside the road, on the road"
a large truck is driving along the road
"a blue, red and white semi truck"
three semi trucks are side by side in the grass
the large truck is parked beside an industrial complex
an electric train on the tracks with the door open
yellow truck driving on the road with a yellow trailer behind it
a truck is parked in the shade of a clear sky
a semitrailer cab drives on its trailer in this video
a semi - truck driving along the street with its lights turned on
truck traveling along empty highway in daylight
the tractor trailer is parked on a road
large red and white semi truck driving on road
the white semi truck is parked outdoors
cars drive on the highway along with grass and weeds
the front of a large semi truck hauling cars on the road
a man and a young lady stand next to an old truck
a large truck parked along side a building
a photo of the front and side of a large truck in dark
three people on top of a large semi truck
the big rig is a heavy truck with a huge trailer
large trucks are painted blue and orange with shiny chrome accents
a large green trash truck with a trailer
many semi trucks are lined up together in a row
a man poses in front of a large vehicle with a pile of snow on it
the truck has a giant trailer driving in it
a semi truck with the word fedex on it
a large semi truck hauling several trailers in a traffic jam
a large haul truck carrying a trailer down a road
a couple of trucks parked next to each other in front of a truck
the large brown tanker truck is parked on a road
a tractor trailer with tires in the bed and a sign posted on one end of the front
a group of trucks are parked on the side of the road in the winter
a close up of the window of a truck
a man talking on a cell phone while driving a large truck
blue semi truck hauling a trailer behind it
a red semi truck parked in a lot
two yellow trailer semi trucks driving down the road
a truck driving down the highway next to the beach
large orange semi truck driving down a country side
this is a truck driver's moving trailer in an industrial setting
some people are near the fence looking at an rv
closeup of the side of a silver tour bus
a semi truck drives near some buildings on a sunny day
the semi truck has red and white painted on it
a very cute toy style coca - cola truck with a big rig
"a dirty road, with mud covered in the back ground and two semis behind it"
the big truck is parked on a lot
truck pulling trailer on street during sunny day
a green semi truck driving down a street with some people
a toy truck with a semi - trailer and trailer on the back
a large blue truck is parked on the side of a road
the large bus is red with writing on the side
the semi truck is yellow and is driving by the mountains
there is a red truck with a picture of a burger
a truck parked in a parking lot on a cloudy day
the front end of a red and black semi truck
a truck parked outside of a building under the sign
two farm equipment parked in the mud
there is a truck driving down the road
a semi hauling some cargo down a highway
a semi truck on the road with a trailer behind it
the flatbed truck has yellow lights on the side
a semi with some large and large coca - cola signs on it's side
white truck with red and green trailer driving on the highway
red semi truck on an empty road in a city
red semi truck on roadway with trees in background
orange semi truck parked outside near large orange loading equipment
a shiny black semi truck parked on the grass
an advertisement on the back of a semi truck
a red semi truck driving down the road
a white semi truck hauling a trailer on the road
the tractor trailer is parked next to an unfinished bus
a man running by a truck that has pulled over
"a red, yellow and white semi truck driving down a road"
large red semi - truck with trailer cabs is driving down a paved road
two trucks on the road in front of their load
a big truck truck with its grilles and grills painted yellow
a parked van in the road next to a large truck
a large truck with advertising on it traveling on the road
a large white truck parked near a building
a blue and white semi truck parked in a field
the tow truck is loaded with some black cattle
the back of a semi truck in a parking lot
a modern semi - trailer with chrome trim and bumper is driving down a city street
an old truck is shown in this vintage photo
a red farm truck parked on the side of a dirt road
two large trucks on a road under a cloudy sky
two trucks are facing one another in traffic
a semi - truck and other automobiles are driving along the road
semi truck driving along the road with an upclose of clouds in the background
the rear of a truck that is moving down a dirt road
a large cement truck next to a busy street
semi truck traveling down road in front of partly cloudy sky
the image shows a car driving on a highway
a semi truck driving past other white vehicles
a big flatbed truck with a machine mounted to the back
eighteen wheeler trucks parked in their lane in a green pasture
a man walking past a truck in the snow
white truck driving on highway in rural area
there is a large truck in the road
a semi truck travels down the empty road
the trucks are driving beside each other on the road
an extra trailer truck is carrying a load of large tires
a semi - truck is going down the road near some bare trees
the back of a red semi truck is seen
a blue semi truck driving on a highway
a semi truck with a semi cab rides past the st louis arch
a photo of a semi - truck driving on the road
a couple of trucks parked next to each other
a semi truck goes under a huge pile of coal
large semi truck travelling on road next to trees
"truck, with trailer, decorated, large and smaller objects on it"
a large white truck on a road with a blue sky
a red semi truck driving down the street
a semi truck driving through the desert
this is a large truck in the dirt
the truck trailer is full of beers that are ready to go
the truck is traveling through a desert in the daytime
the semi is hauling a flatbed truck down the highway
a semi trucks with an extra cab driving down the road
a red semi trailer truck driving down the highway
a truck that is next to the road
the front end of the semi truck with an american flag on it
the truck has a long bed while the trailer is in the road
the large truck has two cabs on it's sides
large semi truck with sleek bright red and glossy chrome tires
a person is hugging the other side of a large white truck
"three trucks parked near each other under a dark, ominous sky"
two white trucks driving down the road in front of mountains
truck model made from the back of a white semi - trailer
a semi trailer truck carrying several cars down the road
this is a picture of a large white truck
a large truck with trailering lines parked on the highway
the red truck on the highway drives past another red truck on the road
a tractor trailer drives along on a rural highway
a red and silver semi truck parked at a gas station
a semitrailer in the united states is carrying two trailers
two large trucks next to each other
a semi - truck hauling another flatbed on it's side
white semi truck driving down a highway next to trees
an image of a very big truck driving down the street
a coca cola truck decorated for a christmas party
a silver fire truck parked on the side of a street
three identical blue and red painted trucks on the road
a group of traffic on the freeway near many vehicles
the front end of a white truck parked in a parking lot
a number of eighteen wheeler trucks on a road
a semi truck on the street near an airplane
a truck and tractor hauls across a grassy field
the tractor trailer is towing the two men
there is a large white truck that is traveling down the road
a semi painted in a blue and white color scheme
white semi truck passing by other vehicles on road
a road with a tanker and semi - truck in the road under storm clouds
a semi truck driving through an open field with the sun setting
a big truck is parked in front of a grassy field
a truck driving down the highway in a rural area
a very nice semi truck on a road near a cliff
a long flatbed semi truck driving on the road
a semi truck on a highway in the middle of nowhere
a white semi truck is traveling down the road
a big truck is driving past the fairgrounds
a semi truck driving down a rain soaked road
a semi truck that is driving down a road
two trucks on the road and two on the cars
the side of a white and red delivery truck in a parking lot
a yellow and red semi truck driving down the road
large truck moving along the highway in traffic cones
a large semi - truck parked next to a building
semi truck hauling empty flatbed trailer with open doors
an image of a big rig truck parked in a parking lot
a semi truck driving down the road with people watching
a semi truck is parked in the middle of nowhere
a truck driving down the road with blue cab
two orange semi trucks traveling down the road
an old truck that is driving down the road
the large truck on the highway has two doors
a large flat bed truck is driving down the street
a large semi truck driving down the road in the middle of nowhere
a black truck has very large tires with flat - rims
the large tractor trailer truck is pulling into a checkpoint
a green semi - trailer with a white trailer trailer parked next to a blue and red bus
a large truck moves down the highway under a cloudy sky
red volvo benz semi - truck travels on an empty highway
a red tractor trailer with a white trailer
a semi - trailer truck that is driving down a road
train and cars on the track in an outdoor area
a group of semi trucks that are parked in the grass
several model tanks sitting beside each other on a shelf
an eighteen wheeler truck driving alongside a shipping container
a white truck driving down a street past a hill
a big truck moving on the road in a clear sky day
white semi truck with a yellow and black star sign on the side of it's trailer
an advertising truck on the road in front of a stop light
a white tractor truck sitting in front of a yellow and green sign
a semi truck with swift's trailer driving across a road
a semi - truck with a custom cab and a big rig
two men on large trucks near each other
a tractor trailer truck is traveling down the highway
an orange semi truck with a trailer on its back
an semi truck hauling two trailers is painted to match their color scheme
a blue truck parked in the front of a loading bay
taxi cabs parked near trailer on roadway
a truck driving on a road near an airport
a large transport truck driving on the road
a large blue truck parked by a grass field
the painted semi truck with a big sheet has a giant truck decal on it
a truck drives along a winding road between mountain ranges
the truck trailer has something on the trailer and lights in blue and red
two men standing next to a large truck
a large semi truck with its trailer sitting in the street
horse riders leading a large semi truck down the street
many semi trucks parked next to each other
a large truck drives down the road near a gate
the truck is carrying extra trailers to the next destination
a red sky with clouds and an empty bench
a semi truck traveling on a paved highway
semi driving on the road with vehicles behind
a red semi truck parked next to a wind turbine
a mural depicting a big burger is displayed behind the mcdonald's
large white truck with a flat bed on it
large truck with bright headlights in front of some snow covered trees
"large, orange, tractor trailer truck traveling in the country"
trucks on top of a bridge are passing each other
a large blue semi truck with an oval banner
the cab and trailer have been painted all different styles
man in blue shirt holding a folder outside a dark colored semi truck
a bunch of men standing by a big truck
a semi truck on road with grass and trees
a big yellow truck sits near some grass and trees
a trailer with a wind turbine in the background
a silver semi truck on the street with lots of trees in the background
a truck is on the street in the rain
a semi truck driving down the road through an industrial zone
a big rig truck driving down the street
a semi truck moves along a winding road
there is a big semi truck that is blue in the day
a semi truck has an american flag trailer on it
an orange and yellow semi truck driving down the road
front grille and lights on the headlight of a parked truck
truck with semi truck trailer parked next to it on dirt
a truck is traveling down the highway
large semi truck in front of an auto racing track
a yellow truck parked next to a white truck
the semi truck is driving down the road
red truck and canadian flag on street with water
a wallmart truck going along the road in the desert
a white semi truck hauling two large objects
a semi truck parked in a parking lot with other trucks
a large red coca cola flat bed truck parked on the street
a large white transport vehicle driving on a country road
the red truck has red lights on it's cab
this is a picture of a semi truck with the sign highway safety sasac
a blue semi truck with large equipment parked
the truck has a plolinono on it's side
a big rig tractor truck with chrome steel headlights in traffic
a green truck parked in a lot next to trees
the large truck is parked close to another vehicle
a semi truck is shown with the name lane
a truck drives along the road with an orange traffic light
two brightly painted trucks are parked in a green yard
a semi driving down a desert road with a sky background
a boxy haul truck sits parked in the middle of a large pasture
"a semi - truck in an empty lot, parked"
a tractor trailer parked in the middle of a road
a semi truck is parked next to a building
some people standing on the back of a tractor trailer
two models of the same truck next to each other
the truck is driving down the empty road
a semi truck with it's trailer open
a semi truck hauling a load on a road
three yellow and black trucks parked next to each other
a tow truck carrying logs on it's back
a large truck parked near some trees with the front lights turned on
a delivery truck parked next to an apartment building
some eighteen wheeler trucks are parked by a warehouse
big rig semi in the middle of nowhere
this is an old yellow dump truck on the street
a big semi trailer for transporting and storing supplies
the semi trucks are parked and waiting for service
a semi truck driving down the road with trees in the background
a big truck is parked in front of a warehouse
the truck is pulling a trailer with large flat beds
a delivery truck is traveling on a highway
a semi truck is parked in a parking lot
large semi truck driving down the highway
a large white semi is parked on the street
a blue truck sitting next to a large house
an eighteen wheeler truck sits parked near a building
an old semi - truck carrying heavy equipment from the past
a large yellow truck is moving along the road
a semi - truck driving down the road in front of a wooded area
a red tractor trailer on a dirt parking lot
a big truck that is sitting in the street
a train that is driving down the track
a semi truck on a street with no one around
a red semi truck that is driving down the road
the large truck has many stickers all over it
a green tractor trailer is going down the road
a green and white semi with an advertisement
a semi - truck driving on a highway under the blue sky
a large truck driving down the road with a semi cab attached to it
a truck with a wooden trailer on the road
a semi moving on the road next to another semi
a large truck has a lift on top
the side view of a semi truck traveling down a country road
cars wait at a light near a truck and car on the road
a large semi truck parked near an airport
a very large semi trailer truck driving down the road
a red and blue truck traveling down the highway
a blue semi truck parked next to a store
a semi with an orange shirt stands by other people
the large truck is white with some black accents
a red semi truck with a white trailer and red cab
two blue semi truck on highway with water and rocky background
a big white truck going down the street
a white big rig truck driving in a parking lot
tractor trailer truck carrying a load in a field
trucks are covered in snow in the winter
two moving trucks move along a street in the mountains
the picture was taken in two different shots
the front end of a large truck
three fed ex trucks traveling down a highway in the desert
a semi truck on the highway near large cranes
an eighteen wheeler is parked in a parking space next to the cargo wall
two men working together on the cab of a large white truck
an aerial view of a semi truck with trailer
a truck driving down a street next to trees
trucks sit parked next to each other on a paved street
an empty semi trailer truck in a parking lot
a semi truck with trailer next to the tracks
the truck is waiting in front of the mountains
the large truck is in the dirt on a sunny day
two semi trucks drive down a highway by the woods
two green and white railroad train cars driving on green grass
the large truck is parked on the grass
a white semi truck parked outside of a large building
the chromed front of a truck is seen in this photo
the front view of a truck that is on the road
a row of semi trucks in a parking lot
a semi truck with a bright blue tail is riding down the street
several red and white semi truck cabs and two trees
an empty white semi with pink cows wrapped in pink tape
a truck driving along a country road
a semi - truck drives past a building
a blue semi truck with some semi trucks behind it
two semi trucks are driving down the road
a big rig truck is parked in front of a building
a semi truck is traveling down the road
a big truck that is being driven down the road
a dump truck hauling some boxes in the desert
a truck driving down a street next to trucks
a red semi truck is parked in a lot
a semi truck riding on a long highway
a picture of a truck parked next to trees
tanker semi trucks lined up on the side of the road
a white semi truck driving down a street
"two truck trailers are parked near a large, rocky mountain"
a semi truck driving past a large white truck
a large semi - trailer truck parked on the side of the road
a large semi truck traveling down the road in front of an approaching car
a large semi truck parked next to another semi truck
a delivery truck on a long highway that is next to some trees
an older truck with passengers is parked on concrete
the side of a semi with a logo for the company and a brick building behind it
a line of delivery trucks sit on the side of a rural road
the large semitruck is carrying a trailer full of supplies
large semi truck driving down a roadway under a blue and white sky
a semi truck drives in front of the other truck
a camping trailer parked near two others on a field
the rear end of a semi truck is on a highway
a large black tour bus parked outside with its wheels on
three semi trucks moving on a road during the day
a flat bed truck traveling down snow covered road
two trailers are seen driving by some trees
a semi truck parked next to a train
the two trucks are white in color on this road
semi trucks with trailers on road against cloudy sky
a tractor trailer truck drives on the road
a truck with red lettering on it driving down the highway
red semi truck driving down a highway under blue sky
a red truck and trailer sit in the middle of a street
"three semi trucks on a highway, with grass along the side of each truck"
there is a long semi truck on the road
a semi truck hauling semis on the road
a semi truck hauling several packages with large containers
a blue semi truck with large trailer on roadway
a truck with multiple design screens on the front
a tractor trailer truck parked beside a field
a very big orange truck on a freeway
a grey semi truck traveling down a road
several blue trucks sit parked in the parking lot
large semi trucks parked along side each other
a large blue semi truck driving down the road
two semis are being towed by some big trucks
a semi truck hauling two large semi trucks in a green field
a red and black truck sitting on the highway
two truck trailers and orange cones beside a construction work area
tractor trailer with tractor trailer in rural area
a big truck is parked in front of a building
green truck parked in a parking lot near a row of other trucks
"two small semi trucks, one yellow and one red"
a large tanker sitting in an empty road
a red peter valentine semi truck parked on the street
"the large truck has its hood off, and rear end turned"
semi truck hauling a cargo trailer on a country road
cars are passing over a bridge near a river
"a truck on the highway on a clear, sunny day"
a truck hauling heavy cargo going through the desert
a delivery truck painted in bright colors drives in an empty lot
a white truck is traveling down a highway
a semi truck driving down a road on a sunny day
a truck drives alongside another truck in the road
a red and white semi truck on road next to grass
a large white semi cab sits in a parking lot
an american express truck and a wind turbine
blue cab on green semi truck with men standing in front
the front end of a train car with pipes on it
the large semi truck is painted in a red and white color scheme
a red truck driving past another semi truck in a field
an image of a truck with a red ad on the back
"the back of a truck has a large, metal cab"
semi trucks driving down the road through a desert landscape
the truck is parked outside of a warehouse
a large dump truck driving on top of a dirt road
there is an interesting advertisement on the back of a truck
a eighteen - wheeler truck hauling an extra sized trailer
two trucks driving past each other on a street
three trucks driving next to each other across a desert
"trucks traveling down the road, parked between trees"
the truck is white and green and has black tires
a green cargo truck driving down a street
"two toy model trucks, one blue and one yellow"
two women are standing near the front of a truck
a black and white picture of a semi truck trailer
trucks are parked next to each other on a lot
a truck carrying other trucks is stopped in a lot
a large white semi truck driving down the road under a blue sky
a big truck pulling a very large trailer
a big truck is travelling on the road
a semi truck traveling past lush green trees
the big rigs are lined up for shipping
a truck on the side of the road with clouds above
trucks drive along a country road in the desert
the back end of a semi truck on a highway
a white truck travels on the highway in front of a car
the large red truck has many details all over the front
a semi truck driving on highway near land
two trucks are on the road one is blue and one is white
a white semi truck parked on the side of a road
large trucks driving across a dirt road next to the ocean
a semi - trailer truck on the highway with a mountainside view in the distance
a truck that is traveling down an empty road
a man is sitting in front of a semi truck
a truck is parked in front of a home
large delivery truck moving along an open highway
an eighteen wheeler with cab down driving on a road
a large truck carrying something behind it on a flatbed
large semi truck that says doughnuts with a gold rim
two men are standing in front of a truck
a blue semi truck driving along an arid road
white semi truck traveling on highway in rural setting
a long line of trucks are in the desert
three blue trucks parked at a port of the day
a red semi truck traveling on the road through some desert
a semi truck that has chromeed tires is parked
large semi truck with tanker attached parked on paved area
two trucks on the road with a red sign in the background
a big rig truck traveling along a road with a blue trailer car behind it
a large truck transporting a massive fuel truck
two semi trucks parked in side by side on a road
there is a yellow truck with many trucks around it
cars and trucks travelling down the road at night
a long train traveling down a track next to mountains
a big semi truck drives along an empty road
the truck has coca - cola on the side
a big rig trailer truck on a road
a yellow and yellow truck parked on a road
a big rig hauling a bunch of large boxes
"a truck is painted green and red, with the letters f in front of the truck"
a semi truck hauling a trailer behind it in front of a large crane
a large truck drives down the road next to a wind tower
a number of workers standing around near a semi - truck
a train car that is sitting in front of some buildings
a semi truck is heading down the highway with another truck in the background
"the side of a truck carrying a red, white and blue transport wagon"
a truck driving down the highway next to the forest
a semi truck sits on the side of the road
a train pulling up to another rail road as it is rolled over
an orange transport truck sitting next to a tree
semi truck on street next to trees with building in background
a flatbed trailer carries a large red boxcar
a truck with a logo on it driving down the road
a row of orange trucks is parked in a lot
several train containers are stacked on top of a truck
a red and white semi driving down the street
the large semi is parked in an indoor area
a large semi truck moves down a country road
a tractor trailer trailer is parked in an empty lot
a picture of a truck driving down the highway
several eighteen wheelers lined up on a road
a red truck sits parked on the side of a road
a big tractor hauling cars for transporting large trucks
cars and trucks crash on road in fog
the back of the trailer is grey and silver
a semi truck is traveling on the highway
a large semi truck driving on the highway
a white semi truck is traveling through an empty road
a semi truck driving on the road near a white building
the semi truck is parked for the next customer ride
a truck driving down the road in front of some mountains
large tanks sitting on flatbed traileres at an army base
a car behind a semi truck in the middle of street
a semi truck hauls a huge load of vehicles
a white truck has its cab on a large road
a yellow sign in the air on a windy highway
two trucks and one van are traveling down a country road
there are two trucks standing next to each other
three large trucks parked in front of an industrial facility
black and white photograph of a truck driving down a highway
a tractor truck driving on an empty highway
the large truck hauling two full trailers drives on the road
a truck parked in the winter next to a yellow cone
a wal and mart semi truck in a field
a big truck that has several cars on it
two semi trucks travel on a wide open desert highway
several trucks on the highway moving though the countryside
three people standing near the cab of a tractor trailer in front of a train
the cab of a white truck parked near a large building
the red extra trailer is parked on a paved surface
a long pile of big logs next to a road
a large truck parked on the side of the road
a white and beige cargo truck on a blue sky
a semi with a trailer and cab parked on top of the road
a semi truck on a highway in the country side
semi trucks driving along road in desert area
a truck driving through an open field
the cars in the convoy travel down the highway
two trucks are traveling on the highway
a white truck and a yellow truck on a road
an old truck sitting parked outside of a building
the race car is painted bright blue with stripes and flames
the burned down car is parked near a truck
a white semi with a big black roll truck on it
a huge black truck driving past a pile of sand
the large semi trailer truck has multiple exhaust pipes on it
a semi truck is parked on the side of the road
a blue semi truck is parked outside near a trailer of other trucks
a blue yellow truck is riding by a wooded road
a white tow truck on a road in the middle of the day
semi truck pulling cargo down the road
a big truck is traveling down the road
two large trucks parked side by side with people standing around
two white semi trailers driving down a street
"the truck has its own large trailer with a large, flatbed, and removable bed"
some trucks sitting in the middle of the road
several cargo trucks in a big city next to a sidewalk
a very large green truck is pictured with some people
this black truck is carrying the trailer for transport
a yellow vintage bus sitting on top of grass
a semi cab truck parked near several cargo containers
trucks moving along side a road with a snowy hill in the background
a group of people standing in front of a truck
the delivery truck is carrying a load of cargo
a truck with an odd design painted on the front of it
a semi truck is driving on the road
a truck with many different types of transport trailers
a semi parked along a street with other trucks on top
this truck has a large front window
a large bus driving down a highway on a cloudy day
an eighteen wheeler truck in a parking lot
a large transport truck is moving on the street
two fire trucks parked at an airport near each other
the large red fire truck is near a house
two trucks sitting side by side on the road
the model truck is blue and has a bottle with a man on it
two eighteen wheeler trucks with blue barrels on the street
a motor home traveling down a road on a dry highway
a big red and white truck driving along the road
two men dressed in yellow and black walking towards some trucks
a large red truck carrying a dozen cocacolatti bottles
two men are in front of the big truck
an extremely detailed car of some sort
"a red tanker trailer has large, red and black semi trailer attached"
there is a very big red transport truck parked in the grass
a truck parked with some large hoses next to it
a truck that is outside of a terminal
a red and green truck parked on the side of a street
there is a black and red truck with the same paint scheme
a white truck towing a red cab behind it
two new zealand trucks are lined up for the parade
a rusty green car with a small bird above the grill
a big rig truck is parked on a street
a semi truck is on a highway with its lights on
a very large truck driving down the highway
a large red semi is driving down the highway
a semi has been loaded with tires and is not ready for anything
a close up of a semi truck driving down the road
a red truck driving down a street past a traffic signal
a semi truck has a semi trailer with several rows of trucks and other trucks behind it
a semi truck hauling lumber down a street
a truck pulling a trailer on some large tires
an orange on top of a gray blanket
multiple bunches of fruits are growing on the branches
there is a green apple sitting on top of oranges
a man is standing near several fruits for sale
the fruit is riped in the sun light
an orange with drops of water on top
a close up of a peeled orange peel on a plate
orange trees on the side of the road with the light reflected off the branches and around them
an orange cut in half by some writing on the back of a note
a pile of oranges with the green under the top
an orange hanging from a plant in the jungle
oranges sitting inside a wire basket together
three oranges and one green fruit are sitting in a white bowl
an orange is sitting on top of the ground
an orange is showing its bright yellow color and fruit
an orange colored with a black background
a field full of oranges growing in a tree
a group of ripe oranges sit together
there are oranges lined up against the glass
an orange and yellow piece of food on a polka dot plate
assorted fruit arranged in a pile near each other
oranges in a bowl with a pot on top
a bowl full of cut oranges with a tray of other slices in the background
four oranges are separated into several sections and laying on top
a fresh orange is on the table ready to be eaten
two pieces of orange that have come together
"an orange has no middles, one of the apples has tiny seeds"
an orange is sitting in the middle of the street
the oranges are stacked up in a pyramid
an orange sliced up next to other pieces of fruit
the fruit is under the tree with drops of rain
two oranges sit atop each other in front of a green leaf
a collection of oranges and apples are in a basket
several flowers and trees near a body of water
a pile of oranges that are in some kind of box
"a pile of oranges on the table, there are six and a half whole"
a plant is growing in the shape of an upside down cone
a bunch of orange slices that are close together
a pumpkin with some spots on it and the middle portion in orange
a colorful fruit display at the market
an orange has been sliced into many circles
a banana and an orange sitting together
the orange is sitting on the table and looking to its right
"a peeled orange, a peeled orange and some pieces of bread"
fruit arranged in a neat circle with a long stem
some yellow and orange fruit on a table
an orange in the middle and on the right is water splashing
an orange that is held by a persons hand
orange slices are arranged inside and out of a photo
three oranges with chains hanging from the top one orange
an orange sits on top of a wooden table
an assortment of fruit that are on display
a picture of an orange on the table
a variety of fruits and vegetables that are in groups
an assortment of oranges laid out on a display
an orange sits on top of a table in a restaurant
oranges lined up on tiles and placed on a wall
closeup of the top of a orange and four lemons
an orange hanging on a tree next to leaves
orange colored pineapple blossom petals on a sunny day
"apples, oranges and bananas sitting on a metal wire basket"
there are many oranges that can be sold at this grocery store
there is a lot of fruit that looks like bananas
several different types of citrus fruits in a white bowl
two apples and one orange sit next to each other
an orange and several others citrus fruit on a table
a closeup of some oranges and one melon
the orange is sliced up so there is no image on it
an orange has been cut in pieces with a green flower
an orange sitting on top of a plate
an orange wedge being cut with pieces missing
"an orange is cut in half, the fruit ends golden"
several oranges stacked in a pile together
lots of oranges in containers with prices on them
"fruit consisting of orange, apples, and pear"
hands holding an orange that has not been peeled
slices of oranges arranged for a large display
a close up shot of some oranges with shadows
the lemons and oranges are arranged together
oranges with holes in them sitting on a table
an orange is sliced in half with other pieces
oranges stacked on top of each other close to one another
a large round orange on a tree with green leaves
a close up of lots of oranges gathered together
an orange has some shiny markings on it
there is a piece of orange on the table
the fruit is displayed on display in a bowl
a picture of an orange with mouth drawn on it
"oranges, apples, and bananas arranged in a pattern"
this plate has fruit cut up into small pieces
an orange slice laying on top of a plate
two grapefruits on an orange tree and a green plant
three oranges sit next to one another
a pile of oranges that are very big
an orange that is close up with a mouth
oranges and avocado stacked up on top of each other
the fruits are ripe and ready to be picked from the tree
orange looking forward for food being eaten
an over ripe and bright orange is shown in a bowl
an orange with something green sticking out of it
this is a photo of a close up of an orange
the oranges have many slices of orange as well
three small oranges sit under a metal wire device
a closeup of an orange slices showing white markings
some oranges and tomatoes are arranged together
the top half of an orange peel on a white table
an orange slice on a plate with a green stem
close up view of several oranges with one on the left and the other a bright green spot
a bunch of oranges that are under the sign
a group of large oranges sitting next to each other
a close - up view of an orange slice
many different fruit has been grown together
oranges and kiwi are piled high in a grocery store
a pile of oranges with yellow flecks on them
the many large oranges and onions in the market
the tangerine is ready to be peeled
a orange sits on the surface of an orange colored table
this is the top 10 items for christmas orange necklace
two sliced oranges are next to each other
the orange is cut in half and placed on the tree
a orange is next to an emo toy on a white background
closeup photo of an orange that has the core removed
an open fruit stand is full of various fruits
the orange is on top of the table ready to be picked
"four different types of fruit, including apples and oranges, are arranged next to each other on a table"
some different foods are on a wooden table
some oranges sitting around a bunch of smaller ones
four different images of orange slices with one of them sliced
blood oranges and grapefruit arranged in a close up shot
an image of a slice of orange that's being cut in half
there are oranges sliced in pieces and lay on the ground
a bowl filled with lots of ripe oranges
a close up of an orange orange
oranges and pears arranged in a circle on top of a table
an orange cut in half on top of a table
the fruit is growing with oranges stuck to the tree
men pouring water in glasses on a glass counter
there is a large pile of oranges on display
the bananas are piled by oranges on the table
an extreme close up shot of some very well sliced oranges
an orange is cut in half on a white plate with two forks
two strawberries are cut in half on the counter
five oranges and two yellow bananas laid out next to each other
a close up photo of an orange cut in half
close - up of half - orange slices with water drops
a bunch of oranges in a big bowl
a wicker basket with several different fruits and vegetables
an orange sliced in half sitting on top of each other
a wicker basket holds various fruits and vegetables
the side of an orange that is half a slice
there is an orange that is lying down on the ground
a large amount of oranges sitting next to each other
oranges are still hanging from the top branches in a yard
a pile of oranges with holes in their eyes
"an orange hanging from a tree, with leaves"
a person holding two oranges while looking through their eyes
very colorful oranges that are hanging by themselves
there are oranges on the top of the tree
a partially peeled orange sitting in a dish
two plates holding fruit that are on a wooden table
there are many oranges in the bowl together
three ripe oranges hanging off the leaves of a tree
there is a large bunch of oranges and a few pieces
an orange slice is being served and displayed
an orange has been cut into two on its side by a spoon
a yellow bowl of oranges and a lemon on a table
two people selecting oranges in an outdoor market
an orange with a sticker and on top of it is sitting on a table
a closeup of a peeled orange being washed
a round orange has some green leaves on it
some very nice oranges in a group
orange and a whole fruit laying on the orange table
an apple and an orange on top of a white surface
a huge orange display in front of a display
"an orange that has not yet eaten, still on display"
an orange in display with some q q mark next to it
three oranges in a cage on the table
a cut orange sitting next to another sliced up one
an orange that is sitting in the dark
a close up of an orange looking like it has two black dots
two fruits sitting side by side on a table
a pile of oranges with drops on them
an orange with a slice of it sitting next to some other items
oranges sitting on a table with one sliced in half
a pile of oranges and grapefruits arranged in a pyramid
a plate full of assorted fruit sitting on top of a table
this is very small tree with lots of leaves on it
an orange slice sitting in a water filled vase
a number of orange slices on display
slices of an orange cut into quarters on a plate
large group of oranges hanging from a bush in a tree
an orange is on a blue striped table
two lemon halves are placed close to each other
this is a close up view of oranges
close up shot of an orange in half with other oranges
a peeled orange on a gray and tan table
a mesh bag filled with oranges on top of a table
"a basket filled with bananas, oranges and apples"
an array of fruits and vegetables with hanging goods
three oranges held in a hand and they are uncarped
a round of oranges and an avocado sit together
a group of fruit is sitting on a green branch
an image of a bowl of fruit with bananas
an orange pumpkin sitting among several piles of pumpkins
the fruit is sitting out on the cutting board
some oranges hanging from the leaves of several plants
an orange with a green stem that is round
orange halves are netted on their sides and are in an area that looks like they have been used for making something
fresh oranges lined up in crates together
a hand with a glove and holding a orange
oranges are sitting side by side on display for sale
some fresh oranges sitting on a black surface
a white plate with grapefruit cut up on top
an orange is shown sliced in half and placed on top of another piece
a basket of tangerines in the hay
four orange slices are set into the shape of an inverted crown
an orange hanging off of a leafy branch of a plant
one slice of orange sitting next to another orange and the other half still
two men looking at containers with fruit at an outdoor market
a bunch of oranges are piled on top of each other
an orange is sitting on the bush growing next to some green leaves
two orange halves sliced in half sitting on top of a counter
a bowl full of fruit that include grapes and a marijuana leaf
"oranges, pears and yellow potatoes arranged in a bucket"
a closeup shot of an orange in focus
a yellow and orange carved into a decorative dish
a big bowl filled with lots of fruit and champagne
the orange is sliced into small pieces
closeup of cut half of an orange
the fruit is unripe on this tree
group of oranges sitting on top of a bowl
a mango fruit hanging from a tree
an orange with a stem in the middle of it
cut grapefruit in half on white background
a pile of oranges sitting in front of a store advertising fifty cents
a hand holding a small orange slice on top of another piece of citrus
a number of oranges are in a display case
the woman is watching over the display of fruits
woman holding orange while smiling for picture
three oranges are arranged on a table with slices
there are two oranges that have fruit on it
a close up view of some oranges and bananas
oranges are arranged in a small metal fruit bowl
the inside of a fresh orange that is well peeled
"fruit are displayed in an oval plate, one green and one orange"
close up view of oranges juicy slices on the surface
a large orange reflecting the view of the water
several ripe fruit grows on the tree outside
two orange halves next to each other on the same surface
oranges are arranged in three different pictures next to each other
oranges and other fruit arranged on top of a table
two limes and oranges are sitting close together
the peeling on an orange that needs to be eaten
some little oranges on trees that are ready to fruit
there is a green dot on the top of an orange
"two slices of orange and one orange peel, with peels from bananas"
a slice of orange sitting on top of a table
a close up of a fruit sliced with lemon slices
closeup image of an orange sitting upright
the fruit has oranges in them in a wicker
three oranges sitting next to one another
slices of oranges arranged on a table
a close up of an orange in front of oranges
orange slices with bright orange color with little imperfects
three oranges and one green apple in the same position
an orange with a string by a bunch of apples
some very green fruit on the tree hanging
half - eaten orange in focus with dark background
apples oranges and an apple stiller on top
some oranges hanging from trees in pots
a close up of an orange shaped like a cat
close up of orange that is not just ripe
an orange tree has oranges growing on it
a woman holding a huge orange in her hands
a orange is depicted with water droplets covering the top
stack of pancakes sitting on top of an ironing board
a ripe yellow and green plant with water drops on it
this artwork is perfect in color because it contains many lemons and lemonade
some apples an oranges and on a plate
a close up view of an orange fruit
the number ten with the word hundred is sitting atop oranges in a store
two blood orange halves are shown with purple flowers
orange slices and peels sit in a white plate
"apples, oranges, and limes are sitting on a counter"
the fruit is sitting in a basket by the fruit
a knife sitting on top of an apple near many fruits
green leaves surrounding four oranges in the dark
several groups of lemons and oranges on display
an orange with a pattern of orange segments
there are some very oranges and clementines sitting in a brown wicker bag
plate full of a sandwich on top of lettuce and fruit
a cat looking surprised next to a bowl of oranges
small oranges hanging from a tree filled with green leaves
tomatoes and other fruits on display next to paper signs
close up view of tangerines and other fruit inside of store
two slices of orange with white filling in it
there are oranges and bananas on a basket
an orange in the middle of a street
closeup view of an orange with some lines on it
two orange halves sitting on top of a counter top
a orange and a cotton duster in a small ceramic bowl
a orange cut in half sitting on a white surface
a close up view of two oranges and a lemon
a orange on a white surface and a light shining through it
three oranges one with a slice cut off and the other half is sliced
a close up of an orange and fruit with bananas
a orange is shown next to the ripe one
a close up of a group of oranges with one close up of the other
two oranges sitting on top of a wooden table
a couple of oranges sitting next to a pile of grains
an orange sliced up and stacked in half
close - up image of two halves of an orange with a black stem
cut oranges in half sitting on a table
oranges that have been peeled with a bite out of them
an orange is sitting in front of some blue blankets
fruit sitting in rows lined on top of each other
several orange slices sit on a table
large bunch of oranges sitting in a box together
the round orange has stripes on it's outer part
two people standing around a large amount of fruit
the top of several photographs are filled with colorful items
an image of a bunch of oranges at a fruit stand
different types of fruit including bananas and oranges
wicker basket filled with oranges and other fruits
some very pretty fruit on the counter with some orange slices
a close shot of a closeup of sliced oranges
fruit stall with bananas and oranges on display
"an assortment of fruits, vegetables and meat are arranged"
this is a picture of fruit on a plate
an assortment of fresh fruits arranged to be display
a group of crates with assorted fruit inside it
an orange with a green vine on it
the fruit is oranges displayed and stacked up
"red plate full of colorful fruit that includes apples, oranges and lemons"
an orange peel that has been split in half on a table
a large cut of orange with some water on it
"a banana, a banana and some other fruits are arranged"
several oranges on the plant in an orange tree
a display case filled with different types of fruits
a large group of oranges are piled together
a plate with lettuce and other vegetables covered in dressing next to some apples
citrus fruit with oranges and lemons in the top
two oranges with one cut in half
close up shot of orange slices on a white table
group of fruit displayed at indoor gathering in outdoor setting
a photo taken while looking into the inside of an orange
a closeup of a cut grapefruit and orange
three oranges displayed in front of large scale ruler
some very close up of oranges in a cardboard box
a man holding a drink in front of shelves full of oranges
oranges and lemons piled up on top of each other
the bowl of oranges are piled on top of each other
a close - up shot of an apple and orange on a table
"oranges, apples, and other vegetables sit ready in a fruit stand"
fruits and vegetables are stacked in baskets at the market
an orange slice showing the top side and side of the peel
a basket of oranges with white background
a closeup of an orange on a brown surface
the fresh orange is next to a couple of containers of ice cream
the surface of a sliced up orange fruit
a close up shot of a sliced orange
a large butterfly with brown and black wings on top of an orange
an orange with two halves cut in half
three glasses and a large orange in one
a half an orange with the top partially on
orange slices displayed together with an orange peeled in pieces
three sliced oranges sit together on a white table
fruits arranged on top of each other in a circular
there is a bunch of oranges growing on this fence
many pieces of fruit and peeled oranges laying on a reflective surface
the orange is cut open and ready for sale
a knife is laying next to oranges and grapes on a cutting board
an orange wedge is placed on a plate
an orange is placed on a table
a close up shot of an orange and pieces of fruit
this orange has many things to do with it
close up of an orange and grapefruit slices on a table
an orange slice cut in half with the rest of the oranges sitting in close proximity to each other
a whole orange that is sitting on a white surface
oranges on display in large glass dish under a window
a large pile of oranges of different sizes and colors
a close up view of several oranges
a bunch of oranges and some sticks on the ground
a bunch of oranges that are on a table
a couple oranges sitting next to one another
a pile of oranges in a bag for use
an orange slice in the middle of its body
there are two oranges on top of one another
an orange on a wooden table in the dark
an orange placed in front of it's other side
an orange is being cut into smaller ones
rows of oranges with leaves on them in a market
sliced oranges sitting next to each other
there is an orange that has been cut in half
a close up picture of the green and white part of an orange
an orange sliced into three pieces in various stages of decay
the black bug is sitting on an orange slice
an orange slice has been sliced and put on the plate
a blood orange cocktail on the table with citrus fruit
the two halves of the orange sit next to each other
"a platter with fruit, nuts and almonds, on white background"
"four oranges with the tops half showing, two displaying the same size"
the bright orange is reflecting its image in the light
the large yellow orange is sitting under the green foliage
knife sticking out of an unpeeled orange
an assortment of fruit on plates sitting on a table
various fruits that are sliced and stacked together
an orange with a green point in it
a person holding an orange in his left hand
an orange with no yellow mark sitting on a table
there are many fruits piled on top of each other
an orange on a counter next to two eggs and another orange
sliced orange cut in half next to some oranges
several pieces of fresh orange placed in close up
orange peels being sliced on a counter top
a giant orange sitting on top of wooden blocks
fruit like an alligator and orange on top of each other
closeup of orange slices piled on top of each other
a selection of exotic fruits sits together for a photograph
several slices of orange are being displayed in this close - up photograph
"cut up banana, watermelon, and oranges on a plate"
butterflies perched on orange slices are sitting next to green plants
a peeled orange with its peel broken
an orange cut in half with droplets on the top
a peeled orange on top of white plate
an orange with a leaf on the top
a close up of blood oranges cut into wedges
a close up of several oranges on display next to each other
a persiced orange has been eaten by someone
the orange has been removed from its peels
a orange with red and pink coloring and other fruit
three oranges being used to divide between silver poles
a pile of oranges sitting inside of a crate
two oranges hang off a tree leaf
two oranges dangling from long hooks of metal
a display of oranges with tassels attached to them
an orange hanging on a branch next to green leaves
a group of green fruit sitting in a tree
a peeled orange next to an empty bottle
an orange on a yellow cake sitting atop a chocolate log
a orange is sitting on the edge of the water
"an orange, apples and green lemons sit in the basket"
a book about fruit juice with an orange in the middle
bunch of fresh tangerines sitting on a tree
"an array of cut lemons, lime and oranges"
an orange is in front of a red straw
a sliced up orange on a plate by itself
a large number of citrus fruits displayed at a market
an orange cut in half on top of a plate
large piles of oranges are displayed in the sun
a close up of the inside of an orange
bowl filled with an assortment of oranges sliced in half
a close up shot of oranges and mangos on display
female holding an orange in hand in the sun
an orange and a banana sit together for consumption
a big display of oranges and apples with lemons
a picture of an orange being displayed in a tree
an orange is piled up to a large pile
an apple sits on a wire mesh surface
an orange slice is cut in half to make a triangle effect
fruits are arranged in a wicker basket
cut up orange peels in a bowl
some fruit are grouped together with one being red and yellow
a basket full of fresh fruit sits on the floor
a group of oranges stacked up together
three different fruits that look like characters
a pair of branches in the midst of oranges
a large pile of oranges sitting in a pile
a child holding a banana peel in his hand
this is a plate full of oranges on it's edge
an assortment of orange slices sitting in rows
pills next to a bottle on white table
an orange tree full of oranges in a city
yellow half of an orange with tiny white highlights
"slices of grapefruit, and another orange are arranged around"
a man standing next to a truck filled with yellow lemons
a plate with slices of orange and dates
boxes of mandarin oranges have funny faces and words
an orange is shown with the bottom piece sticker visible
an orange sliced in half is displayed on the plate
two citruserines sit in a glass bowl
an orange sitting in a glass dish next to another orange
"bunches of bananas, apples and oranges sit in a metal basket"
an orange sits on top of another orange on top of a table
oranges hanging from trees are just starting to turn red
a couple of racks in a room that has fruits on them
a plastic bag with oranges inside of it
display of assorted fruits and vegetables including apples
there is an orange beside a banana
four tangerines are in a white bowl next to a knife
some oranges have been cut into halves
a bird is sitting on top of a banana
several oranges hang from the branch of a tree
a number of mangoes are hanging from a tree
"oranges, lemons, and other citrus fruit in white dishes"
a pile of oranges and apples with oranges around
"a three dimensional figure made of apples, oranges and pears"
an orange is cut open on a white plate
this is a close up of a sliced lemon
a close up of oranges and lemons sitting in a pile
a very colorful platter of fruit for consumption
a number of oranges stacked up in a pile
there is an orange that has been bitten
"a wide platter with sliced fruit, bananas, apple and kiwi"
an abundance of oranges are on display in a market
an orange has been eaten from this group
an orange is sitting in some ice water
an orange sitting in a bowl on a blue and white surface
colorful leathers in different colors are shown
an orange tree in a courtyard near an university
a cluster of oranges hang from a tree
a very bright orange next to row of pew chairs
a woman is picking up an orange with both her hand
three small children wearing oranges and sitting together
close up of ripe oranges and tangerines with one laying on its
"a boy with red hair, wearing a white shirt, biting into an orange object"
an orange that is slightly ripe is shown in a top down view
the hanging oranges have begun to grow on the tree
a bunch of fruit sitting on shelves in a store
"an apple with yellow marking, and another orange"
a group of oranges on a branch in a tree
"various fruit on a tray including apples, melon slices, strawberries, and cantalylops"
a closeup of two oranges that are hanging from a tree
an assortment of fruits and vegetables with a banana that is laying on top
a citrus fruit with red juice from the inside
a white plate filled with oranges and slices
the top of an orange has lots of orange halves
a pair of coconuts are next to an orange
a woman holds out her hand to pick fruit
this is a very colorful photo with different objects all over it
the fruit is hanging from the tree outside
a picture of an orange that has a metal thing in it
four blood orange slices and one whole blood orange
a pile of oranges with no one sitting behind them
slices of fresh tangerine are sitting on a table
several people at an outdoor fruit stand selling oranges and apples
orange slices with needles laying on a plate
an orange cut open to eat it
a large group of oranges stacked up on a table
there is a group of oranges stacked in a bowl
three slices of an orange sitting on top of a cutting board
many baskets and bins of oranges are arranged on the rack of a grocery store
a tree filled with large lemons and green leaves
"two grapefruit halves, one half with an orange cut in half"
two oranges still attached to leaves on a table
oranges are on display in a blue bowl
an orange tree with several oranges hanging on it
there are several oranges close together
several orange halves sliced and ready to be used
oranges and bananas sit in a metal bowl
a small amount of fruit hangs from the branches of trees in a garden
the small green squares on this yellow slice are clearly visible
there is one single bite missing from the orange
this is an image of sliced oranges on the table
many different fruits are piled on top of each other
a bunch of oranges are piled up in a bunch
this is oranges sitting on the white tablecloth
dragon fruit for sale at a street market
the person holding three oranges in their hand
a large pile of oranges in the middle of a table
an orange cut in half being held out
a big yellow truck and the back of it is full
"an orange on a tree branch, with light from outside"
a close up picture of a lemon wedge
an orange being cut up in half with clipping
bunches of oranges and apples are piled on top of each other
a big orange is on the table in the sunlight
an orange with a ring on the side of it
the oranges are ready to be picked in the market
oranges and lemons are piled in a pile
there is an orange in the dish with some fruit
a group of ripe oranges that are hanging off the trees
three segments of orange on top of each other
the white plate is filled with fruit that looks like a face
someone holding an orange over their hand with only one piece
a tangerine sitting on top of a square block
a close up of some oranges in a net
oranges and an orange on a table
"an orange with a pattern on the center, sitting on a table"
a closeup shot of an orange with peeling marks on it
there are some oranges stacked up together
"oranges, apples and other assorted fruit on a table"
oranges mesh wrapped in orange netting and two people on one side with feet in black and blue
there is a basket full of oranges with the top one still in it
an image of an orange with water droplets on it
two balls and an orange with one half eaten
someone is cutting an orange with a utensil
this is a close up picture of an orange
closeup view of many oranges and green plants
a couple of ripe oranges sit next to each other
a bowl filled with oranges and bananas on a table
some very pretty oranges stacked up on a table
a ripe tangerine with two green eyes
an orange and a cut in half on a table
a close up of an orange on top of a wooden table
a close up of oranges at an orange stand
a long display of oranges and other fruit in cases
the three lemons next to the group are all ripe
a plate with an orange and citrus fruits
some people standing and oranges with prices on the wall
the fruit are all different colors and sizes
an orange colored crate full of the oranges
a single orange sliced in half sitting on top of a piece of glass
two orange slices cut in half on a white surface
a glass full of orange juice and some oranges
two oranges are displayed on a table
a bowl with some fruit and limes inside it
an orange in a bowl with a star shaped decoration
a large apple sitting next to a single orange
a young woman standing behind some fruit in glass containers
an orange that has the eyes and nose and mouth drawn on
the bananas and oranges are stacked on top of each other
"orange slice held in palm, closeup"
an orange has not been peeled yet and it's cut in half
some lemons are sliced in half on a plate
oranges on a plate with leaves on top
someone holding the section of a partially peeled orange
one half cut orange next to another
an orange with it's cut open sitting on a table
the big orange is cut in half
the pile of oranges are stacked up
food on a plate with fruit slices and fruit on the side
a still life painting features an orange with a peel and a silver can
a yellow orange is submerged in blue water
two oranges cut up on a wooden cutting board
two oranges with one of the first grape and the second as a flower
a close - up of a bulb containing light from the top
a close up of an orange sliced in half
four oranges stacked on top of each other
a bunch of oranges stacked on top of each other
a group of fruit with different colors and shapes
a large orange placed next to the other oranges
two anthers sitting on a half of an orange slice
part of an orange showing the middle side and the outer end
four orange slices are sitting on top of a cutting board
"closeup view of several fruit including an orange, apples and bananas"
a close up of oranges that have been peeled to eat
several oranges arranged on top of one another
an assortment of oranges cut and arranged on a platter
orange wedge sliced up in half showing all the different fruits on it
an orange cut in half with the bite missing sitting in front of red apples
closeup shot of a lime with all the oranges in it
an orange with a cut in half on the surface
an orange is sitting on top of a white shelf
close up view of an apple and orange with leaves on top
bunch of oranges piled on top of each other on a blue and white plate
some oranges are laying in a bowl of water
large oranges hanging from plants in a garden
orange slices have been cut into and placed
an orange piled in a pile with an embroved pattern on it
a sliced orange sitting next to an apple
"multiple citrus fruit, some of them oranges and one grapefruit, set on a blue glass plate"
the orange on the table has a piece cut open
a large orange sitting next to an open laptop
a bunch of oranges on a plate and bananas in the background
the fruits are arranged in a display box
peeled oranges and some of the insides piled on one another
four pieces of oranges with holes cut off on them
a praying plant is sitting on top of an orange
an orange being sold from a market at a shop
"close up of two ripe, orange's next to each other"
an orange sliced up into flower shaped objects
this is a cut orange on a plate
a bunch of lemons on display behind the glass
"many oranges, some stacked, the fruit are on display"
closeup of an orange with a green background
a single piece of an orange being reflected in a bowl
a plate that has fruit slices on it
a branch that is full of oranges with leaves and a blue sky in the background
a large orange stacked on top of each other
a closeup view of an orange with the green object on top
a sliced orange sitting on top of a cloth
an orange with the words'food security'on it sitting in front of an oven
an orange is on the table and ready to be sliced
several oranges growing in a bush in the garden
many oranges with white spots on them
an orange sliced open to show the center
close up of a yellow and orange thing
slices of oranges set out to resemble three different things
a fresh looking orange sitting on top of a table
a large bowl is filled with oranges that are stacked high
"the inside of a orange is seen as it shows an open, orange slice"
five oranges in the grass on a field
a carton full of oranges sitting on display
a big orange and a little white plate
there are oranges that are very ripe in color
plate of clementines arranged on a table
a big orange sits next to some green leaves
an image of a very close up photo of the top of an orange
the orange shows some water droplets on it's surface
a group of oranges that are sitting in the grass
an orange is seen being sliced into slices
an orange is hanging from a tree covered in water
a produce and vegetable section in a grocery store
the edges of an orange orange with white highlights
fruit hanging on tree in outdoor place
oranges sitting side - by - side on a table
an orange that is laying on top of some oranges
a pile of oranges stacked on top of each other
some very large orange objects are resting on the counter
the orange is lying by an empty balloon on the white surface
some oranges are stacked next to each other
an orange split in half on a brown background
closeup shot of an orange in a pile
various types of fruit are in a bowl
the grapefruit or tangerine was cut up and is still
this is oranges in a bin in a white kitchen
some cut oranges and toast are on the plate
a packaged package of oranges with orange seed in front
a closeup view of a orange cut in half
a pile of oranges and other fruit is piled on each other
an orange sliced in half next to a glass
"there are many oranges on the table, all lined up"
"the person holds up a lemon, which is almost ripe"
close up shot of oranges with a blue label
close - up on an orange within some of its orange halves
the top of an orange that has been cut up
a half orange and half an apple with various layers
several citrus fruits are cut in half with green stems
orange is displayed for picture in a photo setting
a close up of an orange showing the inside fruit
a variety of fruit including an orange and other fresh fruit
"an orange cut in half, with other parts visible"
an orange sitting on the counter that is on a white surface
group of oranges with colorful fruit sticker on them
a wooden bowl filled with oranges sitting on top of a table
some oranges and apples are in the bowl on a table
a cluster of oranges stacked on top of each other
a orange is shown with the end cut off
part of a sliced orange with water droplets on it
an orange that is partially close up and yellow
oranges sitting in a pile looking like it has a bite out
many piles of fruits are sitting on display
an orange with a happy face cut in half
a shirtless man holding an orange slice and looking at it
sliced oranges stacked on each other with orange juice
a close up of a very colorful small orange
orange sitting on top of a white bowl filled with fruit
"a close up view of the fruit, a cross and some rocks"
there is a close up view of an orange
a white bowl filled with assorted fruits
a view of oranges growing on the side of a tree
cut orange being displayed in plate on table
two oranges and an apple sitting together
several different oranges in a glass bowl
this is an orange sliced in half
a small orange peel sitting on concrete
the orange has orange seeds and leaves in it
"assorted citrus fruits arranged in rectangles, including an orange and two garlic peppers"
oranges growing on a tree with leaves and green branches
a close shot of some fruits like lemons and apples
fresh produce stand with an assortment of fruits and vegetables
a piece of orange is being cut into with a sharpie
the oranges have just begun to be eaten
several pots sit together with oranges for sale
the orange cake is decorated with many beads
an orange and slug with its head looking through the end
a display of vegetables and dessert items displayed for sale
two oranges with a brown spot on the top
a bowl of oranges in an orange - bowl
a display in a grocery store filled with different fruit
there is a glass bowl with many oranges in it
a slice of orange sits open with its orange filling
various slices of fruit arranged on a platter
"three oranges, a leaf and two green leaves are on a plate"
an orange is sitting still on a table
a slug is on an orange with a fork in it's mouth
the chairs are all facing each other and yellow
several fruit hanging on a tree with leaves
two girls standing next to each other covered in sliced up oranges
a group of oranges next to each other and some q - tag labels
a man showing what an orange is in his hand
an asian woman looks at peaches in the produce stand
an image of oranges stacked on top of each other
two pieces of orange sit next to an orange on top of a dish
a close up shot of the inside of an orange
an extreme closeup of slices of oranges
two white fruit slices are stacked on a surface
a person slicing up an orange on top of a stove
two fruit on tree with leaves and large orange
a little caddy shaped to store oranges with other fruit
orange trees with a building in the background
a couple of oranges sitting next to each other
a large pile of oranges are being displayed
a basket containing many different kinds of fruits
an orange is hanging from a leafy vine
an image of a large produce section at the store
an orange with a slice taken out of it sitting on top of a table
a sliced orange on top of a white table
this is a bowl full of oranges with a green stick in the top of them
an orange that is sitting on a round plate
a huge number of oranges and yellows on display
several grape oranges have been arranged on a tray
some green trees are planted on a white brick sidewalk
a group of various fruit arranged on a table
a bowl filled with oranges and green apples
the view through a split apple in to a yellow apple
a half a blood orange that has been sliced
lots of oranges being used in a fruit and vegetable store
a piece of fruit with different patterns sits on its side
an orange laying on top of a counter with another orange near it
three oranges in a person's hands against an animal - like pattern
a close up view of the outer surface of a fruit
two oranges on top of the table with wood
an arched garden with colorful purple flowers
exotic fruit is arranged in a triangle on a plate
a photo of a group of oranges sliced and whole
a picture of an orange slice being held by someone's hand
a table with fruit like items and a letter shaped sign
an orange sitting up on top of a white surface
the top half of an orange on a tree
an orange slice that has the top end cut in to it
many colored apples arranged in rows by each other
there are different types of fruit displayed here
"oranges, apples and tomatoes on a table"
a person is making orange slices for a snack
a large orange has been sliced in half
close up view of food that includes oranges
the oranges are cut into segments and placed on the cutting board
an orange on a table next to a piece of paper
an orange with smiley faces painted on it
an orange with another slice cut into it
two oranges next to each other against a white background
oranges are piled into a basket inside of a kitchen sink
a brown cardboard box filled with lots of fruit
many orange slices with white seeds have been cut out
there is a bright yellow banana next to an orange
two oranges are hanging from the same tree
the remains of an orange are cut open
"an orange in all the right spots, sliced by the others"
orange slices and slices being cut in half
two oranges in the grass near one another
a bushel of oranges in an indoor area
orange fruit sliced up with the center of each slice
fruit with a yellow top in the middle and four oranges below
two slices of orange are side by side
a small slug crawling around a an orange
there is a cutting board and various cut fruit
a person holding an orange up to their face
a group of oranges with the cover removed
a citrus fruit has been cleaned and used to clean it
"four oranges laying in a group, some have green stems"
oranges hang on branches in the sunshine
closeup of a orange sitting on a table
some girls fingers that are sitting on an orange
many oranges piled together in a pile
a close - up image of an object made by the honeycombs
orange in persons palm with ring in foreground
a whole and a half orange sitting on a table
a sliced up orange is sitting on a plaid surface
"yellow bubbles fill the air, as seen from below"
this is a basket filled with oranges and a wicker bin
an orange sitting on the side of the table with one being cut open
an orange sits on top of a table
an assortment of fruit arranged and showing in the photo
a few fruit with various designs on them
an orange sliced up and sitting on top of a table
an image of oranges piled on top of each other
an orange cut in half on the surface of a swimming pool
these are oranges decorated with funny painted faces
close - up of one half of an orange being held up by a hand
an orange cut in half lying on black
the orange is ready to be cut and eat
an image of an orange in a pile or piles
a table with oranges and two pears sitting on it
an orange and another half of it on a black table
these oranges are in the bowl together
this orange is slices in the shape of a heart
an orange on a table that has the letter g on it
a close up view of oranges on a plate
orange slices are displayed on top of a table
cut and whole oranges on some metal plates
there are three slices of a orange on the table
some fruit sitting in a colorful bowl on a table
close up of orange slices with water droplets
a display case filled with a bunch of oranges
a lemon hangs on the stem of plant life
a whole orange in between some halves and sliced apples
a bunch of oranges piled up together
someone holds out the side portion of an orange
a half eaten orange with icing on the end
there are several orange slices sitting in this photograph
"a plate topped with slices of fruit that include apples, oranges and raspberries"
a person holds an orange in their hand
many pieces of oranges stacked in a pile
an orange sits on a black background with a few tiny white dots
"an orange slices on a white surface, with some oranges underneath it"
a bunch of food that is sitting in front of a table
a close up of a peeled orange on a sidewalk
there is a fresh orange that is on the table
four citrus fruit pieces sitting in a pile
a person holding an orange and the other hand is holding the orange
an orange and an orange sitting on a couch
closeup of oranges with green stems in the background
an orange sliced in to pieces sitting on a counter
sliced orange in half displayed against a blue background
a bunch of fruit that are piled together
six oranges sit together on a wooden table
a grapefruit sitting next to a orange in the grass outside
a little stuffed bear has a tangerine near its ear
close up shot of many lemons on display in display
a large apple stuck in the side of a tall glass
a person holding up an orange for someone to take them to a shop
a piece of orange is sitting on a table
a orange cut in half on a white table cloth
a close - up of oranges on a table
"oranges and tomatoes, sitting on top of the counter"
several different kinds of fruit in a white container
an arrangement of fruit arranged on a stripped cloth
an orange on top of the table with a cartoon character on top
a large orange is on a white surface
a close up of orange zest on top of a table
an orange display at a grocery store with lots of them
rainbow fruits are arranged in order to make them look like an interesting color scheme
an orange that has a white spot on it's body
a few oranges are sitting side by side together
a plate with orange slices cut in half
there are orange slices left out in this close up picture
many oranges and lemons together in a large pile
several pieces of an orange in half
the close up image shows how to use a vegetable tool and slice an orange
various fruits and vegetables piled together and with a yellow and red apple beside the orange
an orange slice with the center cut off
oranges with a label for vulcanj
an orange and two leaves are hanging on a branch
this is a picture of an orange on top of a wooden table
the citrus fruit is in an ornate bowl
a bushel or fruit that looks like a citrus fruit
a grapefruit hanging on the tree outside the cage
a close up photo of a orange substance
close up photo showing orange with small hole inside
an orange cut in half on top of the table
a green bowl filled with oranges on top of a table
half of an orange that is sitting out
an orange between an egg pile and another group of eggs
"there is only one half of orange, and more one full"
some green apples sitting in a bowl next to some oranges
a ripe orange sits next to an apple
oranges sitting next to an almost ripe and burnt orange
some kind of orange fruit on a tree
an orange sitting up against several other oranges
black and white photo of a close up shot of an orange on a branch
this orange is on a kitchen counter in front of glass shelves
one peeled orange and the other whole orange cut in half
four oranges are laying next to an apple
there is a bright orange on the tree
several different types of fruit sitting on a colorful plate
an orange with some blue highlights sitting on a table
an orange is shown in close up on the branch of a tree
a bowl of tangerines and lemons sitting on the table
pair of oranges on tree branch with leaves
half of a blood orange with its fruit peeled
the bright orange is topped with an out - of - print label
oranges arranged together for sale and sitting on the side of a wooden table
a bunch of citrus fruit on a deck
the whole oranges are on display with the sliced ones
a ripe and leafy plant with an orange hanging from it
a close up image of oranges wrapped in netting
some ripe and whole fruit has been placed close together
an assortment of fruits and drinks on display for sale
some oranges sitting on top of each other
oranges are shown in an array at a market
the whole orange next to the whole orange
a close up of an orange sliced in half
a close shot of a yellow orange from side view
a single slice of orange sitting on top of a blue table
a whole orange and cut up with some water droplets on it
a hand with a orange is seen from above
the tree's branches have fruits hanging down
there is an orange and an apple on the table
"the can of soda, an orange and an unidentifiable beverage on the counter"
the hand is holding the orange by the fruits
a fruit stand with five different types of fruit
an orange with a slice cut in half
a bunch of oranges are sitting in a bowl
orange hanging from a tree branch with green leaves
two oranges with one on each side and a few sprouts on the branch
oranges hanging from leaves by the branches of an orange tree
a ripe orange is hanging from a tree
several oranges are lined up in front of each other
a close up view of an orange flower
an orange has been sliced and is being peeled
a closeup view of an orange slice with oil on it
closeup of three whole oranges on a table
"a bright orange on a wooden surface, with one peeled and a half eaten"
an oval plate with five sliced orange slices
the image above is orange from a microscope
an orange with yellow highlights and a large bird
two orange halves side by side on a table
bright oranges and green stems sitting together
a red strawberry sitting on top of an orange
the orange has a green eye looking into the opening
"a plate with apples, an oranges and other fruit on it"
the large orange has been sliced and is shown sitting on a cutting board
close up of oranges are shown in this image
four oranges on white surface and no one in the group
a orange is on a table with a spoon
the group of oranges have large faces
"a bright, single orange on a dark surface"
a pile of fresh lemons in the box
oranges in front of multiple stacked stacks and stalks
two vertical photographs show different fruits and vegetables on the same side
several mangoes hang on a tree behind the metal mesh wire fence
orange peels that have been peeled on top and some orange peel on bottom
an orange sliced in half on top of a blue napkin
bananas and apples sit in a pile on a counter
two oranges and one banana on top of a table
there is a peeled tangerine next to an orange
the pile of citrus fruit is packed with bananas and oranges
a plate of fruit is covered in fruit toppings
"group of large and small citrus fruits, including oranges"
an orange sliced in half laying on its side
a bunch of fruits in tarts on a table
many oranges growing on the branches of trees
the inside of an orange showing the floret
an image of one half of an orange slice
"close up of two orange pieces, one orange sliced in half, both cut into quarters"
five oranges are lined up with little holes in the middle of them
a huge display case topped with lots of fruits
a close up of three halves of a blood orange
an orange with spirals shaped like a snail
three hands are stacked around three oranges
an orange that is sitting on the ground with spots
an orange resting on a wooden table
the orange is being hung upside down on a tree
this is an orange and a whole orange
an orange sits on a decorative plate with circles
an orange with tiny bugs on it's skin and other parts of it
one orange and the other half orange with some small blistered white dots
two oranges and one half cut up on a plate
a pile of red and green apples are on sale
a pile of oranges sitting on top of each other
an orange on a plate with a colorful border
two large oranges on a wooden table in a room
oranges and apples in a pile in an abundance
an orange with brown spots is sitting in front of several other fruits
a clock with an ornate building behind it
a closeup of an orange sliced into two halves
an orange sitting on top of a wooden table
many oranges in a yellow container for sale
there are some apples and oranges sitting on a table
the orange is in front of two bottles of wine
an orange sitting in front of a green leaf
an orange store selling oranges and apples is set up in a pile
a grapefruit cut in half sitting on top of a cutting board
some pieces of cheese and an orange
there is a basket full of oranges on the table
a market filled with lots of oranges and bananas
a glass bowl filled with three oranges
some fruits sitting together on a table
an orange or clementinea bush full of ripe fruit
a whole orange slice is seen in this image
a closeup of a person's fingers holding an orange
there are oranges with cream inside of a glass bowl
an orange has been partially cut open with white background
orange cut in half with drawing in back ground
oranges and grapes and greens on a table
this is a picture of a cutting board with oranges
man standing on train tracks with fruit stacked above head
"a knife, pickle, and half an orange on a cutting board"
an orange sits on top of two bananas
"two orange halves, one yellow and the other orange peel"
this is the top half of a bright yellow fruit
a pile of oranges that have been piled on top of each other
oranges are placed near a wooden basket with an arrow on it
a group of oranges hanging from a bush
a close up of a orange on a counter
the orange is peeled and sitting still
several oranges cut in halves on a blue table cloth
close up image of many oranges in baskets
oranges in a bin at an outside market
a variety of fresh fruit that are in different colors
an orange peel has been cut in half
the orange color is very nice and fresh
there is some fruit sitting together in the tree
a table with different types of small bowls on it
there are two grapefruits on the plate
oranges sitting side by side on a white table
the orange shows several areas where its fruit grows
two oranges are seen with a blurry background
an orange sitting on top of another orange
an orange slice is stacked with a lemon
a close - up shot shows the side and center of an orange
pieces of lemon are arranged on a table
fruit with prices displayed in market display for sale
fruit still life with no color for this image
many oranges are stacked up close together
three oranges sit in an orange bowl
lots of oranges on display in a market
a person's hand holding an orange in their hand
a round orange sitting on the cement next to an old man
an orange with a drawing on it's side
a close up view of the center of a yellow flower
two ripe oranges sit on a wood table
an orange has been fruited on an orange tree
several oranges in a pile in a bin
close up of a half orange with a tiny green bud
an orange slice is sitting on top of blue paper
three oranges sitting side by side one in front of the other
a ripe orange on the ground near concrete
an abstract image of an orange color is seen
closeup of an orange on a tree
orange slices have a spot as one sits in a whole
an orange hangs on the tree inside of a house
an orange sitting on top of a white surface
closeup of a big orange with green leaves surrounding it
an orange with white circles sitting on top of it
fresh oranges have been served in a bowl
oranges in a tree are growing on the tree
a pile of fruit cut into wedges and pieces
a bright cut orange is shown in the image
several oranges stacked in a store shelf
many oranges stacked on top of each other
the branches of some fruit can be seen growing
a close up shot shows the top part of a close up orange
"oranges are stacked in rows, including yellow and the tops are slightly tilted"
a close up of orange juice and other citrus fruits
two orange halves and grapes on a plate
an orange with some water droplets on it
some oranges hanging from a tree outside in the sun
the orange is shaped like a flower with very small details
an image of some lemons hanging on a tree
an orange stacked on top of each other
some ripe oranges and bananas with one other
two oranges sitting on a table with the shadows off them
the inside of an orange with a little green eye
"bananas and oranges, with other fruit on a table"
two lemon limes that have been cut into halves
two halves of a cut up orange are shown
several baskets full of oranges stacked to each other
two oranges and one lemon placed on top of each other
an image of a fresh oranges on display
the top view of oranges has been sliced up
a small orange that looks like it is turned into a bowl
several baskets that have various fruits on them
fresh oranges sliced and arranged on top of each other
the light is reflecting off of an orange surface
"apple, orange and lemon on white background"
"an apple, orange, an nintendo wii controller and other items"
this is an image of a large plate of oranges
"orange fruit, bananas, and blood sauce on a table"
there is a piece of fruit on the tree that was shot
an orange on a tree outside in the leaves
two fruit that are sitting together in a basket
an orange being hung from a branch with leaves surrounding it
the person is holding an apple that has one bite out of it
several slices of orange are in the middle of an object
a bunch of fruit sitting on a table with grapes and oranges
four oranges sit on top of each other
cut oranges are laying next to each other on a table
two slices of orange sitting on each other with one half removed
an orange juice sitting on a table next to a half - cut grapefruit
different fruit has been grouped together and displayed
some very colorful food products are in the display section
two pieces of orange on green dotted table
a couple of oranges sitting next to each other
small pieces of orange and green lime in a bowl
"a pineapple, bananas, kiwis, berries and other fruits"
an orange and a green plant against a brown wall
a close up of an orange with a sky background
four pieces of pumpkin carved to look like jacks - o'lanterns
oranges are hanging off the tree in this sunny area
a woman sits and reads a book while she sits at a table
an orange grows from a tree branch in the foreground
an array of oranges and apples in a store display
an orange that is laying on top of a table
a variety of fruits hanging from a rack
a fruit that has some other items inside of it
"two large, yellow lemons next to green leaves"
several sliced oranges placed on top of each other
oranges arranged in an intricate fashion show with vivid oranges against yellow background
fruits including oranges and apples are stacked on shelves
an outdoor plant with oranges and leaves on it
a large pile of oranges in a fruit stand
sliced orange pieces with water droplets on them
this orange is ripe and has some green leaves
group of oranges for sale in an outdoor market
an assortment of oranges and bananas in a stack
five oranges arranged neatly in a circle on a counter
a bunch of ripe fruits are in a bowl
a piece of fruit is on the white plate
"oranges are stacked up, a great contrast to the background"
fruit grows on branches of tree with oranges hanging from them
an orange with a single green stem on the tip of it
fresh fruit piled on top of each other in a pile
sliced orange fruit still in the container
one orange is hanging from a branch with leaves and in front of green bushes
an orange and one is next to it on a table
there is no image on this page to describe
a sliced orange with some other slices in front
the group of oranges is placed in a group together
an orange is sitting on the floor next to a painting
a pile of apples and oranges and an apple sitting on top of each other
an orange is in a glass plate with some fruit
two pieces of fruit are placed on the same rod
"a group of apples, oranges and pears in a pile"
a pile of cut up orange pieces next to each other
an orange slice is shown with bright highlights
"an abundance of fruit including plums, peaches and pears"
an arrangement of oranges with leaves on them
oranges on display at a produce market are a perfect match
an orange sitting next to a tree with leaves
some oranges are laying on the plate
two oranges cut in half to look like they are ready for eating
a big truck is full of lots of vegetables
oranges on trees are growing on the branch
two oranges side by side sitting on a counter
a large display with lots of oranges and lemons
orange fruit sliced in several images on a table
the fruit is on a bare tree branch and has snow
a plate with cut up oranges and a large pair of scissors
oranges cut open with lots of sauce and orange peel
closeup of an orange on a plant with leaves
"the cut orange is very brightly colored, with orange filling it"
an orange with a smiley face drawn on it
the inside of an orange is yellow and looks like it has green vein
a closeup view of the fruit that is orange
the large oranges are lying down neatly
a large pile of oranges with a measuring tape around them
this orange is still riped on the tree
"various fruits and vegetables line a table, lined out"
a basket full of oranges sitting on a table
close up of orange fruit sliced in half
this is an orange color container sitting full of apples
three slices of orange peel on a plate with shadows
large number of fruits including oranges on display
several sliced orange slices sit in the sun on display
a close up of an orange and three other mandarinos
a large round orange hanging on the tree
a couple of oranges are growing in some trees
the side view of an orange fruit with water droplets
several oranges hanging off the side of a tree
a photo of a bunch of orange slices with some white residues
"two hands holding a knife, cutting an orange"
a pile of oranges sitting on a wire rack in front of a wall
two orange segments on a cutting board
a bunch of oranges are sitting on a white plate
close up of several oranges piled up in a pile
a fruit sliced in half and sitting on a table
oranges being loaded into a wagon made from paper
the orange is sitting there with two other pieces
the large orange has only one piece left
multiple rows of oranges on display in a display case
an orange on a white background with copy - space to insert it in the top
an orange on an outdoor table with clothesline behind it
an orange and several green apples in the background
two orange halves sitting in the palm of their hands
an orange is cut in half in front of another orange
a pair of tangerine slices on top of a white plate
three oranges sitting on a table one close to the camera
a single orange sitting with one another and an apple
an orange has been sliced in half on a plate
many oranges that are close together and stacked in rows
orange is shown with a small portion of the structure
"two oranges, orange and an apple on a table"
an orange that is half peeled on the sidewalk
an orange sitting next to some other oranges
a girl sitting down on a ledge and some lemons
a huge pile of oranges sitting in a storage unit
sliced oranges arranged neatly in a row on a table
there are six oranges in the bowl with two bananas on top
close up view of oranges slices of some sort
close up photo of an orange slice in person's hand
a display full of oranges with green leaves on them
two oranges and one orange on a rainbow colored plate
the orange has a white edge and slices
a hand holds a round orange in front of a city skyline
a yellow piece of fruit sitting on top of a wooden table
there is a ripe orange sitting on the table
an orange that is sitting on a plate
an arrangement of citrus fruits such as oranges and lemons
fruit hanging on a tree with green leaves
some very pretty oranges with some waterdrops on them
an orange in front of two other items in a room
this colorful cake has oranges and raisins and olives
there is no image here to provide a caption for
several oranges on a tree with leaves and green
"two oranges, lemon and an apple in a pile"
an orange is sitting on an empty table
a hand holds the edge of an orange in the middle
a person holding three oranges in their hands
a close up view of some orange halves
an aerial view of bright green plant life
some yellow oranges on a white table
an orange half gone while placed on a man's head
"a large bowl of assorted fruits such as apples, lemons and green apples"
a number of oranges are sitting near one another
cut up orange with a leaf in front of them
a few ripe oranges with their reflection on water surface
a woman is blowing her nose with an orange object in the background
the large orange is inside an orange holder
an orange cut in slices into eight pieces
several pieces of orange and several whole mandarins on a white surface
a close up view of an orange
a penny lying next to an orange and it's shadow
slices of oranges are on a table
an orange and an empty white line is sitting on the road
an orange tree filled with ripe oranges and green leaves
there is a flower inside of a wire fence
an orange is sitting in some trees
